thoi_diem,t_unix,nhan,p_tong_w,nhiet_do_c,xung_mhz,quat_rpm,cpu_pct,throttled,p_0v8_aon_w,p_0v8_sw_w,p_1v1_sys_w,p_1v8_sys_w,p_3v3_adc_w,p_3v3_dac_w,p_3v3_sys_w,p_3v7_wl_sw_w,p_ddr_vdd2_w,p_ddr_vddq_w,p_hdmi_w,p_vdd_core_w
2026-09-13T13:41:21.601,1789281681.602,,1.5825,54.5,1500,3806,0.0,0x80000,0.00312,0.22007,0.20485,0.31097,0.00242,0.00181,0.18024,0.18081,0.03442,0.00000,0.06932,0.37452
2026-09-13T13:41:22.628,1789281682.629,,1.5914,55.1,1500,3808,0.0,0x80000,0.00297,0.21861,0.20552,0.30861,0.00282,0.00222,0.19938,0.16301,0.03027,0.00000,0.07000,0.38803
2026-09-13T13:41:23.654,1789281683.655,,1.5580,55.6,1500,3805,0.5,0x80000,0.00288,0.21803,0.20660,0.30587,0.00282,0.00222,0.16419,0.16232,0.03885,0.00059,0.07244,0.38120
2026-09-13T13:41:24.681,1789281684.681,,1.5622,55.1,1500,3804,0.0,0x80000,0.00312,0.29655,0.20660,0.30073,0.00242,0.00242,0.17366,0.06486,0.06665,0.00000,0.07057,0.37465
2026-09-13T13:41:25.707,1789281685.708,,1.3771,54.5,1500,3801,0.0,0x80000,0.00312,0.21636,0.20330,0.30852,0.00322,0.00222,0.15740,0.00362,0.03666,0.00000,0.06804,0.37465
2026-09-13T13:41:26.734,1789281686.734,,1.3861,56.2,1500,3797,0.0,0x80000,0.00312,0.21705,0.20357,0.30440,0.00282,0.00242,0.16129,0.00000,0.04130,0.00000,0.06875,0.38134
2026-09-13T13:41:27.760,1789281687.761,,1.3973,55.6,1500,3801,0.0,0x80000,0.00297,0.21695,0.20518,0.31207,0.00322,0.00222,0.16382,0.00000,0.03872,0.00000,0.06989,0.38230
2026-09-13T13:41:28.786,1789281688.787,,1.3939,55.6,1500,3807,0.0,0x80000,0.00297,0.21489,0.20249,0.31638,0.00282,0.00222,0.15771,0.00362,0.03988,0.00000,0.06989,0.38107
2026-09-13T13:41:29.813,1789281689.813,,1.3885,54.0,1500,3803,0.2,0x80000,0.00297,0.21734,0.20444,0.30247,0.00282,0.00222,0.15780,0.01082,0.03570,0.00000,0.07061,0.38134
2026-09-13T13:41:30.839,1789281690.840,,1.4092,55.1,1500,3805,0.0,0x80000,0.00307,0.22241,0.20660,0.30440,0.00322,0.00222,0.17697,0.00000,0.03645,0.00000,0.07239,0.38148
2026-09-13T13:41:31.866,1789281691.866,,1.9757,55.6,1500,3808,0.2,0x80000,0.00317,0.21558,0.20639,0.30494,0.00241,0.00242,0.18330,0.17693,0.02919,0.00000,0.06914,0.78219
2026-09-13T13:41:32.896,1789281692.896,,1.9465,55.1,1500,3807,0.0,0x80000,0.00307,0.21773,0.21650,0.30813,0.00282,0.00222,0.22903,0.17719,0.03567,0.00000,0.06965,0.68449
2026-09-13T13:41:33.922,1789281693.923,,1.8826,55.6,1500,3804,0.2,0x80000,0.00312,0.21901,0.20625,0.36240,0.00242,0.00222,0.28565,0.00000,0.03844,0.00089,0.06898,0.69328
2026-09-13T13:41:34.952,1789281694.953,,1.4045,55.1,1500,3803,0.2,0x80000,0.00297,0.21314,0.20625,0.30670,0.00282,0.00242,0.17687,0.00722,0.03655,0.00000,0.06807,0.38148
2026-09-13T13:41:35.978,1789281695.979,,1.6553,56.2,1500,3801,0.0,0x80000,0.00287,0.29655,0.22237,0.30571,0.00282,0.00222,0.16433,0.17314,0.03567,0.00059,0.06798,0.38107
2026-09-13T13:41:37.005,1789281697.005,,1.6661,54.5,1500,3805,0.0,0x80000,0.00297,0.21470,0.20889,0.31375,0.00241,0.00242,0.26049,0.17358,0.03880,0.00000,0.06674,0.38134
2026-09-13T13:41:38.031,1789281698.032,,1.4003,55.1,1500,3810,0.0,0x80000,0.00302,0.21226,0.21700,0.30247,0.00282,0.00222,0.15758,0.00000,0.05297,0.00000,0.06868,0.38134
2026-09-13T13:41:39.058,1789281699.058,,1.3945,55.1,1500,3817,0.0,0x80000,0.00297,0.21460,0.20411,0.30247,0.00282,0.00201,0.17737,0.00000,0.03772,0.00000,0.06868,0.38175
2026-09-13T13:41:40.084,1789281700.085,,1.5757,55.1,1500,3814,0.2,0x80000,0.00312,0.21461,0.21757,0.30971,0.00181,0.00222,0.25727,0.00000,0.03765,0.00000,0.06927,0.46245
2026-09-13T13:41:41.110,1789281701.111,,1.3837,55.1,1500,3807,0.2,0x80000,0.00297,0.22044,0.20552,0.30594,0.00282,0.00222,0.16061,0.00000,0.03649,0.00000,0.07248,0.37425
2026-09-13T13:41:42.137,1789281702.137,,1.4103,54.0,1500,3814,0.0,0x80000,0.00312,0.22272,0.20458,0.30861,0.00262,0.00242,0.16392,0.00361,0.04407,0.00030,0.07301,0.38134
2026-09-13T13:41:43.163,1789281703.164,,1.3921,55.1,1500,3810,0.0,0x80000,0.00312,0.21705,0.20552,0.30971,0.00362,0.00222,0.16079,0.00362,0.03567,0.00000,0.06934,0.38148
2026-09-13T13:41:44.191,1789281704.191,,1.4007,54.5,1500,3808,0.5,0x80000,0.00302,0.21627,0.20552,0.30594,0.00282,0.00222,0.18044,0.00000,0.03032,0.00000,0.07242,0.38175
2026-09-13T13:41:45.217,1789281705.217,,1.4035,55.6,1500,3803,0.0,0x80000,0.00312,0.21939,0.20625,0.30971,0.00282,0.00242,0.17356,0.00000,0.04085,0.00000,0.07118,0.37425
2026-09-13T13:41:46.244,1789281706.245,,1.5635,54.5,1500,3804,0.0,0x80000,0.00311,0.21607,0.20552,0.29899,0.00282,0.00201,0.17687,0.17358,0.04000,0.00000,0.06985,0.37465
2026-09-13T13:41:47.272,1789281707.272,,1.7491,54.5,1500,3800,0.0,0x80000,0.00312,0.21636,0.33324,0.30421,0.00241,0.00242,0.20558,0.18081,0.03444,0.00000,0.07225,0.39430
2026-09-13T13:41:48.299,1789281708.299,,1.5520,54.0,1500,3808,1.5,0x80000,0.00297,0.21363,0.20673,0.30287,0.00282,0.00222,0.17078,0.18072,0.02919,0.00000,0.07235,0.36770
2026-09-13T13:41:49.326,1789281709.327,,1.5655,54.5,1500,3807,0.0,0x80000,0.00312,0.21646,0.20424,0.30571,0.00241,0.00242,0.16401,0.18122,0.03654,0.00000,0.06802,0.38134
2026-09-13T13:41:50.353,1789281710.353,,1.4023,54.0,1500,3807,0.5,0x80000,0.00302,0.21793,0.21628,0.30878,0.00322,0.00222,0.16479,0.00361,0.03655,0.00000,0.07114,0.37478
2026-09-13T13:41:51.379,1789281711.380,,1.3995,54.5,1500,3810,0.0,0x80000,0.00312,0.22095,0.20680,0.30247,0.00282,0.00222,0.17126,0.00362,0.04404,0.00000,0.06800,0.37425
2026-09-13T13:41:52.407,1789281712.407,,1.5752,56.2,1500,3806,0.0,0x80000,0.00331,0.21801,0.20660,0.30073,0.00241,0.00242,0.15833,0.18456,0.05081,0.00000,0.06670,0.38134
2026-09-13T13:41:53.434,1789281713.434,,1.6178,54.5,1500,3805,0.0,0x80000,0.00312,0.21841,0.20632,0.31105,0.00282,0.00222,0.20000,0.18456,0.03567,0.00000,0.07288,0.38079
2026-09-13T13:41:54.460,1789281714.461,,1.3966,54.5,1500,3805,0.0,0x80000,0.00297,0.21499,0.21435,0.30180,0.00322,0.00222,0.16479,0.01087,0.02801,0.00000,0.07053,0.38284
2026-09-13T13:41:55.487,1789281715.487,,1.4188,54.0,1500,3807,0.0,0x80000,0.00297,0.21705,0.20660,0.30320,0.00282,0.00242,0.18330,0.01087,0.03902,0.00000,0.06927,0.38134
2026-09-13T13:41:56.514,1789281716.515,,1.4349,54.5,1500,3804,0.0,0x80000,0.00312,0.21499,0.23219,0.30594,0.00282,0.00242,0.19633,0.00000,0.02378,0.00000,0.07220,0.38107
2026-09-13T13:41:57.541,1789281717.542,,1.4248,55.1,1500,3804,0.0,0x80000,0.00317,0.21813,0.20625,0.30047,0.00241,0.00322,0.20680,0.00362,0.03135,0.00000,0.06805,0.38134
2026-09-13T13:41:58.568,1789281718.568,,1.4058,55.1,1500,3803,0.0,0x80000,0.00297,0.21793,0.20411,0.30852,0.00322,0.00222,0.17039,0.01808,0.03468,0.00000,0.06927,0.37438
2026-09-13T13:41:59.595,1789281719.595,,1.5665,54.0,1500,3802,0.5,0x80000,0.00297,0.21549,0.20465,0.30594,0.00282,0.00222,0.16452,0.17679,0.04300,0.00000,0.06681,0.38134
2026-09-13T13:42:00.622,1789281720.623,,1.5536,55.1,1500,3800,0.0,0x80000,0.00312,0.21695,0.20767,0.30971,0.00362,0.00242,0.16387,0.15871,0.03762,0.00000,0.06861,0.38134
2026-09-13T13:42:01.649,1789281721.649,,1.5556,55.1,1500,3803,0.0,0x80000,0.00312,0.21226,0.20444,0.35809,0.00241,0.00242,0.28886,0.00000,0.03671,0.00030,0.07231,0.37465
2026-09-13T13:42:02.675,1789281722.676,,1.3956,54.5,1500,3809,0.0,0x80000,0.00287,0.21666,0.20916,0.30846,0.00242,0.00242,0.15833,0.00362,0.03785,0.00000,0.07244,0.38134
2026-09-13T13:42:03.701,1789281723.702,,1.4701,54.5,1500,3804,0.2,0x80000,0.00297,0.21627,0.20532,0.30971,0.00282,0.00242,0.24558,0.00000,0.03547,0.00000,0.06813,0.38148
2026-09-13T13:42:04.728,1789281724.728,,1.4116,54.5,1500,3804,0.0,0x80000,0.00312,0.21733,0.20397,0.31105,0.00282,0.00242,0.17772,0.00724,0.03571,0.00000,0.06916,0.38107
2026-09-13T13:42:05.754,1789281725.754,,1.3997,54.5,1500,3806,0.2,0x80000,0.00297,0.22319,0.21757,0.30421,0.00282,0.00222,0.16156,0.00362,0.03660,0.00000,0.06993,0.37505
2026-09-13T13:42:06.780,1789281726.781,,1.3857,55.1,1500,3801,0.0,0x80000,0.00297,0.21499,0.20431,0.31052,0.00262,0.00222,0.17020,0.00000,0.02598,0.00059,0.06991,0.38134
2026-09-13T13:42:07.807,1789281727.807,,1.5506,54.5,1500,3805,0.0,0x80000,0.00312,0.21499,0.28641,0.30670,0.00242,0.00242,0.24741,0.00362,0.03337,0.00030,0.06848,0.38134
2026-09-13T13:42:08.834,1789281728.834,,1.4172,54.5,1500,3806,0.0,0x80000,0.00307,0.21705,0.21628,0.30396,0.00282,0.00222,0.17989,0.00723,0.03870,0.00000,0.07119,0.37478
2026-09-13T13:42:09.861,1789281729.862,,1.4241,55.1,1500,3806,0.0,0x80000,0.00302,0.22668,0.22721,0.30421,0.00282,0.00222,0.16479,0.00723,0.03675,0.00000,0.07492,0.37425
2026-09-13T13:42:10.972,1789281730.973,,1.4615,54.5,1500,3804,0.0,0x80000,0.00312,0.21695,0.20673,0.31030,0.00322,0.00222,0.17395,0.00722,0.04195,0.00000,0.06804,0.42786
2026-09-13T13:42:12.000,1789281732.001,,1.4081,55.1,1500,3809,0.2,0x80000,0.00297,0.21705,0.20896,0.30571,0.00282,0.00222,0.18014,0.00000,0.03762,0.00030,0.06930,0.38107
2026-09-13T13:42:13.027,1789281733.027,,1.5521,55.1,1500,3808,0.0,0x80000,0.00312,0.21549,0.20477,0.31030,0.00322,0.00222,0.15802,0.17371,0.03892,0.00000,0.06798,0.37438
2026-09-13T13:42:14.053,1789281734.053,,1.6844,54.0,1500,3810,0.0,0x80000,0.00297,0.21665,0.21642,0.31038,0.00282,0.00222,0.25119,0.18837,0.03880,0.00030,0.06608,0.38817
2026-09-13T13:42:15.079,1789281735.080,,1.3982,55.1,1500,3807,0.0,0x80000,0.00297,0.21617,0.21628,0.30421,0.00282,0.00222,0.16079,0.00362,0.03878,0.00000,0.06930,0.38107
2026-09-13T13:42:16.106,1789281736.106,,1.4000,55.6,1500,3803,0.2,0x80000,0.00312,0.21693,0.20552,0.30494,0.00241,0.00242,0.17687,0.00362,0.03059,0.00000,0.07235,0.38120
2026-09-13T13:42:17.132,1789281737.133,,1.5008,54.5,1500,3807,0.0,0x80000,0.00297,0.21226,0.24939,0.30355,0.00322,0.00222,0.20903,0.00000,0.03233,0.00000,0.07103,0.41479
2026-09-13T13:42:18.159,1789281738.159,,1.3997,54.5,1500,3799,0.0,0x80000,0.00297,0.21811,0.20559,0.31207,0.00322,0.00222,0.16387,0.00000,0.03762,0.00030,0.07241,0.38134
2026-09-13T13:42:19.185,1789281739.185,,1.4357,54.5,1500,3798,0.0,0x80000,0.00312,0.21575,0.20552,0.31148,0.00241,0.00222,0.20605,0.00362,0.03844,0.00000,0.07246,0.37465
2026-09-13T13:42:20.211,1789281740.212,,1.4262,55.1,1500,3793,0.0,0x80000,0.00306,0.21881,0.21779,0.31227,0.00322,0.00222,0.17667,0.00000,0.04202,0.00000,0.06919,0.38093
2026-09-13T13:42:21.238,1789281741.238,,1.3923,54.0,1500,3804,0.2,0x80000,0.00331,0.21412,0.20625,0.31148,0.00282,0.00222,0.16466,0.00724,0.03550,0.00000,0.06995,0.37478
2026-09-13T13:42:22.264,1789281742.265,,1.3785,54.0,1500,3809,0.0,0x80000,0.00297,0.21615,0.20774,0.31207,0.00262,0.00222,0.16066,0.00000,0.02148,0.00000,0.07121,0.38134
2026-09-13T13:42:23.290,1789281743.291,,1.5203,54.0,1500,3807,0.0,0x80000,0.00312,0.21489,0.28337,0.31030,0.00282,0.00242,0.21201,0.00362,0.03995,0.00000,0.06677,0.38107
2026-09-13T13:42:24.318,1789281744.318,,2.6006,56.2,2400,3790,30.0,0x80000,0.00297,0.22434,0.20733,0.32994,0.00241,0.00222,0.15414,0.00362,0.09554,0.00148,0.07056,1.50609
2026-09-13T13:42:25.344,1789281745.344,,3.3771,56.2,2400,3785,25.3,0x80000,0.00283,0.25296,0.21499,0.32622,0.00221,0.00262,0.17732,0.00000,0.07280,0.00148,0.06854,2.25515
2026-09-13T13:42:26.370,1789281746.370,,3.4522,58.4,2400,3770,25.1,0x80000,0.00306,0.22173,0.20740,0.32117,0.00282,0.00222,0.17346,0.00000,0.08540,0.00000,0.07034,2.36458
2026-09-13T13:42:27.397,1789281747.398,,3.4111,57.9,2400,3771,24.9,0x80000,0.00312,0.24704,0.21714,0.31925,0.00242,0.00222,0.17682,0.00721,0.05586,0.00000,0.06978,2.31024
2026-09-13T13:42:28.424,1789281748.425,,3.8682,57.9,2400,3766,25.1,0x80000,0.00302,0.22065,0.20330,0.35937,0.00262,0.00322,0.16723,0.18031,0.36070,0.00119,0.07026,2.29638
2026-09-13T13:42:29.452,1789281749.452,,3.7860,58.4,2400,3767,25.3,0x80000,0.00302,0.22237,0.20625,0.31925,0.00322,0.00222,0.18009,0.18776,0.13513,0.00118,0.06839,2.45715
2026-09-13T13:42:30.479,1789281750.479,,3.3566,57.9,2400,3767,25.1,0x80000,0.00302,0.22007,0.20438,0.32099,0.00322,0.00322,0.18039,0.00361,0.04755,0.00000,0.06923,2.30088
2026-09-13T13:42:31.506,1789281751.506,,3.2499,58.4,2400,3769,25.1,0x80000,0.00287,0.21851,0.21700,0.37333,0.00262,0.00222,0.21546,0.17715,0.39890,0.00178,0.06979,1.57031
2026-09-13T13:42:32.533,1789281752.533,,3.6662,59.0,2400,3764,24.9,0x80000,0.00312,0.22163,0.22144,0.32797,0.00261,0.00322,0.17712,0.16983,0.04942,0.00030,0.06849,2.42104
2026-09-13T13:42:33.560,1789281753.560,,3.0302,59.0,2400,3763,25.4,0x80000,0.00302,0.21577,0.20660,0.33669,0.00241,0.00222,0.17356,0.17732,0.18609,0.00030,0.06870,1.65750
2026-09-13T13:42:34.587,1789281754.587,,2.9800,57.3,2400,3768,31.5,0x80000,0.00302,0.22455,0.20411,0.34367,0.00261,0.00483,0.18652,0.18081,0.16084,0.00530,0.06998,1.59375
2026-09-13T13:42:35.613,1789281755.613,,2.9532,58.4,2400,3775,25.1,0x80000,0.00297,0.25270,0.20552,0.33320,0.00322,0.00222,0.15749,0.17345,0.14237,0.00295,0.06747,1.60968
2026-09-13T13:42:36.642,1789281756.642,,4.6840,59.5,2400,3772,28.0,0x80000,0.00292,0.25351,0.20323,0.38122,0.00301,0.00262,0.19606,0.19478,0.38135,0.00502,0.06313,2.99715
2026-09-13T13:42:37.669,1789281757.669,,3.7252,59.5,2400,3764,40.1,0x80000,0.00302,0.23891,0.20444,0.38807,0.00241,0.00242,0.29636,0.17719,0.08349,0.00266,0.06903,2.25719
2026-09-13T13:42:38.696,1789281758.697,,3.6505,59.5,2400,4362,32.4,0x80000,0.00302,0.22082,0.20370,0.32291,0.00241,0.00262,0.17375,0.17719,0.05814,0.00030,0.07043,2.41525
2026-09-13T13:42:39.724,1789281759.724,,3.6095,59.0,2400,5845,32.6,0x80000,0.00297,0.21783,0.20229,0.32836,0.00241,0.00242,0.17697,0.17675,0.04841,0.00000,0.06841,2.38265
2026-09-13T13:42:40.751,1789281760.751,,3.3539,59.5,2400,6014,32.8,0x80000,0.00302,0.21821,0.20559,0.33012,0.00241,0.00242,0.17742,0.00000,0.07319,0.00265,0.06849,2.27041
2026-09-13T13:42:41.779,1789281761.780,,4.4445,61.1,2400,6030,34.2,0x80000,0.00312,0.25795,0.20767,0.35462,0.00282,0.00282,0.17667,0.19469,0.18889,0.00765,0.06998,2.97762
2026-09-13T13:42:42.808,1789281762.808,,4.9547,59.5,2400,6031,38.1,0x80000,0.00306,0.25082,0.20799,0.35239,0.00402,0.00222,0.16704,0.17349,0.19726,0.00535,0.06992,3.52112
2026-09-13T13:42:43.835,1789281763.836,,3.8611,61.1,2400,6022,34.7,0x80000,0.00297,0.32074,0.20216,0.32994,0.00241,0.00242,0.17687,0.17755,0.09129,0.00385,0.06918,2.48176
2026-09-13T13:42:44.861,1789281764.862,,3.6241,60.6,2400,6033,33.1,0x80000,0.00306,0.23110,0.20370,0.31766,0.00241,0.00222,0.17020,0.19166,0.06380,0.00059,0.07028,2.36743
2026-09-13T13:42:45.888,1789281765.888,,3.9049,60.6,2400,6042,33.4,0x80000,0.00297,0.23379,0.20680,0.34241,0.00241,0.00262,0.18336,0.20942,0.20209,0.00592,0.06888,2.44419
2026-09-13T13:42:46.914,1789281766.915,,3.7424,61.1,2400,6035,32.8,0x80000,0.00302,0.23422,0.20485,0.35295,0.00241,0.00262,0.16788,0.18081,0.17982,0.00000,0.07026,2.34351
2026-09-13T13:42:47.943,1789281767.944,,3.8176,59.5,2400,6042,32.6,0x80000,0.00302,0.26677,0.20424,0.37226,0.00241,0.00222,0.15458,0.18076,0.12179,0.00326,0.06781,2.43843
2026-09-13T13:42:48.970,1789281768.970,,3.5711,61.1,2400,6050,32.3,0x80000,0.00306,0.21753,0.28094,0.32503,0.00241,0.00222,0.20956,0.00000,0.04503,0.00326,0.06829,2.41380
2026-09-13T13:42:49.996,1789281769.996,,4.3584,60.6,2400,6053,32.8,0x80000,0.00297,0.22170,0.33946,0.31941,0.00282,0.00222,0.19366,0.18026,0.07307,0.00000,0.06830,2.95455
2026-09-13T13:42:51.022,1789281771.022,,3.6096,61.1,2400,6060,32.4,0x80000,0.00302,0.22730,0.20691,0.34787,0.00241,0.00201,0.17063,0.17719,0.11287,0.00118,0.06981,2.28840
2026-09-13T13:42:52.049,1789281772.049,,4.6380,62.2,2400,6060,41.0,0x80000,0.00297,0.27005,0.21785,0.33314,0.00281,0.00282,0.17092,0.19517,0.11243,0.00563,0.06796,3.25627
2026-09-13T13:42:53.075,1789281773.075,,3.2895,61.1,2400,6054,33.8,0x80000,0.00306,0.26382,0.20733,0.35295,0.00282,0.00242,0.17682,0.17358,0.39648,0.00711,0.06953,1.63359
2026-09-13T13:42:54.101,1789281774.101,,3.4987,60.6,2400,6055,32.4,0x80000,0.00297,0.22082,0.21843,0.32327,0.00241,0.00242,0.15740,0.00000,0.07499,0.00000,0.06847,2.42754
2026-09-13T13:42:55.128,1789281775.128,,3.3954,61.1,2400,6066,32.3,0x80000,0.00306,0.24582,0.20612,0.33363,0.00241,0.00282,0.17682,0.00000,0.14888,0.00000,0.06787,2.20800
2026-09-13T13:42:56.153,1789281776.154,,3.6096,62.2,2400,6064,40.2,0x80000,0.00302,0.21783,0.20317,0.32564,0.00281,0.00262,0.17712,0.18752,0.05595,0.00000,0.06787,2.36600
2026-09-13T13:42:57.179,1789281777.180,,3.5637,61.7,2400,6063,32.7,0x80000,0.00292,0.22272,0.20625,0.32387,0.00302,0.00262,0.15127,0.17693,0.10131,0.00207,0.06843,2.30227
2026-09-13T13:42:58.207,1789281778.207,,3.6703,61.1,2400,6069,33.2,0x80000,0.00311,0.23234,0.20667,0.32448,0.00282,0.00222,0.15510,0.18072,0.06473,0.00088,0.06531,2.43193
2026-09-13T13:42:59.234,1789281779.235,,4.4961,61.1,2400,6082,32.3,0x80000,0.00302,0.32034,0.20680,0.35490,0.00241,0.00242,0.17097,0.18076,0.35355,0.01004,0.06736,2.82348
2026-09-13T13:43:00.263,1789281780.263,,3.0147,61.7,2400,6082,40.3,0x80000,0.00311,0.22485,0.20229,0.33166,0.00281,0.00242,0.17757,0.00000,0.10350,0.00266,0.06901,1.89485
2026-09-13T13:43:01.290,1789281781.290,,2.7705,59.0,2400,6106,25.1,0x80000,0.00302,0.24493,0.20444,0.33376,0.00282,0.00282,0.17068,0.17732,0.21041,0.00561,0.07003,1.34469
2026-09-13T13:43:02.316,1789281782.317,,1.8580,59.0,2400,6127,6.8,0x80000,0.00311,0.21861,0.20584,0.31816,0.00282,0.00222,0.17732,0.17706,0.04151,0.00000,0.06649,0.64488
2026-09-13T13:43:03.343,1789281783.343,,1.8506,58.4,2400,6126,0.0,0x80000,0.00311,0.21753,0.20605,0.31993,0.00282,0.00242,0.17429,0.17310,0.03671,0.00000,0.06956,0.64508
2026-09-13T13:43:04.368,1789281784.369,,2.2788,58.4,2400,6133,0.0,0x80000,0.00297,0.23334,0.20477,0.31502,0.00282,0.00262,0.16774,0.18081,0.03444,0.00059,0.06653,1.06717
2026-09-13T13:43:05.393,1789281785.394,,1.7188,58.4,2400,6146,0.0,0x80000,0.00292,0.21539,0.22942,0.32210,0.00281,0.00222,0.19290,0.00000,0.03675,0.00000,0.06903,0.64527
2026-09-13T13:43:06.420,1789281786.420,,1.7154,57.9,2400,6146,0.0,0x80000,0.00297,0.21392,0.20438,0.32256,0.00282,0.00242,0.19644,0.01087,0.03655,0.00000,0.06965,0.65285
2026-09-13T13:43:07.547,1789281787.548,,2.7144,59.0,2400,6126,34.1,0x80000,0.00312,0.22282,0.20552,0.33593,0.00282,0.00242,0.17356,0.00361,0.09551,0.00000,0.06741,1.60172
2026-09-13T13:43:08.573,1789281788.574,,5.0674,62.2,2400,6092,39.8,0x80000,0.00302,0.32171,0.20552,0.32980,0.00261,0.00222,0.16770,0.00000,0.07547,0.00000,0.06495,3.89437
2026-09-13T13:43:09.600,1789281789.601,,5.3456,61.7,2400,6086,50.0,0x80000,0.00302,0.35820,0.20323,0.32836,0.00241,0.00242,0.17395,0.00000,0.11295,0.00707,0.06600,4.08796
2026-09-13T13:43:10.628,1789281790.629,,4.8422,63.4,2400,6088,50.6,0x80000,0.00302,0.26167,0.20209,0.33363,0.00282,0.00282,0.17682,0.00000,0.12263,0.00445,0.06668,3.66562
2026-09-13T13:43:11.655,1789281791.655,,5.1094,63.4,2400,6091,51.1,0x80000,0.00297,0.22085,0.20632,0.32159,0.00282,0.00282,0.17687,0.00000,0.05814,0.00326,0.06684,4.04690
2026-09-13T13:43:12.682,1789281792.682,,2.9467,63.4,2400,6092,49.1,0x80000,0.00302,0.22975,0.20948,0.32448,0.00302,0.00262,0.23562,0.17719,0.16473,0.00296,0.06618,1.52769
2026-09-13T13:43:13.708,1789281793.708,,2.8926,61.1,2400,6128,30.7,0x80000,0.00297,0.21665,0.20370,0.31811,0.00282,0.00282,0.16396,0.20200,0.05175,0.00000,0.06929,1.65850
2026-09-13T13:43:14.735,1789281794.735,,3.0349,60.6,2400,6138,25.1,0x80000,0.00312,0.31776,0.21649,0.31985,0.00282,0.00282,0.17044,0.19199,0.11351,0.00177,0.06872,1.62562
2026-09-13T13:43:15.762,1789281795.762,,5.0305,62.2,2400,6119,46.8,0x80000,0.00302,0.21881,0.20660,0.33557,0.00241,0.00242,0.17429,0.20245,0.05897,0.00236,0.06684,3.75672
2026-09-13T13:43:16.789,1789281796.790,,4.2039,64.5,2400,6098,61.1,0x80000,0.00302,0.29186,0.20673,0.35627,0.00242,0.00242,0.17677,0.17719,0.07973,0.00295,0.06677,2.83772
2026-09-13T13:43:17.816,1789281797.817,,9.1746,63.9,2400,6091,60.6,0x80000,0.00302,0.22916,0.21055,0.35033,0.00282,0.00282,0.17657,0.18456,0.31677,0.00030,0.07056,7.62715
2026-09-13T13:43:18.843,1789281798.844,,5.2621,64.5,2400,6087,58.2,0x80000,0.00292,0.21967,0.22597,0.34925,0.00282,0.00282,0.19000,0.17719,0.04973,0.00972,0.07039,3.96165
2026-09-13T13:43:19.872,1789281799.872,,5.4363,65.5,2400,6090,61.8,0x80000,0.00301,0.22532,0.20653,0.38125,0.00281,0.00282,0.19955,0.18054,0.11410,0.00326,0.06654,4.05056
2026-09-13T13:43:20.899,1789281800.899,,5.4948,66.1,2400,6091,61.4,0x80000,0.00302,0.22085,0.20552,0.32819,0.00281,0.00242,0.19938,0.01084,0.16345,0.00000,0.06579,4.29256
2026-09-13T13:43:21.973,1789281801.974,,4.9186,64.5,2400,6093,59.9,0x80000,0.00292,0.30541,0.20552,0.35462,0.00241,0.00242,0.17126,0.18396,0.28038,0.01303,0.06676,3.32993
2026-09-13T13:43:23.001,1789281803.002,,3.9475,65.0,2400,6097,61.1,0x80000,0.00302,0.27067,0.20485,0.32819,0.00241,0.00201,0.16723,0.18392,0.05601,0.00416,0.06661,2.65838
2026-09-13T13:43:24.029,1789281804.029,,4.5546,65.5,2400,6111,57.6,0x80000,0.00302,0.22434,0.21736,0.33030,0.00282,0.00282,0.18014,0.18804,0.07210,0.00059,0.07096,3.26216
2026-09-13T13:43:25.056,1789281805.056,,8.7499,66.1,2400,6105,60.0,0x80000,0.00292,0.22668,0.20465,0.39312,0.00241,0.00201,0.18968,0.00000,0.24807,0.00471,0.06341,7.41219
2026-09-13T13:43:26.083,1789281806.084,,4.7306,66.7,2400,6106,60.0,0x80000,0.00292,0.23199,0.24550,0.35636,0.00241,0.00242,0.22498,0.00724,0.35280,0.00030,0.06639,3.23726
2026-09-13T13:43:27.111,1789281807.111,,4.2911,65.5,2400,6101,60.3,0x80000,0.00311,0.26800,0.20653,0.36526,0.00282,0.00242,0.21856,0.18776,0.12127,0.01127,0.06810,2.83602
2026-09-13T13:43:28.140,1789281808.140,,4.6773,65.5,2400,6100,60.8,0x80000,0.00292,0.26808,0.20532,0.34768,0.00241,0.00262,0.17049,0.24528,0.15387,0.00918,0.06700,3.20247
2026-09-13T13:43:29.169,1789281809.170,,5.1730,66.7,2400,6102,60.4,0x80000,0.00297,0.25417,0.21914,0.33504,0.00261,0.00242,0.18044,0.16953,0.42511,0.01004,0.06530,3.50624
2026-09-13T13:43:30.201,1789281810.201,,5.7132,66.7,2400,6105,60.7,0x80000,0.00297,0.24326,0.20504,0.42296,0.00282,0.00242,0.28629,0.18452,0.27977,0.00415,0.06837,4.01069
2026-09-13T13:43:31.231,1789281811.231,,3.0951,64.5,2400,6127,53.3,0x80000,0.00287,0.24849,0.20982,0.35490,0.00261,0.00242,0.15475,0.21212,0.25588,0.00652,0.06736,1.57733
2026-09-13T13:43:32.257,1789281812.257,,1.9738,62.8,2400,6156,21.9,0x80000,0.00297,0.21967,0.20875,0.31783,0.00281,0.00282,0.23482,0.17719,0.04415,0.00030,0.06963,0.69286
2026-09-13T13:43:33.283,1789281813.284,,1.9686,61.1,2400,6175,2.4,0x80000,0.00287,0.21811,0.20680,0.31941,0.00242,0.00262,0.24776,0.18067,0.04431,0.00000,0.06651,0.67714
2026-09-13T13:43:34.310,1789281814.310,,1.8728,61.1,2400,6180,0.5,0x80000,0.00311,0.21627,0.20518,0.31976,0.00241,0.00242,0.15166,0.18799,0.04552,0.00000,0.06954,0.66897
2026-09-13T13:43:35.336,1789281815.337,,1.8763,61.1,2400,6186,0.0,0x80000,0.00302,0.21783,0.20625,0.31941,0.00241,0.00262,0.17092,0.18790,0.03767,0.00000,0.06644,0.66180
2026-09-13T13:43:36.362,1789281816.362,,1.7297,60.0,2400,6185,0.0,0x80000,0.00302,0.21939,0.20573,0.31384,0.00261,0.00262,0.17361,0.04329,0.03892,0.00000,0.06592,0.66081
2026-09-13T13:43:37.388,1789281817.389,,1.9566,60.0,2400,6185,0.0,0x80000,0.00307,0.21959,0.20767,0.31800,0.00241,0.00242,0.22826,0.18442,0.04192,0.00000,0.07210,0.67673
2026-09-13T13:43:38.414,1789281818.415,,1.8485,60.0,2400,6193,0.2,0x80000,0.00311,0.21715,0.20660,0.31916,0.00282,0.00222,0.17346,0.17026,0.02269,0.00000,0.07022,0.66081
2026-09-13T13:43:39.441,1789281819.442,,1.6181,59.5,1500,6195,0.0,0x80000,0.00307,0.21783,0.33301,0.30180,0.00261,0.00322,0.19922,0.02526,0.04409,0.00000,0.06668,0.42133
2026-09-13T13:43:40.468,1789281820.468,,1.4151,59.0,1500,6206,0.2,0x80000,0.00302,0.21939,0.20612,0.30704,0.00402,0.00242,0.15758,0.00000,0.03776,0.00000,0.06984,0.40796
2026-09-13T13:43:41.495,1789281821.496,,1.4280,59.0,1500,6199,0.0,0x80000,0.00311,0.21773,0.20625,0.30529,0.00261,0.00242,0.17712,0.00000,0.03565,0.00000,0.06984,0.40796
2026-09-13T13:43:42.523,1789281822.523,,1.4980,59.5,1500,6207,0.2,0x80000,0.00311,0.21655,0.28211,0.30749,0.00282,0.00222,0.17682,0.00000,0.02691,0.00000,0.06549,0.41449
2026-09-13T13:43:43.550,1789281823.550,,1.5923,59.0,1500,6199,2.2,0x80000,0.00302,0.21655,0.20458,0.30529,0.00261,0.00222,0.18009,0.17675,0.03243,0.00000,0.06795,0.40084
2026-09-13T13:43:44.576,1789281824.577,,1.6028,59.0,1500,6200,0.0,0x80000,0.00302,0.21861,0.20680,0.30355,0.00402,0.00242,0.15740,0.18456,0.04539,0.00000,0.06982,0.40722
2026-09-13T13:43:45.604,1789281825.604,,1.5405,59.0,1500,6202,0.2,0x80000,0.00311,0.21861,0.28145,0.30355,0.00261,0.00322,0.20226,0.00000,0.04865,0.00000,0.06985,0.40722
2026-09-13T13:43:46.631,1789281826.631,,1.4163,59.0,1500,6208,0.0,0x80000,0.00312,0.21695,0.20411,0.30675,0.00261,0.00322,0.18044,0.00000,0.02965,0.00029,0.06802,0.40112
2026-09-13T13:43:47.657,1789281827.658,,1.5181,58.4,1500,6208,0.0,0x80000,0.00312,0.26845,0.20518,0.30638,0.00261,0.00483,0.17054,0.04709,0.03349,0.00029,0.06861,0.40752
2026-09-13T13:43:48.684,1789281828.685,,2.5592,59.0,2400,6207,9.3,0x80000,0.00312,0.24337,0.20545,0.33723,0.00282,0.00221,0.17390,0.00362,0.11276,0.00325,0.06817,1.40334
2026-09-13T13:43:49.711,1789281829.712,,2.8575,59.5,2400,6177,30.4,0x80000,0.00297,0.21723,0.20767,0.32980,0.00322,0.00222,0.17087,0.18396,0.10243,0.00237,0.06632,1.56842
2026-09-13T13:43:50.745,1789281830.745,,8.9440,65.0,2400,6109,81.8,0x80000,0.00311,0.24648,0.20566,0.32634,0.00281,0.00221,0.17375,0.21373,0.21592,0.00000,0.06687,7.48715
2026-09-13T13:43:51.780,1789281831.781,,9.0049,66.7,2400,6093,100.0,0x80000,0.00297,0.24605,0.20573,0.35364,0.00322,0.00282,0.15749,0.00000,0.42998,0.00000,0.07027,7.53272
2026-09-13T13:43:52.813,1789281832.813,,6.8988,68.3,2400,7481,98.5,0x80000,0.00302,0.29701,0.20781,0.38299,0.00261,0.00262,0.17999,0.00000,0.41196,0.02780,0.06621,5.31676
2026-09-13T13:43:53.842,1789281833.843,,2.8369,63.9,2400,7909,69.7,0x80000,0.00311,0.21967,0.20673,0.32704,0.00282,0.00262,0.17097,0.18456,0.05799,0.00000,0.06856,1.59279
2026-09-13T13:43:54.872,1789281834.872,,3.1210,63.4,2400,7972,24.9,0x80000,0.00297,0.26747,0.20747,0.35957,0.00282,0.00282,0.17035,0.18429,0.25550,0.00562,0.06892,1.59327
2026-09-13T13:43:55.904,1789281835.905,,5.6800,66.1,2400,6618,39.2,0x80000,0.00302,0.28068,0.20605,0.38435,0.00242,0.00201,0.17063,0.00000,0.18594,0.00474,0.06806,4.37213
2026-09-13T13:43:56.940,1789281836.941,,4.9563,66.7,2400,6174,79.9,0x80000,0.00311,0.21861,0.20538,0.32994,0.00281,0.00242,0.17989,0.18035,0.05812,0.00059,0.06844,3.70658
2026-09-13T13:43:57.972,1789281837.973,,6.3188,67.8,2400,7575,92.4,0x80000,0.00302,0.23393,0.20411,0.32292,0.00241,0.00242,0.17035,0.18072,0.17551,0.00592,0.06547,4.95208
2026-09-13T13:43:59.008,1789281839.008,,6.9019,68.3,2400,7871,92.4,0x80000,0.00292,0.30691,0.20350,0.37722,0.00261,0.00242,0.18341,0.18429,0.42035,0.02390,0.06565,5.12878
2026-09-13T13:44:00.039,1789281840.040,,4.5436,67.8,2400,7890,93.3,0x80000,0.00287,0.28017,0.19981,0.32274,0.00302,0.00242,0.18963,0.17358,0.24575,0.01972,0.06602,3.03792
2026-09-13T13:44:01.068,1789281841.068,,6.1211,70.0,2400,7888,92.4,0x80000,0.00311,0.23433,0.20673,0.35100,0.00282,0.00282,0.17044,0.19473,0.07668,0.00883,0.06665,4.80297
2026-09-13T13:44:02.104,1789281842.104,,8.9104,70.5,2400,7900,93.5,0x80000,0.00307,0.24237,0.32806,0.40190,0.00282,0.00282,0.19938,0.18090,0.48281,0.00089,0.06720,6.99819
2026-09-13T13:44:03.137,1789281843.137,,6.1853,70.0,2400,7903,92.7,0x80000,0.00302,0.21753,0.20593,0.38758,0.00362,0.00282,0.18034,0.20628,0.32883,0.00827,0.06922,4.57184
2026-09-13T13:44:04.167,1789281844.167,,3.2114,70.0,2400,7909,90.3,0x80000,0.00297,0.29173,0.20504,0.35314,0.00241,0.00181,0.16102,0.19151,0.10649,0.00387,0.06598,1.82539
2026-09-13T13:44:05.196,1789281845.197,,6.4035,70.5,2400,7898,90.4,0x80000,0.00297,0.30861,0.20411,0.34940,0.00241,0.00322,0.17044,0.16260,0.17516,0.01691,0.06560,4.94210
2026-09-13T13:44:06.234,1789281846.234,,4.9219,70.5,2400,7907,92.2,0x80000,0.00311,0.25448,0.21485,0.41846,0.00442,0.00282,0.28252,0.00000,0.24674,0.00000,0.06690,3.42759
2026-09-13T13:44:07.264,1789281847.265,,3.7353,70.5,2400,7909,91.9,0x80000,0.00301,0.21936,0.20906,0.38621,0.00282,0.00182,0.18958,0.17009,0.26264,0.00088,0.06521,2.22462
2026-09-13T13:44:08.301,1789281848.301,,8.6385,70.5,2400,7917,92.1,0x80000,0.00297,0.24259,0.20518,0.33550,0.00282,0.00322,0.16129,0.18950,0.29836,0.00531,0.06685,7.12494
2026-09-13T13:44:09.333,1789281849.333,,6.8623,70.5,2400,7930,92.4,0x80000,0.00297,0.29875,0.20566,0.34419,0.00281,0.00282,0.17025,0.20200,0.44283,0.02384,0.06624,5.09999
2026-09-13T13:44:10.360,1789281850.360,,5.2667,71.6,2400,7926,93.4,0x80000,0.00316,0.34430,0.20477,0.41520,0.00342,0.00242,0.18009,0.20235,0.59348,0.01124,0.06591,3.24035
2026-09-13T13:44:11.394,1789281851.395,,2.7616,67.2,2400,7993,54.9,0x80000,0.00311,0.25585,0.21736,0.36415,0.00282,0.00282,0.16410,0.20612,0.29542,0.00444,0.06679,1.17866
2026-09-13T13:44:12.421,1789281852.422,,2.0083,64.5,2400,8034,15.6,0x80000,0.00307,0.21956,0.20411,0.32797,0.00261,0.00262,0.17752,0.18752,0.08916,0.00000,0.06949,0.72472
2026-09-13T13:44:13.447,1789281853.447,,1.9662,64.5,2400,8045,0.7,0x80000,0.00297,0.21695,0.20660,0.33028,0.00281,0.00242,0.17073,0.18081,0.08585,0.00000,0.06576,0.70104
2026-09-13T13:44:14.473,1789281854.474,,1.9690,63.4,2400,8038,2.0,0x80000,0.00297,0.21627,0.20639,0.33345,0.00281,0.00282,0.16708,0.18067,0.09447,0.00000,0.06943,0.69265
2026-09-13T13:44:15.500,1789281855.500,,1.9433,63.4,2400,8040,0.0,0x80000,0.00302,0.21187,0.20612,0.32994,0.00282,0.00282,0.17697,0.18392,0.08823,0.00000,0.06825,0.66937
2026-09-13T13:44:16.525,1789281856.526,,1.7739,62.8,2400,8047,0.2,0x80000,0.00297,0.21919,0.20477,0.33867,0.00261,0.00262,0.17020,0.00361,0.08277,0.00029,0.06945,0.67673
2026-09-13T13:44:17.551,1789281857.551,,1.7760,62.2,2400,6628,0.0,0x80000,0.00302,0.21597,0.20774,0.33345,0.00282,0.00282,0.17059,0.00360,0.09251,0.00000,0.06653,0.67693
2026-09-13T13:44:18.577,1789281858.578,,1.7306,62.2,2400,6301,0.0,0x80000,0.00312,0.21773,0.20767,0.31941,0.00241,0.00242,0.16452,0.00000,0.05160,0.00000,0.06909,0.69265
2026-09-13T13:44:19.604,1789281859.605,,1.5735,61.7,1500,6286,0.0,0x80000,0.00312,0.21811,0.24170,0.31239,0.00241,0.00322,0.24734,0.00362,0.05173,0.00000,0.06864,0.42118
2026-09-13T13:44:20.632,1789281860.632,,1.6191,62.8,1500,6278,0.5,0x80000,0.00307,0.21695,0.21914,0.30675,0.00261,0.00483,0.17361,0.18804,0.02573,0.00000,0.06419,0.41420
2026-09-13T13:44:21.658,1789281861.659,,1.6413,61.1,1500,6281,0.2,0x80000,0.00316,0.21498,0.20518,0.30197,0.00262,0.00242,0.20260,0.18081,0.03902,0.00000,0.06793,0.42058
2026-09-13T13:44:22.685,1789281862.685,,1.4537,60.0,1500,6286,0.0,0x80000,0.00297,0.21587,0.22166,0.31207,0.00322,0.00242,0.17366,0.00000,0.03883,0.00000,0.06852,0.41449
2026-09-13T13:44:23.712,1789281863.713,,1.5120,59.5,1500,6290,0.0,0x80000,0.00302,0.26808,0.21736,0.31207,0.00322,0.00242,0.15802,0.00000,0.04638,0.00000,0.06672,0.43471
2026-09-13T13:44:24.740,1789281864.740,,1.6382,60.6,1500,6285,2.4,0x80000,0.00312,0.21617,0.22727,0.30462,0.00282,0.00242,0.16718,0.17719,0.04673,0.00000,0.06978,0.42088
2026-09-13T13:44:25.766,1789281865.767,,1.6443,60.6,1500,6285,0.0,0x80000,0.00312,0.21773,0.20767,0.31030,0.00402,0.00242,0.19295,0.18054,0.04416,0.00000,0.06672,0.41464
2026-09-13T13:44:26.793,1789281866.793,,1.4216,60.0,1500,6287,0.0,0x80000,0.00297,0.21705,0.20518,0.30197,0.00282,0.00282,0.16765,0.00000,0.03655,0.00000,0.06993,0.41464
2026-09-13T13:44:27.820,1789281867.820,,1.4451,59.5,1500,6290,0.0,0x80000,0.00302,0.21861,0.20875,0.31105,0.00262,0.00322,0.16723,0.00361,0.04622,0.00000,0.06615,0.41464
2026-09-13T13:44:28.847,1789281868.848,,1.4296,60.0,1500,6284,0.2,0x80000,0.00312,0.24381,0.20660,0.30617,0.00282,0.00242,0.15436,0.00000,0.03663,0.00000,0.06615,0.40752
2026-09-13T13:44:29.876,1789281869.876,,1.9290,60.6,1500,6278,0.2,0x80000,0.00316,0.21848,0.20444,0.30852,0.00322,0.00483,0.17356,0.17732,0.03229,0.00060,0.06969,0.73290
2026-09-13T13:44:30.902,1789281870.903,,1.9346,60.6,1500,6281,0.0,0x80000,0.00306,0.21851,0.20747,0.31207,0.00241,0.00222,0.16704,0.17693,0.03465,0.00000,0.06962,0.74065
2026-09-13T13:44:31.929,1789281871.929,,1.8168,59.5,1500,6277,0.0,0x80000,0.00312,0.26923,0.20781,0.31384,0.00262,0.00322,0.18055,0.00000,0.03404,0.00000,0.06969,0.73268
2026-09-13T13:44:32.958,1789281872.959,,1.4173,60.0,1500,6278,0.0,0x80000,0.00297,0.21549,0.20444,0.31038,0.00282,0.00222,0.15758,0.00000,0.04000,0.00000,0.06677,0.41464
2026-09-13T13:44:33.985,1789281873.985,,1.4117,60.0,1500,6285,0.0,0x80000,0.00311,0.21919,0.20667,0.30529,0.00261,0.00242,0.15753,0.00363,0.03675,0.00000,0.06672,0.40781
2026-09-13T13:44:35.012,1789281875.013,,1.6131,59.5,1500,6272,1.7,0x80000,0.00302,0.21627,0.20882,0.31207,0.00322,0.00222,0.17419,0.18475,0.03277,0.00000,0.06797,0.40781
2026-09-13T13:44:36.040,1789281876.040,,1.6784,59.5,1500,6274,0.2,0x80000,0.00312,0.29577,0.20809,0.31038,0.00241,0.00483,0.17030,0.17728,0.03404,0.00000,0.06421,0.40796
2026-09-13T13:44:37.067,1789281877.068,,1.5241,59.5,1500,6276,0.0,0x80000,0.00302,0.21803,0.21377,0.30498,0.00261,0.00221,0.25070,0.00725,0.03677,0.00000,0.06993,0.41479
2026-09-13T13:44:38.097,1789281878.097,,2.5977,60.0,2400,6264,16.9,0x80000,0.00302,0.22948,0.20767,0.32622,0.00261,0.00242,0.15427,0.00000,0.09605,0.00119,0.07136,1.50337
2026-09-13T13:44:39.123,1789281879.124,,2.6857,61.7,2400,6238,25.0,0x80000,0.00311,0.22563,0.21090,0.32704,0.00282,0.00262,0.16452,0.00000,0.07195,0.00000,0.06794,1.60920
2026-09-13T13:44:40.149,1789281880.150,,3.6574,61.7,2400,6231,25.2,0x80000,0.00302,0.22787,0.20774,0.34909,0.00241,0.00242,0.17366,0.01082,0.22496,0.00562,0.06781,2.38194
2026-09-13T13:44:41.176,1789281881.176,,3.6625,62.2,2400,6221,24.9,0x80000,0.00292,0.24649,0.20497,0.32448,0.00322,0.00262,0.17044,0.00000,0.26901,0.00238,0.06781,2.36814
2026-09-13T13:44:42.203,1789281882.203,,3.9063,62.8,2400,6222,25.3,0x80000,0.00302,0.23146,0.20788,0.38205,0.00282,0.00242,0.29124,0.18429,0.11191,0.00267,0.07134,2.41525
2026-09-13T13:44:43.230,1789281883.230,,3.6588,61.7,2400,6218,25.1,0x80000,0.00292,0.22017,0.20532,0.32256,0.00281,0.00282,0.17035,0.18112,0.06772,0.00000,0.06843,2.41453
2026-09-13T13:44:44.256,1789281884.257,,3.5389,63.4,2400,6222,25.1,0x80000,0.00302,0.21695,0.20896,0.32151,0.00241,0.00242,0.17366,0.18392,0.06720,0.00000,0.06597,2.29292
2026-09-13T13:44:45.282,1789281885.282,,3.5764,62.2,2400,6217,27.1,0x80000,0.00297,0.23099,0.20625,0.32679,0.00282,0.00282,0.18325,0.16949,0.04730,0.00000,0.06957,2.33414
2026-09-13T13:44:46.309,1789281886.309,,3.6708,62.8,2400,6221,25.1,0x80000,0.00297,0.22251,0.20545,0.32854,0.00282,0.00282,0.19295,0.18072,0.05805,0.00030,0.06787,2.40583
2026-09-13T13:44:47.336,1789281887.336,,3.5315,62.2,2400,6213,25.2,0x80000,0.00297,0.21763,0.21807,0.32159,0.00282,0.00282,0.17667,0.19137,0.06123,0.00000,0.06734,2.26904
2026-09-13T13:44:48.362,1789281888.362,,2.9288,62.8,2400,6227,31.5,0x80000,0.00302,0.21881,0.21413,0.31624,0.00241,0.00282,0.17049,0.18433,0.04622,0.00000,0.06609,1.70428
2026-09-13T13:44:49.388,1789281889.388,,2.8639,62.8,2400,6233,25.2,0x80000,0.00306,0.22979,0.20593,0.33170,0.00241,0.00242,0.18361,0.17706,0.05711,0.00000,0.07054,1.60027
2026-09-13T13:44:50.415,1789281890.415,,3.7600,63.4,2400,6225,25.1,0x80000,0.00297,0.21974,0.20826,0.32432,0.00282,0.00282,0.16433,0.18026,0.18005,0.00000,0.06790,2.40656
2026-09-13T13:44:51.442,1789281891.442,,3.9134,62.8,2400,6207,33.9,0x80000,0.00321,0.24348,0.20390,0.33872,0.00241,0.00262,0.17647,0.18031,0.16275,0.00059,0.06713,2.53177
2026-09-13T13:44:52.467,1789281892.468,,3.5701,63.4,2400,6208,32.4,0x80000,0.00301,0.22027,0.20639,0.33338,0.00282,0.00282,0.17687,0.18433,0.06880,0.00207,0.06841,2.30088
2026-09-13T13:44:53.493,1789281893.494,,3.0654,65.0,2400,6208,39.6,0x80000,0.00297,0.23334,0.20660,0.36855,0.00282,0.00282,0.15401,0.18392,0.19822,0.00296,0.06912,1.64008
2026-09-13T13:44:54.519,1789281894.520,,3.5643,65.0,2400,6203,32.5,0x80000,0.00297,0.23659,0.20612,0.33908,0.00281,0.00282,0.18029,0.00000,0.10764,0.00620,0.06598,2.41380
2026-09-13T13:44:55.546,1789281895.546,,3.5107,64.5,2400,6204,34.9,0x80000,0.00307,0.23323,0.21792,0.34782,0.00282,0.00282,0.17366,0.18072,0.10688,0.00471,0.07155,2.16554
2026-09-13T13:44:56.573,1789281896.573,,3.7032,64.5,2400,6203,32.4,0x80000,0.00297,0.22153,0.20781,0.32503,0.00241,0.00242,0.17059,0.17693,0.05910,0.00000,0.06785,2.46659
2026-09-13T13:44:57.600,1789281897.601,,3.7031,64.5,2400,6203,32.3,0x80000,0.00302,0.21909,0.20660,0.35646,0.00241,0.00262,0.17097,0.18392,0.09125,0.00714,0.06897,2.39062
2026-09-13T13:44:58.627,1789281898.628,,3.6905,64.5,2400,6206,32.9,0x80000,0.00297,0.21939,0.22834,0.32327,0.00282,0.00282,0.17687,0.20560,0.06054,0.00238,0.06834,2.39715
2026-09-13T13:44:59.753,1789281899.754,,4.5288,63.9,2400,6203,33.3,0x80000,0.00306,0.21929,0.27697,0.34018,0.00241,0.00262,0.21540,0.21282,0.10324,0.01092,0.06836,3.07350
2026-09-13T13:45:00.780,1789281900.781,,4.9954,66.1,2400,6207,34.5,0x80000,0.00302,0.22475,0.27580,0.31739,0.00261,0.00262,0.21516,0.18795,0.20667,0.00000,0.07015,3.48926
2026-09-13T13:45:01.808,1789281901.809,,3.2556,65.5,2400,6199,37.4,0x80000,0.00297,0.24471,0.20566,0.34223,0.00241,0.00242,0.17677,0.28922,0.14145,0.00621,0.06611,1.77542
2026-09-13T13:45:02.834,1789281902.835,,3.5581,65.0,2400,6194,32.9,0x80000,0.00302,0.24470,0.20566,0.34398,0.00281,0.00282,0.17068,0.17750,0.17823,0.00535,0.06642,2.15693
2026-09-13T13:45:03.861,1789281903.861,,4.6163,65.0,2400,6206,28.5,0x80000,0.00297,0.26620,0.20660,0.38435,0.00281,0.00282,0.17366,0.18112,0.49919,0.00830,0.06567,2.82263
2026-09-13T13:45:04.890,1789281904.891,,3.8070,65.5,2400,6194,37.4,0x80000,0.00297,0.23401,0.20767,0.35627,0.00241,0.00181,0.19339,0.00000,0.20431,0.00768,0.06780,2.52872
2026-09-13T13:45:05.917,1789281905.917,,3.0034,65.5,2400,6194,34.5,0x80000,0.00297,0.23602,0.20625,0.34241,0.00282,0.00282,0.17035,0.18392,0.31458,0.00796,0.06794,1.46536
2026-09-13T13:45:06.943,1789281906.944,,3.9096,65.0,2400,6197,32.8,0x80000,0.00297,0.22007,0.20605,0.34260,0.00241,0.00242,0.17371,0.20963,0.25045,0.00000,0.07026,2.42900
2026-09-13T13:45:07.970,1789281907.970,,4.7735,66.1,2400,6197,36.3,0x80000,0.00306,0.32059,0.21893,0.38866,0.00282,0.00282,0.17737,0.20974,0.38337,0.01177,0.06787,2.98648
2026-09-13T13:45:08.996,1789281908.997,,3.3923,65.0,2400,6191,36.5,0x80000,0.00297,0.25530,0.20573,0.36680,0.00241,0.00242,0.16765,0.00000,0.23948,0.00503,0.06785,2.07671
2026-09-13T13:45:10.024,1789281910.025,,3.7639,65.5,2400,6194,32.0,0x80000,0.00311,0.21753,0.23135,0.35314,0.00241,0.00242,0.17702,0.18081,0.12055,0.00089,0.07030,2.40438
2026-09-13T13:45:11.050,1789281911.051,,3.6623,64.5,2400,6199,33.0,0x80000,0.00302,0.21939,0.20781,0.34398,0.00241,0.00262,0.18958,0.18081,0.11907,0.00207,0.06533,2.32617
2026-09-13T13:45:12.079,1789281912.079,,8.2387,66.1,2400,6195,38.3,0x80000,0.00287,0.24381,0.20639,0.34083,0.00282,0.00242,0.17102,0.18429,0.18041,0.00326,0.06722,6.83332
2026-09-13T13:45:13.107,1789281913.108,,3.3033,65.0,2400,6186,35.3,0x80000,0.00311,0.25608,0.20678,0.37557,0.00282,0.00282,0.17366,0.18392,0.42455,0.00681,0.06597,1.60123
2026-09-13T13:45:14.135,1789281914.135,,3.8464,65.0,2400,6194,32.6,0x80000,0.00287,0.23021,0.20497,0.32797,0.00262,0.00242,0.17336,0.18429,0.09134,0.00000,0.06834,2.55796
2026-09-13T13:45:15.161,1789281915.161,,2.7244,65.0,2400,6208,32.5,0x80000,0.00302,0.24125,0.21628,0.35314,0.00241,0.00262,0.17732,0.18456,0.24369,0.00798,0.06564,1.22645
2026-09-13T13:45:16.186,1789281916.187,,1.9878,62.8,2400,6225,21.3,0x80000,0.00297,0.21783,0.20566,0.32994,0.00242,0.00242,0.19611,0.18752,0.09189,0.00000,0.06590,0.68511
2026-09-13T13:45:17.213,1789281917.213,,2.0581,62.8,2400,6233,0.0,0x80000,0.00306,0.29278,0.20377,0.33689,0.00403,0.00242,0.17687,0.18456,0.08492,0.00000,0.06773,0.70104
2026-09-13T13:45:18.239,1789281918.240,,1.9548,61.7,2400,6239,0.0,0x80000,0.00306,0.21773,0.20625,0.32622,0.00261,0.00282,0.17687,0.18442,0.08934,0.00000,0.06834,0.67714
2026-09-13T13:45:19.265,1789281919.265,,1.7499,61.1,2400,6242,0.2,0x80000,0.00311,0.21627,0.20424,0.33521,0.00282,0.00242,0.16419,0.00000,0.07497,0.00000,0.06958,0.67714
2026-09-13T13:45:20.290,1789281920.291,,1.7247,62.2,2400,6240,0.0,0x80000,0.00297,0.21549,0.20532,0.32803,0.00261,0.00262,0.17366,0.01086,0.04841,0.00000,0.06582,0.66897
2026-09-13T13:45:21.317,1789281921.317,,1.7422,61.1,2400,6239,0.0,0x80000,0.00311,0.21499,0.20691,0.32803,0.00282,0.00242,0.18044,0.00722,0.05952,0.00000,0.06773,0.66897
2026-09-13T13:45:22.343,1789281922.343,,1.8017,60.6,2400,6242,0.2,0x80000,0.00311,0.29253,0.21871,0.32803,0.00261,0.00262,0.17030,0.00000,0.03791,0.00000,0.06894,0.67693
2026-09-13T13:45:23.370,1789281923.370,,1.4485,61.1,1500,6250,0.0,0x80000,0.00307,0.21939,0.20518,0.30878,0.00282,0.00282,0.17366,0.00362,0.04085,0.00000,0.06734,0.42103
2026-09-13T13:45:24.397,1789281924.398,,1.6268,60.6,1500,6256,0.0,0x80000,0.00307,0.21929,0.20639,0.30355,0.00281,0.00242,0.17126,0.18442,0.04437,0.00000,0.06795,0.42133
2026-09-13T13:45:25.425,1789281925.425,,1.6261,60.0,1500,6250,0.0,0x80000,0.00307,0.21539,0.21003,0.31207,0.00261,0.00483,0.17410,0.16970,0.04515,0.00000,0.06786,0.42133
2026-09-13T13:45:26.452,1789281926.453,,1.6331,60.6,1500,6243,2.4,0x80000,0.00297,0.21617,0.20504,0.31038,0.00282,0.00242,0.17327,0.19151,0.04300,0.00000,0.07086,0.41464
2026-09-13T13:45:27.480,1789281927.480,,1.7652,59.0,1500,6252,0.0,0x80000,0.00306,0.21470,0.31732,0.31207,0.00322,0.00282,0.20886,0.18031,0.03244,0.00000,0.06978,0.42058
2026-09-13T13:45:28.507,1789281928.508,,1.4681,59.5,1500,6252,0.0,0x80000,0.00311,0.21851,0.20518,0.30878,0.00261,0.00242,0.19950,0.00000,0.04425,0.00000,0.06984,0.41390
2026-09-13T13:45:29.535,1789281929.535,,1.4796,60.6,1500,6253,0.2,0x80000,0.00297,0.21627,0.21592,0.30479,0.00241,0.00222,0.21948,0.00000,0.03566,0.00000,0.06556,0.41435
2026-09-13T13:45:30.561,1789281930.561,,1.4612,60.6,1500,6247,0.2,0x80000,0.00311,0.21851,0.22812,0.31282,0.00282,0.00222,0.16415,0.00000,0.04635,0.00000,0.06843,0.41464
2026-09-13T13:45:31.588,1789281931.589,,1.4484,59.5,1500,6257,0.2,0x80000,0.00311,0.21627,0.20518,0.30675,0.00261,0.00322,0.17366,0.01087,0.04540,0.00000,0.06672,0.41464
2026-09-13T13:45:32.616,1789281932.616,,1.6372,60.0,1500,6253,0.0,0x80000,0.00306,0.21558,0.20826,0.30852,0.00242,0.00222,0.19927,0.18035,0.03347,0.00000,0.06985,0.41420
2026-09-13T13:45:33.643,1789281933.644,,1.7932,59.5,1500,6244,0.5,0x80000,0.00312,0.21695,0.28103,0.30794,0.00261,0.00483,0.25112,0.19527,0.04622,0.00030,0.06989,0.41390
2026-09-13T13:45:34.669,1789281934.670,,1.4135,59.0,1500,6250,0.0,0x80000,0.00312,0.21617,0.20660,0.31215,0.00302,0.00322,0.15740,0.00361,0.03351,0.00000,0.06679,0.40796
2026-09-13T13:45:35.696,1789281935.696,,1.4284,60.6,1500,6253,0.0,0x80000,0.00311,0.21539,0.20625,0.31105,0.00322,0.00484,0.16387,0.00000,0.03260,0.00000,0.06670,0.42133
2026-09-13T13:45:36.722,1789281936.723,,1.5918,59.5,1500,6248,2.2,0x80000,0.00316,0.21743,0.20889,0.30852,0.00322,0.00322,0.15749,0.18090,0.02703,0.00000,0.06789,0.41405
2026-09-13T13:45:37.750,1789281937.750,,1.6230,59.5,1500,6247,0.0,0x80000,0.00307,0.24504,0.20840,0.30852,0.00262,0.00483,0.17035,0.17358,0.03449,0.00000,0.06417,0.40796
2026-09-13T13:45:38.776,1789281938.777,,1.4912,60.0,1500,6252,0.0,0x80000,0.00306,0.21939,0.20573,0.31030,0.00322,0.00282,0.17672,0.00000,0.03878,0.00000,0.06989,0.46129
2026-09-13T13:45:39.804,1789281939.804,,1.4135,60.0,1500,6256,0.0,0x80000,0.00311,0.21929,0.20701,0.30355,0.00402,0.00242,0.16125,0.00362,0.03567,0.00000,0.06609,0.40752
2026-09-13T13:45:40.831,1789281940.832,,1.4338,59.5,1500,6253,0.0,0x80000,0.00311,0.21615,0.20816,0.31207,0.00261,0.00483,0.17097,0.00000,0.03468,0.00000,0.06668,0.41449
2026-09-13T13:45:41.857,1789281941.858,,1.5393,59.5,1500,6252,0.5,0x80000,0.00311,0.21627,0.28112,0.30638,0.00282,0.00222,0.20897,0.00362,0.03765,0.00000,0.06923,0.40796
2026-09-13T13:45:42.888,1789281942.889,,1.7417,59.5,1500,6247,0.0,0x80000,0.00312,0.22085,0.20719,0.30813,0.00242,0.00322,0.15510,0.00724,0.03487,0.00000,0.06665,0.73290
2026-09-13T13:45:43.915,1789281943.915,,1.9100,60.0,1500,6247,0.0,0x80000,0.00312,0.21383,0.33516,0.31325,0.00282,0.00242,0.19617,0.00000,0.02591,0.00000,0.06853,0.74884
2026-09-13T13:45:44.944,1789281944.944,,1.5595,59.5,1500,6244,0.0,0x80000,0.00307,0.21783,0.31774,0.31030,0.00322,0.00282,0.17989,0.00000,0.03556,0.00000,0.06791,0.42118
2026-09-13T13:45:45.970,1789281945.970,,1.5918,59.5,1500,6246,0.2,0x80000,0.00311,0.21499,0.20788,0.31038,0.00282,0.00242,0.15753,0.17732,0.03912,0.00000,0.06809,0.40810
2026-09-13T13:45:46.996,1789281946.997,,3.6732,62.2,2400,6212,51.4,0x80000,0.00297,0.31937,0.20861,0.34716,0.00322,0.00282,0.15758,0.18081,0.21363,0.00296,0.06725,2.16684
2026-09-13T13:45:48.023,1789281948.023,,5.0562,63.9,2400,6180,42.6,0x80000,0.00311,0.23936,0.20660,0.32679,0.00241,0.00242,0.17390,0.18475,0.08873,0.00207,0.06600,3.76011
2026-09-13T13:45:49.049,1789281949.050,,5.3261,65.5,2400,6167,50.2,0x80000,0.00302,0.25831,0.21973,0.35259,0.00282,0.00282,0.16732,0.00361,0.06026,0.00000,0.06539,4.19029
2026-09-13T13:45:50.076,1789281950.076,,5.4345,65.0,2400,6167,50.0,0x80000,0.00307,0.24493,0.20444,0.38476,0.00241,0.00242,0.17687,0.00000,0.17904,0.00147,0.06866,4.16639
2026-09-13T13:45:51.102,1789281951.103,,4.6738,66.1,2400,6166,51.0,0x80000,0.00302,0.23735,0.24434,0.35608,0.00261,0.00262,0.17356,0.00000,0.13885,0.00355,0.06903,3.44280
2026-09-13T13:45:52.129,1789281952.129,,5.3085,66.7,2400,6170,50.7,0x80000,0.00302,0.25892,0.20632,0.34230,0.00282,0.00262,0.17687,0.18396,0.20519,0.01442,0.06883,3.84324
2026-09-13T13:45:53.154,1789281953.155,,3.1846,63.9,2400,6203,30.9,0x80000,0.00302,0.29353,0.20691,0.34047,0.00241,0.00242,0.17020,0.18456,0.18938,0.00030,0.07168,1.71969
2026-09-13T13:45:54.180,1789281954.181,,3.0115,63.4,2400,6217,25.1,0x80000,0.00311,0.24649,0.20625,0.39363,0.00302,0.00242,0.29536,0.00362,0.17803,0.00059,0.06930,1.60968
2026-09-13T13:45:55.207,1789281955.208,,4.3869,65.5,2400,6191,42.3,0x80000,0.00292,0.29793,0.20605,0.38654,0.00281,0.00262,0.17025,0.18484,0.36778,0.00916,0.06566,2.69031
2026-09-13T13:45:56.236,1789281956.237,,4.7133,65.0,2400,6157,60.6,0x80000,0.00311,0.36699,0.20525,0.38786,0.00281,0.00282,0.17044,0.20235,0.32308,0.01272,0.06624,2.96965
2026-09-13T13:45:57.262,1789281957.263,,4.2861,66.1,2400,6161,64.0,0x80000,0.00287,0.22683,0.20625,0.33696,0.00241,0.00262,0.19295,0.20963,0.17946,0.00238,0.06924,2.85453
2026-09-13T13:45:58.289,1789281958.289,,5.3691,65.5,2400,6158,60.9,0x80000,0.00307,0.24248,0.20701,0.33890,0.00282,0.00282,0.17371,0.18790,0.11860,0.00266,0.06738,4.02179
2026-09-13T13:45:59.317,1789281959.317,,6.4178,67.8,2400,6161,61.2,0x80000,0.00307,0.22007,0.20639,0.34019,0.00281,0.00282,0.17682,0.18094,0.10638,0.00000,0.06853,5.10977
2026-09-13T13:46:00.344,1789281960.345,,4.4871,68.3,2400,6461,59.7,0x80000,0.00307,0.21615,0.20788,0.34925,0.00241,0.00262,0.15098,0.16634,0.24567,0.01207,0.06488,3.06575
2026-09-13T13:46:01.373,1789281961.374,,4.8436,67.8,2400,7861,59.9,0x80000,0.00311,0.24237,0.20760,0.34930,0.00262,0.00242,0.19667,0.18094,0.09229,0.00708,0.06675,3.49241
2026-09-13T13:46:02.401,1789281962.402,,4.9523,68.3,2400,7919,62.3,0x80000,0.00283,0.39295,0.20470,0.35665,0.00241,0.00262,0.17390,0.18804,0.32287,0.00207,0.06293,3.24035
2026-09-13T13:46:03.429,1789281963.430,,2.7111,67.8,2400,7940,55.5,0x80000,0.00311,0.23326,0.20573,0.35100,0.00281,0.00242,0.17380,0.00360,0.17647,0.00353,0.06609,1.48926
2026-09-13T13:46:04.456,1789281964.456,,4.9132,67.8,2400,7930,58.2,0x80000,0.00287,0.29224,0.20525,0.35781,0.00282,0.00242,0.18004,0.18076,0.24493,0.00799,0.06634,3.36976
2026-09-13T13:46:05.482,1789281965.483,,5.4289,67.8,2400,7928,61.4,0x80000,0.00312,0.22329,0.20747,0.34664,0.00281,0.00282,0.18310,0.18387,0.12668,0.00088,0.06828,4.07999
2026-09-13T13:46:06.510,1789281966.511,,6.2828,68.8,2400,7930,61.0,0x80000,0.00287,0.26936,0.20557,0.34066,0.00282,0.00282,0.17722,0.20921,0.18508,0.00089,0.06666,4.81963
2026-09-13T13:46:07.539,1789281967.539,,4.8395,67.8,2400,7926,62.8,0x80000,0.00306,0.31733,0.20584,0.35627,0.00282,0.00282,0.17346,0.19180,0.34878,0.01181,0.06576,3.15978
2026-09-13T13:46:08.567,1789281968.568,,5.2245,68.3,2400,7942,60.4,0x80000,0.00297,0.25062,0.20612,0.38259,0.00282,0.00282,0.17025,0.18804,0.17790,0.01126,0.06911,3.76005
2026-09-13T13:46:09.595,1789281969.596,,5.5136,68.8,2400,7942,62.0,0x80000,0.00287,0.22309,0.20497,0.33872,0.00241,0.00322,0.17687,0.18776,0.17641,0.00000,0.06647,4.13079
2026-09-13T13:46:10.625,1789281970.625,,9.2012,68.3,2400,7947,60.9,0x80000,0.00307,0.21994,0.20552,0.37206,0.00241,0.00483,0.17087,0.18813,0.28943,0.01156,0.06978,7.66362
2026-09-13T13:46:11.652,1789281971.653,,3.0544,67.2,2400,7995,28.8,0x80000,0.00306,0.27485,0.20552,0.37071,0.00282,0.00282,0.17667,0.18094,0.31316,0.01360,0.06968,1.44060
2026-09-13T13:46:12.679,1789281972.680,,1.9636,63.4,2400,8023,7.1,0x80000,0.00302,0.21597,0.20612,0.33345,0.00282,0.00282,0.17039,0.18429,0.08421,0.00000,0.06770,0.69286
2026-09-13T13:46:13.706,1789281973.706,,1.9706,63.4,2400,8034,1.0,0x80000,0.00297,0.21743,0.20767,0.32994,0.00281,0.00282,0.17747,0.18054,0.08973,0.00000,0.06654,0.69265
2026-09-13T13:46:14.732,1789281974.732,,2.2779,62.8,2400,8036,0.0,0x80000,0.00287,0.21636,0.20740,0.33012,0.00241,0.00262,0.15749,0.17715,0.10030,0.00177,0.06768,1.01172
2026-09-13T13:46:15.757,1789281975.758,,2.0441,62.8,2400,8042,0.0,0x80000,0.00302,0.30123,0.20598,0.33030,0.00241,0.00242,0.17682,0.18396,0.08643,0.00030,0.06630,0.68490
2026-09-13T13:46:16.784,1789281976.785,,1.6795,61.7,1500,7392,0.0,0x80000,0.00302,0.21773,0.20518,0.32803,0.00322,0.00322,0.16120,0.18452,0.08167,0.00000,0.06417,0.42756
2026-09-13T13:46:17.812,1789281977.812,,1.6822,60.6,1500,6392,2.9,0x80000,0.00302,0.21665,0.20612,0.32271,0.00402,0.00242,0.16746,0.18396,0.08062,0.00000,0.06793,0.42725
2026-09-13T13:46:18.839,1789281978.840,,1.7013,61.7,1500,6293,0.2,0x80000,0.00316,0.21715,0.21807,0.32134,0.00241,0.00483,0.17054,0.18429,0.09405,0.00059,0.06416,0.42073
2026-09-13T13:46:19.867,1789281979.867,,1.5099,60.6,1500,6285,0.0,0x80000,0.00297,0.21977,0.21649,0.31925,0.00282,0.00242,0.16704,0.00723,0.08148,0.00000,0.06989,0.42058
2026-09-13T13:46:20.897,1789281980.897,,1.8384,61.7,1500,6285,0.2,0x80000,0.00311,0.22014,0.20411,0.32625,0.00261,0.00322,0.17687,0.00000,0.08779,0.00000,0.06589,0.74838
2026-09-13T13:46:21.923,1789281981.924,,1.8650,61.7,1500,6289,0.0,0x80000,0.00307,0.21851,0.22789,0.32980,0.00241,0.00282,0.17687,0.00000,0.08707,0.00029,0.06784,0.74838
2026-09-13T13:46:22.953,1789281982.954,,1.4768,61.1,1500,6289,0.2,0x80000,0.00297,0.21539,0.20660,0.32803,0.00282,0.00222,0.15436,0.00000,0.08443,0.00000,0.06552,0.41449
2026-09-13T13:46:23.980,1789281983.980,,1.4934,61.1,1500,6293,0.0,0x80000,0.00297,0.21881,0.20552,0.32210,0.00282,0.00222,0.16419,0.00000,0.08368,0.00000,0.06980,0.42133
2026-09-13T13:46:25.006,1789281985.007,,1.4557,61.1,1500,6290,0.0,0x80000,0.00302,0.21744,0.21305,0.31207,0.00402,0.00242,0.17356,0.00000,0.03977,0.00000,0.06976,0.42058
2026-09-13T13:46:26.033,1789281986.033,,1.4511,60.6,1500,6293,0.0,0x80000,0.00307,0.21959,0.20660,0.30638,0.00282,0.00201,0.17410,0.00000,0.04837,0.00000,0.06725,0.42088
2026-09-13T13:46:27.059,1789281987.060,,1.4672,60.0,1500,6290,0.0,0x80000,0.00331,0.23266,0.20781,0.30852,0.00402,0.00242,0.18418,0.00362,0.03341,0.00000,0.06609,0.42118
2026-09-13T13:46:28.086,1789281988.086,,1.7221,59.5,1500,6284,2.7,0x80000,0.00312,0.21763,0.28192,0.30675,0.00322,0.00222,0.19916,0.18415,0.03674,0.00000,0.06660,0.42058
2026-09-13T13:46:29.112,1789281989.113,,1.6465,59.5,1500,6281,0.2,0x80000,0.00297,0.21841,0.20458,0.31207,0.00282,0.00222,0.18377,0.19513,0.04008,0.00000,0.06985,0.41464
2026-09-13T13:46:30.138,1789281990.139,,1.8089,60.0,1500,6284,0.0,0x80000,0.00322,0.22004,0.20680,0.35937,0.00261,0.00322,0.30093,0.18780,0.04644,0.00000,0.06422,0.41420
2026-09-13T13:46:31.165,1789281991.165,,1.5940,60.0,1500,6286,0.2,0x80000,0.00312,0.21889,0.21090,0.30355,0.00261,0.00222,0.16143,0.17314,0.02795,0.00000,0.06899,0.42118
2026-09-13T13:46:32.191,1789281992.192,,1.5907,59.5,1500,6278,0.0,0x80000,0.00312,0.21891,0.20625,0.31215,0.00282,0.00242,0.16396,0.15867,0.04001,0.00000,0.06791,0.41449
2026-09-13T13:46:33.219,1789281993.219,,1.6144,59.5,1500,6281,0.2,0x80000,0.00287,0.21499,0.20875,0.30180,0.00241,0.00242,0.17677,0.18442,0.03874,0.00000,0.06670,0.41449
2026-09-13T13:46:34.246,1789281994.246,,1.4560,60.6,1500,6278,0.0,0x80000,0.00312,0.21568,0.23096,0.30638,0.00282,0.00222,0.17449,0.00361,0.03444,0.00000,0.06791,0.41435
2026-09-13T13:46:35.272,1789281995.273,,1.4366,60.0,1500,6284,0.0,0x80000,0.00312,0.21587,0.20673,0.31116,0.00282,0.00222,0.16779,0.00000,0.04438,0.00000,0.06805,0.41449
2026-09-13T13:46:36.299,1789281996.299,,1.4043,60.0,1500,6286,0.0,0x80000,0.00312,0.21597,0.20532,0.30594,0.00241,0.00322,0.16470,0.00363,0.01748,0.00000,0.06802,0.41449
2026-09-13T13:46:37.326,1789281997.327,,1.5202,60.6,1500,6282,0.0,0x80000,0.00311,0.22007,0.21162,0.31207,0.00261,0.00322,0.25070,0.00000,0.03448,0.00000,0.06853,0.41375
2026-09-13T13:46:38.352,1789281998.353,,1.6356,60.0,1500,6270,2.2,0x80000,0.00302,0.21959,0.20868,0.31384,0.00241,0.00222,0.18631,0.18081,0.03992,0.00000,0.06417,0.41464
2026-09-13T13:46:39.380,1789281999.380,,1.6188,60.0,1500,6272,0.0,0x80000,0.00306,0.21635,0.20733,0.30878,0.00262,0.00222,0.17030,0.19137,0.03229,0.00000,0.06985,0.41464
2026-09-13T13:46:40.407,1789282000.408,,1.4514,60.0,1500,6280,0.0,0x80000,0.00297,0.21871,0.21542,0.30852,0.00282,0.00242,0.17429,0.00724,0.03870,0.00000,0.07239,0.40796
2026-09-13T13:46:41.434,1789282001.435,,1.4311,59.5,1500,6277,0.2,0x80000,0.00297,0.22027,0.21736,0.31052,0.00262,0.00222,0.16387,0.00000,0.03450,0.00000,0.06923,0.40752
2026-09-13T13:46:42.461,1789282002.461,,1.6355,60.0,1500,6272,0.0,0x80000,0.00311,0.21801,0.20625,0.30927,0.00282,0.00222,0.18689,0.19137,0.03419,0.00000,0.06674,0.41464
2026-09-13T13:46:43.487,1789282003.488,,1.6192,59.5,1500,6270,0.0,0x80000,0.00331,0.21558,0.21951,0.30529,0.00262,0.00322,0.16401,0.18415,0.03892,0.00000,0.06795,0.41464
2026-09-13T13:46:44.515,1789282004.515,,1.4531,59.5,1500,6270,0.2,0x80000,0.00317,0.21499,0.22192,0.30355,0.00342,0.00322,0.18009,0.00000,0.04404,0.00000,0.06421,0.41449
2026-09-13T13:46:45.542,1789282005.542,,1.4210,59.0,1500,6276,0.0,0x80000,0.00306,0.21597,0.20781,0.30355,0.00261,0.00242,0.16479,0.01087,0.03769,0.00000,0.06431,0.40796
2026-09-13T13:46:46.569,1789282006.570,,1.6148,60.0,1500,6268,0.0,0x80000,0.00292,0.21461,0.20740,0.30498,0.00282,0.00222,0.18631,0.18103,0.03657,0.00000,0.06798,0.40796
2026-09-13T13:46:47.597,1789282007.597,,1.7670,59.0,1500,6264,0.0,0x80000,0.00297,0.21646,0.28084,0.30749,0.00282,0.00201,0.25084,0.18456,0.03404,0.00000,0.07048,0.41449
2026-09-13T13:46:48.624,1789282008.624,,2.9503,61.1,2400,6239,31.7,0x80000,0.00297,0.22424,0.20788,0.31986,0.00282,0.00242,0.19595,0.18035,0.09563,0.00089,0.06921,1.64804
2026-09-13T13:46:49.656,1789282009.657,,8.4453,64.5,2400,6197,54.6,0x80000,0.00302,0.28172,0.20982,0.33872,0.00281,0.00282,0.17662,0.23470,0.07933,0.01148,0.06736,7.03692
2026-09-13T13:46:50.689,1789282010.689,,7.4840,67.8,2400,6138,100.0,0x80000,0.00301,0.28522,0.20625,0.36526,0.00482,0.00182,0.16967,0.18392,0.25620,0.00771,0.06620,5.93394
2026-09-13T13:46:51.725,1789282011.725,,7.1031,69.4,2400,7037,100.0,0x80000,0.00302,0.27170,0.21944,0.38610,0.00281,0.00282,0.15136,0.00000,0.45486,0.02385,0.06477,5.52233
2026-09-13T13:46:52.753,1789282012.754,,2.8510,66.7,2400,7843,86.7,0x80000,0.00306,0.21841,0.20518,0.32994,0.00242,0.00262,0.19295,0.17310,0.11083,0.00000,0.06792,1.54454
2026-09-13T13:46:53.780,1789282013.781,,3.0428,65.0,2400,7997,30.8,0x80000,0.00297,0.25686,0.20458,0.34245,0.00281,0.00242,0.20915,0.19151,0.22766,0.00592,0.06604,1.53046
2026-09-13T13:46:54.807,1789282014.808,,2.7905,64.5,2400,8004,25.4,0x80000,0.00297,0.22865,0.21792,0.34749,0.00241,0.00242,0.17087,0.00000,0.14287,0.00000,0.06667,1.60823
2026-09-13T13:46:55.841,1789282015.841,,6.7237,67.2,2400,7947,69.3,0x80000,0.00297,0.31297,0.20747,0.35978,0.00242,0.00181,0.17415,0.20200,0.41344,0.01155,0.06716,4.96800
2026-09-13T13:46:56.876,1789282016.877,,8.2487,67.8,2400,7903,93.2,0x80000,0.00297,0.29512,0.20417,0.41594,0.00281,0.00282,0.17025,0.18026,0.44963,0.01065,0.06734,6.44671
2026-09-13T13:46:57.912,1789282017.912,,7.7453,70.0,2400,7907,91.3,0x80000,0.00311,0.24381,0.20612,0.34833,0.00282,0.00242,0.17044,0.20958,0.20684,0.01177,0.06953,6.27052
2026-09-13T13:46:58.944,1789282018.944,,7.5579,69.4,2400,7919,90.7,0x80000,0.00297,0.25592,0.20417,0.38341,0.00221,0.00282,0.16429,0.15939,0.29961,0.01185,0.06684,6.00442
2026-09-13T13:46:59.974,1789282019.974,,8.2381,70.0,2400,7911,94.6,0x80000,0.00306,0.26562,0.20660,0.37200,0.00241,0.00201,0.19064,0.16638,0.17382,0.01596,0.06449,6.77506
2026-09-13T13:47:01.007,1789282021.008,,6.6439,71.6,2400,7907,93.9,0x80000,0.00302,0.22034,0.22037,0.35113,0.00282,0.00282,0.17687,0.16643,0.38268,0.00059,0.06469,5.05218
2026-09-13T13:47:02.038,1789282022.039,,7.1422,70.5,2400,7915,93.1,0x80000,0.00297,0.21861,0.20747,0.37413,0.00362,0.00282,0.17025,0.19884,0.24302,0.00238,0.06485,5.65324
2026-09-13T13:47:03.077,1789282023.077,,6.5719,71.6,2400,7923,91.2,0x80000,0.00311,0.29316,0.20584,0.33384,0.00282,0.00141,0.17692,0.18757,0.09225,0.00000,0.06495,5.20998
2026-09-13T13:47:04.107,1789282024.107,,4.8939,71.6,2400,7921,87.8,0x80000,0.00307,0.26952,0.27681,0.37026,0.00241,0.00161,0.17647,0.18085,0.31101,0.01041,0.07011,3.22131
2026-09-13T13:47:05.140,1789282025.140,,5.9723,70.5,2400,7921,91.4,0x80000,0.00302,0.27055,0.20767,0.37374,0.00281,0.00242,0.17712,0.00000,0.26319,0.03017,0.06341,4.57819
2026-09-13T13:47:06.172,1789282026.173,,5.1336,72.7,2400,7938,92.0,0x80000,0.00297,0.28406,0.20518,0.43696,0.00282,0.00242,0.29536,0.00722,0.18679,0.00385,0.06531,3.64062
2026-09-13T13:47:07.212,1789282027.213,,6.5282,72.2,2400,7944,93.7,0x80000,0.00301,0.26923,0.27402,0.35944,0.00282,0.00181,0.24420,0.15899,0.36154,0.00474,0.06706,4.78129
2026-09-13T13:47:08.244,1789282028.244,,8.2598,72.2,2400,7959,91.7,0x80000,0.00296,0.32190,0.22674,0.37990,0.00302,0.00161,0.16461,0.21724,0.22270,0.00415,0.06905,6.64595
2026-09-13T13:47:09.276,1789282029.276,,5.0015,71.6,2400,7938,92.7,0x80000,0.00297,0.28897,0.20653,0.35462,0.00282,0.00282,0.17727,0.16634,0.41276,0.00446,0.06397,3.31799
2026-09-13T13:47:10.308,1789282030.308,,3.2701,70.5,2400,7940,87.1,0x80000,0.00306,0.26353,0.22452,0.37290,0.00281,0.00201,0.17737,0.17349,0.34460,0.00534,0.06787,1.63261
2026-09-13T13:47:11.335,1789282031.335,,3.0896,67.8,2400,8021,25.4,0x80000,0.00302,0.25843,0.20767,0.36112,0.00261,0.00242,0.17697,0.18799,0.28042,0.00502,0.06734,1.53658
2026-09-13T13:47:12.361,1789282032.361,,1.9815,65.0,2400,8051,2.4,0x80000,0.00311,0.21939,0.20660,0.33376,0.00282,0.00282,0.16410,0.18054,0.08489,0.00059,0.06635,0.71654
2026-09-13T13:47:13.387,1789282033.387,,3.1090,65.0,2400,8058,0.5,0x80000,0.00307,0.22444,0.20673,0.34245,0.00241,0.00181,0.17035,0.18804,0.24533,0.00089,0.06744,1.65600
2026-09-13T13:47:14.412,1789282034.413,,1.9829,63.9,2400,8055,0.5,0x80000,0.00302,0.21627,0.20463,0.33209,0.00282,0.00282,0.17702,0.18586,0.08958,0.00000,0.06755,0.70125
2026-09-13T13:47:15.439,1789282035.439,,2.1350,63.4,2400,8047,0.0,0x80000,0.00297,0.22319,0.21628,0.33521,0.00282,0.00282,0.29281,0.18752,0.09631,0.00030,0.06618,0.70858
2026-09-13T13:47:16.464,1789282036.465,,1.7980,64.5,2400,8051,0.0,0x80000,0.00297,0.21685,0.20518,0.33028,0.00282,0.00242,0.18418,0.00724,0.08554,0.00000,0.06768,0.69286
2026-09-13T13:47:17.491,1789282037.491,,1.7838,62.2,2400,8055,0.0,0x80000,0.00297,0.21617,0.20552,0.33345,0.00281,0.00282,0.17346,0.00361,0.09042,0.00000,0.06772,0.68490
2026-09-13T13:47:18.518,1789282038.518,,1.6053,62.2,1500,8068,0.0,0x80000,0.00297,0.30513,0.20875,0.32643,0.00281,0.00282,0.16406,0.00000,0.09399,0.00000,0.07035,0.42802
2026-09-13T13:47:19.545,1789282039.546,,1.7592,61.1,1500,6941,2.7,0x80000,0.00311,0.22007,0.20934,0.32448,0.00402,0.00242,0.23148,0.18392,0.08518,0.00000,0.06795,0.42725
2026-09-13T13:47:20.572,1789282040.572,,1.6808,61.7,1500,6358,0.0,0x80000,0.00307,0.21431,0.20747,0.31958,0.00282,0.00282,0.17044,0.18067,0.08563,0.00000,0.06603,0.42802
2026-09-13T13:47:21.599,1789282041.600,,1.5153,61.7,1500,6313,0.2,0x80000,0.00311,0.21607,0.20680,0.31750,0.00282,0.00282,0.18341,0.00721,0.07144,0.00000,0.06984,0.43424
2026-09-13T13:47:22.627,1789282042.627,,1.6887,61.7,1500,6311,0.0,0x80000,0.00302,0.21773,0.20788,0.31750,0.00261,0.00282,0.16708,0.19118,0.08696,0.00000,0.06422,0.42771
2026-09-13T13:47:23.653,1789282043.653,,1.6854,61.7,1500,6311,0.0,0x80000,0.00302,0.21851,0.20660,0.32271,0.00262,0.00242,0.17035,0.18429,0.08704,0.00030,0.06674,0.42088
2026-09-13T13:47:24.679,1789282044.680,,1.6718,61.7,1500,6317,0.0,0x80000,0.00297,0.21549,0.20444,0.32271,0.00241,0.00282,0.17044,0.18081,0.08000,0.00000,0.06853,0.42118
2026-09-13T13:47:25.707,1789282045.707,,1.6770,61.7,1500,6314,0.5,0x80000,0.00297,0.22605,0.20431,0.32099,0.00282,0.00282,0.15744,0.18392,0.08696,0.00089,0.06665,0.42118
2026-09-13T13:47:26.734,1789282046.735,,1.6663,60.6,1500,6306,0.0,0x80000,0.00302,0.21821,0.33946,0.32625,0.00261,0.00242,0.18942,0.00000,0.08730,0.00000,0.06989,0.42771
2026-09-13T13:47:27.761,1789282047.761,,1.5088,61.1,1500,6309,0.0,0x80000,0.00312,0.21773,0.20625,0.32625,0.00262,0.00483,0.17054,0.00000,0.08424,0.00000,0.07231,0.42088
2026-09-13T13:47:28.787,1789282048.788,,1.5245,61.7,1500,6311,0.0,0x80000,0.00292,0.21793,0.21743,0.32457,0.00302,0.00242,0.17429,0.01087,0.08407,0.00000,0.06615,0.42088
2026-09-13T13:47:29.815,1789282049.815,,1.6841,61.1,1500,6299,2.7,0x80000,0.00312,0.21539,0.21965,0.32093,0.00402,0.00242,0.17336,0.18090,0.08540,0.00000,0.06422,0.41464
2026-09-13T13:47:30.843,1789282050.843,,1.7965,61.1,1500,6305,0.0,0x80000,0.00311,0.21861,0.24616,0.31576,0.00282,0.00282,0.24748,0.17719,0.08867,0.00000,0.06667,0.42725
2026-09-13T13:47:31.873,1789282051.874,,1.9760,60.6,1500,6309,0.0,0x80000,0.00312,0.31918,0.20660,0.32980,0.00322,0.00484,0.17336,0.00361,0.08373,0.00000,0.06782,0.78070
2026-09-13T13:47:32.900,1789282052.900,,2.0081,61.1,1500,6303,0.0,0x80000,0.00302,0.21715,0.20639,0.32291,0.00241,0.00242,0.17078,0.17693,0.08739,0.00000,0.06963,0.74906
2026-09-13T13:47:33.926,1789282053.927,,2.1193,60.6,1500,6301,0.5,0x80000,0.00302,0.21383,0.20719,0.32047,0.00241,0.00242,0.30306,0.18094,0.08065,0.00089,0.06404,0.74042
2026-09-13T13:47:34.975,1789282054.976,,1.8881,60.6,1500,6299,0.0,0x80000,0.00322,0.27911,0.20653,0.31561,0.00322,0.00322,0.17044,0.00361,0.04769,0.00000,0.06729,0.78819
2026-09-13T13:47:36.002,1789282056.002,,1.4487,61.1,1500,6301,0.0,0x80000,0.00292,0.21519,0.20660,0.31022,0.00282,0.00242,0.17999,0.00000,0.04598,0.00118,0.06674,0.41464
2026-09-13T13:47:37.029,1789282057.030,,1.4247,61.1,1500,6293,0.0,0x80000,0.00302,0.21773,0.20747,0.30305,0.00282,0.00282,0.16156,0.00000,0.04507,0.00000,0.06672,0.41449
2026-09-13T13:47:38.057,1789282058.057,,1.4415,60.0,1500,6297,0.0,0x80000,0.00297,0.21617,0.20639,0.31207,0.00242,0.00242,0.16415,0.00722,0.04528,0.00000,0.06797,0.41449
2026-09-13T13:47:39.084,1789282059.085,,1.4451,60.0,1500,6297,0.0,0x80000,0.00302,0.22055,0.20660,0.31148,0.00282,0.00242,0.16788,0.00000,0.04456,0.00000,0.07114,0.41464
2026-09-13T13:47:40.111,1789282060.111,,1.6056,60.6,1500,6290,2.2,0x80000,0.00321,0.21851,0.20740,0.30355,0.00262,0.00322,0.17366,0.17693,0.03341,0.00000,0.06844,0.41464
2026-09-13T13:47:41.239,1789282061.239,,1.6392,60.0,1500,6291,0.0,0x80000,0.00316,0.21693,0.20733,0.31207,0.00322,0.00222,0.19938,0.18054,0.03781,0.00000,0.06857,0.40796
2026-09-13T13:47:42.265,1789282062.266,,1.4304,59.5,1500,6285,0.0,0x80000,0.00312,0.21783,0.22942,0.30594,0.00241,0.00322,0.15824,0.00361,0.02366,0.00000,0.06802,0.41494
2026-09-13T13:47:43.292,1789282063.292,,1.4528,61.1,1500,6290,0.0,0x80000,0.00302,0.21811,0.20639,0.30529,0.00261,0.00242,0.19355,0.00000,0.03870,0.00029,0.06793,0.41449
2026-09-13T13:47:44.318,1789282064.319,,1.5211,60.0,1500,6290,0.5,0x80000,0.00297,0.21627,0.27939,0.30852,0.00241,0.00222,0.17978,0.00362,0.03667,0.00000,0.06791,0.42133
2026-09-13T13:47:45.345,1789282065.345,,1.4222,59.5,1500,6295,0.0,0x80000,0.00312,0.21490,0.20559,0.30287,0.00241,0.00322,0.17356,0.00000,0.03550,0.00000,0.06670,0.41435
2026-09-13T13:47:46.371,1789282066.372,,1.4495,60.6,1500,6284,0.0,0x80000,0.00297,0.21705,0.20673,0.31384,0.00402,0.00242,0.17667,0.00000,0.04318,0.00000,0.06797,0.41464
2026-09-13T13:47:47.398,1789282067.398,,1.6526,60.6,1600,6274,2.0,0x80000,0.00297,0.21783,0.20573,0.30878,0.00322,0.00222,0.17346,0.18475,0.03232,0.00000,0.06653,0.45482
2026-09-13T13:47:48.424,1789282068.425,,1.6064,60.6,1500,6282,0.0,0x80000,0.00302,0.21705,0.20719,0.30878,0.00261,0.00242,0.16704,0.18072,0.03880,0.00000,0.07108,0.40766
2026-09-13T13:47:49.451,1789282069.451,,1.4100,59.5,1500,6276,0.0,0x80000,0.00302,0.21851,0.20573,0.31030,0.00322,0.00322,0.15758,0.00722,0.02596,0.00000,0.06802,0.40722
2026-09-13T13:47:50.478,1789282070.479,,1.8055,60.0,1500,6280,2.0,0x80000,0.00302,0.21725,0.20840,0.35763,0.00261,0.00222,0.27923,0.18031,0.07017,0.00030,0.06976,0.41464
2026-09-13T13:47:51.506,1789282071.506,,1.6086,59.5,1500,6278,0.0,0x80000,0.00312,0.21773,0.20701,0.30813,0.00282,0.00242,0.16718,0.17963,0.03875,0.00000,0.06791,0.41390
2026-09-13T13:47:52.532,1789282072.533,,1.7894,60.0,1500,6285,0.0,0x80000,0.00311,0.22105,0.20450,0.30852,0.00322,0.00322,0.16741,0.00000,0.02150,0.00000,0.06798,0.78888
2026-09-13T13:47:53.559,1789282073.559,,1.5051,59.5,1500,6280,0.2,0x80000,0.00307,0.21851,0.23096,0.31207,0.00282,0.00222,0.19388,0.02166,0.04409,0.00000,0.06861,0.40722
2026-09-13T13:47:54.586,1789282074.586,,1.4252,60.0,1500,6273,0.0,0x80000,0.00312,0.21705,0.20518,0.31148,0.00282,0.00242,0.16443,0.00000,0.04304,0.00000,0.06797,0.40766
2026-09-13T13:47:55.613,1789282075.614,,1.4414,59.5,1500,6276,0.0,0x80000,0.00297,0.21929,0.20875,0.30462,0.00282,0.00242,0.18320,0.00000,0.03440,0.00000,0.06798,0.41494
2026-09-13T13:47:56.641,1789282076.641,,1.4253,60.0,1500,6272,0.0,0x80000,0.00292,0.21655,0.20660,0.30498,0.00242,0.00222,0.17366,0.00000,0.03360,0.00000,0.06791,0.41449
2026-09-13T13:47:57.667,1789282077.668,,1.4394,59.0,1500,6281,0.0,0x80000,0.00311,0.21929,0.20625,0.31105,0.00402,0.00222,0.17682,0.00000,0.04088,0.00000,0.06795,0.40781
2026-09-13T13:47:58.694,1789282078.694,,1.4336,59.5,1500,6272,0.2,0x80000,0.00311,0.21773,0.20680,0.30768,0.00242,0.00483,0.16727,0.00000,0.04661,0.00000,0.06989,0.40722
2026-09-13T13:47:59.721,1789282079.722,,1.4328,59.5,1500,6270,0.2,0x80000,0.00311,0.21889,0.20477,0.31207,0.00402,0.00242,0.16718,0.00362,0.03444,0.00000,0.06797,0.41435
2026-09-13T13:48:00.749,1789282080.749,,1.5977,59.5,1500,6268,2.0,0x80000,0.00312,0.22085,0.20584,0.31393,0.00282,0.00322,0.17044,0.17719,0.02270,0.00000,0.06978,0.40781
2026-09-13T13:48:01.775,1789282081.776,,1.5963,59.5,1500,6270,0.2,0x80000,0.00302,0.21461,0.21542,0.30861,0.00282,0.00222,0.15740,0.18442,0.03118,0.00000,0.06899,0.40766
2026-09-13T13:48:02.802,1789282082.802,,1.6636,59.0,1500,6274,0.0,0x80000,0.00312,0.24671,0.20948,0.31816,0.00282,0.00222,0.17732,0.18072,0.04213,0.00059,0.07235,0.40796
2026-09-13T13:48:03.828,1789282083.828,,2.8593,60.6,2400,6251,20.9,0x80000,0.00297,0.22496,0.20767,0.31750,0.00261,0.00242,0.17677,0.17693,0.11351,0.00059,0.07052,1.56281
2026-09-13T13:48:04.857,1789282084.857,,6.1188,61.7,2400,6231,26.2,0x80000,0.00302,0.29289,0.20673,0.33363,0.00241,0.00242,0.18372,0.00723,0.08704,0.00059,0.06941,4.92968
2026-09-13T13:48:05.890,1789282085.890,,6.7536,67.8,2400,6158,97.8,0x80000,0.00311,0.30733,0.21843,0.39003,0.00241,0.00241,0.17049,0.03248,0.38470,0.01273,0.06441,5.16508
2026-09-13T13:48:06.928,1789282086.929,,7.8149,70.0,2400,7651,99.8,0x80000,0.00306,0.25417,0.20889,0.36017,0.00282,0.00282,0.17059,0.01807,0.23050,0.00474,0.06636,6.49270
2026-09-13T13:48:07.964,1789282087.965,,6.7898,70.0,2400,7876,99.8,0x80000,0.00302,0.24403,0.20566,0.38728,0.00261,0.00181,0.17030,0.16634,0.41857,0.01984,0.06389,5.10642
2026-09-13T13:48:08.993,1789282088.994,,2.9313,66.1,2400,7989,45.3,0x80000,0.00297,0.22163,0.20660,0.36153,0.00241,0.00322,0.17341,0.17353,0.16302,0.00000,0.07043,1.55250
2026-09-13T13:48:10.021,1789282090.021,,2.7644,64.5,2400,8006,24.9,0x80000,0.00302,0.23891,0.20660,0.35276,0.00282,0.00262,0.15436,0.00000,0.21392,0.00237,0.06547,1.52157
2026-09-13T13:48:11.149,1789282091.150,,4.3561,65.0,2400,7966,54.3,0x80000,0.00302,0.31903,0.22166,0.37413,0.00342,0.00262,0.18009,0.18094,0.28679,0.01185,0.06644,2.70611
2026-09-13T13:48:12.180,1789282092.181,,4.1588,68.8,2400,7911,86.9,0x80000,0.00297,0.24944,0.21944,0.37413,0.00322,0.00282,0.18019,0.16992,0.45208,0.00000,0.06690,2.43770
2026-09-13T13:48:13.208,1789282093.209,,5.1249,68.3,2400,7911,90.7,0x80000,0.00302,0.29340,0.34341,0.37720,0.00281,0.00282,0.21422,0.16588,0.36846,0.01299,0.06568,3.27505
2026-09-13T13:48:14.237,1789282094.237,,4.7304,70.0,2400,7911,91.0,0x80000,0.00297,0.30577,0.20819,0.34782,0.00282,0.00242,0.16803,0.20984,0.25179,0.00386,0.07034,3.15657
2026-09-13T13:48:15.271,1789282095.272,,6.1386,71.0,2400,7907,93.8,0x80000,0.00287,0.28146,0.20826,0.34574,0.00261,0.00242,0.17049,0.18429,0.19420,0.00000,0.06583,4.68046
2026-09-13T13:48:16.304,1789282096.305,,8.5072,71.6,2400,7915,92.1,0x80000,0.00302,0.26902,0.21055,0.35307,0.00282,0.00181,0.18320,0.20612,0.24741,0.00265,0.06535,6.96215
2026-09-13T13:48:17.344,1789282097.345,,6.7243,71.0,2400,7919,91.8,0x80000,0.00287,0.21703,0.20538,0.37548,0.00261,0.00242,0.17717,0.18396,0.38688,0.02369,0.06767,5.07914
2026-09-13T13:48:18.376,1789282098.376,,6.5539,72.2,2400,7923,92.2,0x80000,0.00311,0.21848,0.20660,0.33339,0.00282,0.00201,0.17361,0.18790,0.12403,0.00000,0.06504,5.23693
2026-09-13T13:48:19.407,1789282099.407,,4.2076,71.6,2400,7921,94.4,0x80000,0.00297,0.29238,0.20760,0.34417,0.00241,0.00242,0.17419,0.06520,0.17148,0.00178,0.06713,2.87585
2026-09-13T13:48:20.436,1789282100.437,,4.3469,71.6,2400,7913,94.9,0x80000,0.00302,0.28185,0.20625,0.36006,0.00281,0.00241,0.17044,0.25535,0.25179,0.00649,0.06353,2.74290
2026-09-13T13:48:21.466,1789282101.467,,6.4549,72.2,2400,7915,92.6,0x80000,0.00311,0.21959,0.20639,0.34766,0.00281,0.00242,0.17667,0.18475,0.15757,0.00000,0.06377,5.09018
2026-09-13T13:48:22.497,1789282102.497,,5.8345,71.6,2400,7926,93.4,0x80000,0.00306,0.36166,0.20584,0.33366,0.00261,0.00182,0.18952,0.12979,0.17731,0.00266,0.06368,4.36292
2026-09-13T13:48:23.532,1789282103.533,,6.5704,71.6,2400,7932,93.9,0x80000,0.00292,0.27535,0.20444,0.34716,0.00261,0.00241,0.17092,0.00362,0.16725,0.00236,0.06505,5.32627
2026-09-13T13:48:24.564,1789282104.565,,7.0424,71.6,2400,7930,91.7,0x80000,0.00311,0.22085,0.20896,0.32913,0.00281,0.00181,0.17667,0.21303,0.08470,0.00000,0.06731,5.73404
2026-09-13T13:48:25.596,1789282105.597,,4.4089,72.2,2400,7923,94.1,0x80000,0.00297,0.26497,0.20566,0.37015,0.00281,0.00242,0.17054,0.17462,0.49165,0.01180,0.06649,2.64482
2026-09-13T13:48:26.632,1789282106.633,,6.9938,73.8,2400,7934,92.3,0x80000,0.00297,0.24192,0.20573,0.33696,0.00281,0.00242,0.17717,0.22770,0.10051,0.00148,0.06817,5.62593
2026-09-13T13:48:27.664,1789282107.664,,5.4791,73.2,2400,7938,91.4,0x80000,0.00302,0.30251,0.20673,0.39839,0.00281,0.00161,0.16718,0.19199,0.43091,0.01992,0.06341,3.69064
2026-09-13T13:48:28.696,1789282108.696,,7.0801,73.2,2400,7940,93.7,0x80000,0.00301,0.22563,0.23181,0.33789,0.00282,0.00241,0.16770,0.19513,0.12139,0.00000,0.06387,5.72844
2026-09-13T13:48:29.728,1789282109.729,,9.3656,72.7,2400,7938,93.9,0x80000,0.00287,0.21627,0.22059,0.34139,0.00281,0.00242,0.18320,0.18415,0.31200,0.00473,0.06903,7.82619
2026-09-13T13:48:30.759,1789282110.760,,5.3616,73.2,2400,7940,95.3,0x80000,0.00297,0.31591,0.20667,0.38786,0.00281,0.00282,0.17044,0.22059,0.28897,0.01686,0.06528,3.68045
2026-09-13T13:48:31.792,1789282111.793,,6.9965,73.8,2400,7944,91.4,0x80000,0.00302,0.21831,0.20781,0.33715,0.00281,0.00282,0.17999,0.20220,0.10531,0.00000,0.06795,5.66918
2026-09-13T13:48:32.824,1789282112.825,,6.1612,73.8,2400,7940,91.7,0x80000,0.00297,0.27885,0.20518,0.32971,0.00362,0.00242,0.17030,0.18081,0.09232,0.00206,0.06399,4.82895
2026-09-13T13:48:33.856,1789282113.856,,5.9960,73.2,2400,7940,92.0,0x80000,0.00297,0.21967,0.20680,0.33689,0.00322,0.00282,0.23449,0.00000,0.17171,0.00089,0.06429,4.75223
2026-09-13T13:48:34.886,1789282114.887,,6.0067,73.2,2400,7940,93.2,0x80000,0.00301,0.32869,0.21198,0.41317,0.00281,0.00161,0.17044,0.00000,0.28464,0.02367,0.06299,4.50369
2026-09-13T13:48:35.913,1789282115.914,,3.5945,74.3,2400,7944,94.6,0x80000,0.00287,0.22834,0.20767,0.36940,0.00141,0.00141,0.18310,0.00724,0.08806,0.01511,0.06595,2.42395
2026-09-13T13:48:36.945,1789282116.946,,5.2323,74.9,2400,7944,92.4,0x80000,0.00302,0.21743,0.20767,0.33264,0.00282,0.00181,0.18019,0.05435,0.08853,0.00000,0.06505,4.07876
2026-09-13T13:48:37.976,1789282117.976,,8.8547,74.3,2400,7944,91.8,0x80000,0.00311,0.24615,0.23135,0.34957,0.00141,0.00282,0.17687,0.00000,0.45671,0.01001,0.06577,7.31090
2026-09-13T13:48:39.012,1789282119.013,,5.4691,74.9,2400,7947,92.2,0x80000,0.00311,0.22714,0.21700,0.33789,0.00141,0.00141,0.17092,0.20989,0.15479,0.00856,0.06252,4.07448
2026-09-13T13:48:40.044,1789282120.044,,5.1949,73.8,2400,7947,92.2,0x80000,0.00316,0.22315,0.20625,0.41667,0.00281,0.00141,0.17054,0.18429,0.22003,0.00000,0.06336,3.70323
2026-09-13T13:48:41.076,1789282121.077,,5.1191,74.9,2400,7951,92.9,0x80000,0.00302,0.21577,0.20882,0.33495,0.00302,0.00282,0.17035,0.21992,0.13145,0.01035,0.06315,3.75553
2026-09-13T13:48:42.112,1789282122.112,,6.8792,76.0,2400,7949,92.3,0x80000,0.00306,0.22771,0.20639,0.38954,0.00281,0.00242,0.17078,0.16634,0.12067,0.00561,0.06815,5.51569
2026-09-13T13:48:43.144,1789282123.145,,7.4531,75.5,2400,7947,92.7,0x80000,0.00258,0.26460,0.20377,0.36809,0.00282,0.00242,0.16070,0.19834,0.32455,0.00089,0.06519,5.85920
2026-09-13T13:48:44.176,1789282124.177,,4.7273,74.3,2400,7961,92.4,0x80000,0.00297,0.22990,0.20903,0.38781,0.00141,0.00282,0.16410,0.18081,0.24243,0.00000,0.06363,3.24244
2026-09-13T13:48:45.212,1789282125.212,,5.9600,74.9,2400,7949,93.9,0x80000,0.00311,0.32204,0.20712,0.33964,0.00281,0.00141,0.17087,0.18081,0.40647,0.03847,0.06504,4.22216
2026-09-13T13:48:46.244,1789282126.245,,6.1976,75.5,2400,8424,92.4,0x80000,0.00297,0.24237,0.20785,0.33872,0.00281,0.00242,0.17068,0.18035,0.10333,0.00030,0.06242,4.88336
2026-09-13T13:48:47.276,1789282127.276,,7.6541,74.9,2400,9668,92.7,0x80000,0.00301,0.30457,0.20497,0.39540,0.00281,0.00181,0.19595,0.16634,0.44921,0.01279,0.06108,5.85616
2026-09-13T13:48:48.307,1789282128.308,,5.9494,74.9,2400,9702,91.9,0x80000,0.00301,0.22153,0.20767,0.34940,0.00302,0.00242,0.17025,0.00361,0.13723,0.00177,0.06394,4.78556
2026-09-13T13:48:49.339,1789282129.340,,8.7036,74.9,2400,9715,86.7,0x80000,0.00306,0.22746,0.20317,0.34753,0.00301,0.00181,0.19938,0.00000,0.29200,0.00059,0.06689,7.35868
2026-09-13T13:48:50.373,1789282130.374,,5.1925,74.3,2400,9733,92.9,0x80000,0.00297,0.21851,0.20896,0.33512,0.00302,0.00242,0.17063,0.00000,0.09030,0.00000,0.06523,4.09535
2026-09-13T13:48:51.401,1789282131.401,,4.9623,75.5,2400,9765,93.4,0x80000,0.00306,0.28432,0.21951,0.38299,0.00301,0.00181,0.19355,0.21282,0.47975,0.01239,0.06316,3.10594
2026-09-13T13:48:52.429,1789282132.429,,4.1862,74.9,2400,9771,91.9,0x80000,0.00312,0.27926,0.21965,0.38938,0.00281,0.00282,0.16723,0.18387,0.48121,0.00621,0.06435,2.38630
2026-09-13T13:48:53.459,1789282133.459,,4.6275,74.3,2400,9768,91.7,0x80000,0.00302,0.28535,0.20767,0.41058,0.00301,0.00181,0.17087,0.15955,0.20694,0.02427,0.06494,3.08951
2026-09-13T13:48:54.488,1789282134.489,,4.1575,75.5,2400,9781,92.4,0x80000,0.00292,0.29719,0.20691,0.37519,0.00281,0.00242,0.19295,0.20612,0.24444,0.02171,0.06281,2.54203
2026-09-13T13:48:55.516,1789282135.516,,9.5143,76.0,2400,9781,93.4,0x80000,0.00311,0.24148,0.34456,0.35831,0.00301,0.00282,0.18668,0.17366,0.29923,0.00030,0.06555,7.83562
2026-09-13T13:48:56.649,1789282136.649,,9.1358,76.0,2400,9784,92.4,0x80000,0.00301,0.33293,0.27466,0.34260,0.00281,0.00282,0.19344,0.19180,0.18868,0.00000,0.06584,7.53726
2026-09-13T13:48:57.684,1789282137.684,,4.9774,76.5,2400,9778,92.7,0x80000,0.00297,0.28380,0.27457,0.40782,0.00382,0.00242,0.18678,0.16953,0.17080,0.01003,0.06406,3.40081
2026-09-13T13:48:58.723,1789282138.724,,6.9982,77.1,2400,9771,93.0,0x80000,0.00302,0.22122,0.20660,0.33335,0.00301,0.00242,0.16406,0.18837,0.08919,0.00000,0.06542,5.72155
2026-09-13T13:48:59.760,1789282139.761,,8.4311,76.5,2400,9727,93.7,0x80000,0.00311,0.26209,0.22022,0.35817,0.00342,0.00282,0.16443,0.18813,0.15387,0.00030,0.06495,7.00962
2026-09-13T13:49:00.791,1789282140.791,,7.2616,76.5,2400,9702,91.9,0x80000,0.00302,0.26443,0.20518,0.35295,0.00301,0.00161,0.18377,0.18818,0.11968,0.00414,0.06448,5.87119
2026-09-13T13:49:01.824,1789282141.824,,5.6563,76.5,2400,9711,92.0,0x80000,0.00292,0.22668,0.20955,0.35904,0.00281,0.00242,0.20616,0.18094,0.19001,0.00237,0.06625,4.20711
2026-09-13T13:49:02.856,1789282142.856,,5.4297,76.0,2400,9715,92.4,0x80000,0.00287,0.26501,0.20955,0.35364,0.00282,0.00141,0.16718,0.18112,0.08684,0.00593,0.06533,4.08796
2026-09-13T13:49:03.888,1789282143.889,,4.1752,76.5,2400,9708,90.8,0x80000,0.00311,0.27821,0.20767,0.36329,0.00141,0.00141,0.17410,0.00000,0.30954,0.02397,0.06497,2.74756
2026-09-13T13:49:04.915,1789282144.915,,5.2571,76.5,2400,9727,91.6,0x80000,0.00302,0.34055,0.20733,0.39112,0.00382,0.00141,0.17054,0.00722,0.37914,0.02502,0.06452,3.66341
2026-09-13T13:49:05.942,1789282145.943,,5.1569,75.5,2400,9715,92.9,0x80000,0.00311,0.28939,0.20088,0.41236,0.00302,0.00141,0.16694,0.17009,0.44763,0.00943,0.06290,3.38977
2026-09-13T13:49:06.972,1789282146.973,,5.2123,76.5,2400,9721,91.9,0x80000,0.00287,0.31354,0.20840,0.35994,0.00281,0.00161,0.17712,0.19718,0.18919,0.00563,0.06337,3.69064
2026-09-13T13:49:08.008,1789282148.009,,7.4461,77.1,2400,9724,92.9,0x80000,0.00301,0.34258,0.33838,0.39839,0.00141,0.00141,0.18289,0.19829,0.47902,0.02011,0.06795,5.41270
2026-09-13T13:49:09.040,1789282149.040,,5.1270,76.5,2400,9733,93.4,0x80000,0.00311,0.31499,0.20847,0.35605,0.00141,0.00141,0.17063,0.18433,0.37503,0.00648,0.06256,3.44249
2026-09-13T13:49:10.072,1789282150.072,,8.6954,77.1,2400,9733,93.6,0x80000,0.00297,0.22210,0.21055,0.33867,0.00281,0.00242,0.15419,0.00000,0.22352,0.00118,0.06341,7.47363
2026-09-13T13:49:11.107,1789282151.108,,4.4218,76.5,2400,9733,92.4,0x80000,0.00311,0.28588,0.20660,0.36359,0.00301,0.00141,0.19263,0.00361,0.25071,0.00592,0.06220,3.04314
2026-09-13T13:49:12.140,1789282152.141,,5.3821,76.5,2400,9740,90.2,0x80000,0.00301,0.26514,0.20733,0.42732,0.00301,0.00181,0.16401,0.15507,0.41620,0.00533,0.06476,3.66916
2026-09-13T13:49:13.176,1789282153.176,,5.2883,77.7,2400,9733,92.7,0x80000,0.00307,0.31704,0.20605,0.36112,0.00301,0.00161,0.16392,0.19469,0.30256,0.01127,0.06609,3.65789
2026-09-13T13:49:14.202,1789282154.203,,6.3631,77.1,2400,9740,93.6,0x80000,0.00306,0.28846,0.20955,0.37413,0.00301,0.00242,0.18678,0.00362,0.12543,0.00000,0.06486,5.10181
2026-09-13T13:49:15.232,1789282155.232,,7.3524,77.7,2400,9743,92.4,0x80000,0.00321,0.25921,0.23434,0.37413,0.00342,0.00141,0.19322,0.00000,0.31010,0.00118,0.06375,5.90839
2026-09-13T13:49:16.264,1789282156.264,,5.8219,77.1,2400,9733,92.7,0x80000,0.00296,0.21909,0.23832,0.39077,0.00281,0.00181,0.29764,0.18429,0.29053,0.01065,0.06693,4.11612
2026-09-13T13:49:17.291,1789282157.292,,5.5075,76.5,2400,9730,91.4,0x80000,0.00311,0.24114,0.20733,0.35462,0.00301,0.00141,0.18014,0.25655,0.26066,0.00089,0.06449,3.93419
2026-09-13T13:49:18.321,1789282158.322,,5.0294,76.5,2400,9740,92.4,0x80000,0.00292,0.24025,0.20792,0.39718,0.00281,0.00161,0.17687,0.13370,0.37750,0.02210,0.06292,3.40367
2026-09-13T13:49:19.348,1789282159.348,,9.1461,77.1,2400,9743,90.9,0x80000,0.00311,0.22465,0.20733,0.40996,0.00342,0.00141,0.17732,0.00363,0.34567,0.01007,0.06609,7.69342
2026-09-13T13:49:20.375,1789282160.375,,8.8004,77.7,2400,9759,91.7,0x80000,0.00287,0.22960,0.21914,0.36880,0.00301,0.00141,0.18418,0.00000,0.38110,0.01007,0.06593,7.33430
2026-09-13T13:49:21.404,1789282161.404,,6.4896,78.2,2400,9765,92.2,0x80000,0.00306,0.24203,0.20868,0.33689,0.00302,0.00161,0.17025,0.00000,0.22359,0.00266,0.06706,5.23073
2026-09-13T13:49:22.430,1789282162.430,,2.6525,72.7,2400,9852,28.1,0x80000,0.00306,0.24114,0.21951,0.34930,0.00302,0.00161,0.16443,0.16949,0.22021,0.00474,0.06547,1.21052
2026-09-13T13:49:23.456,1789282163.456,,2.7137,70.0,2400,9861,5.6,0x80000,0.00287,0.22055,0.23749,0.33016,0.00281,0.00242,0.23469,0.74854,0.08560,0.00000,0.06858,0.78000
2026-09-13T13:49:24.481,1789282164.481,,1.8931,70.0,2400,8578,0.0,0x80000,0.00297,0.21889,0.22881,0.33614,0.00281,0.00161,0.17667,0.00000,0.09444,0.00000,0.06640,0.76431
2026-09-13T13:49:25.506,1789282165.507,,1.8629,69.4,2400,8183,0.0,0x80000,0.00311,0.21889,0.20816,0.33689,0.00281,0.00282,0.17044,0.00000,0.09152,0.00000,0.06394,0.76431
2026-09-13T13:49:26.532,1789282166.532,,1.8631,68.8,2400,8145,0.0,0x80000,0.00301,0.21655,0.21327,0.32980,0.00302,0.00242,0.18310,0.01083,0.08078,0.00000,0.06395,0.75635
2026-09-13T13:49:27.557,1789282167.558,,1.8513,67.8,2400,8152,0.2,0x80000,0.00297,0.21783,0.20875,0.33191,0.00282,0.00181,0.17297,0.00721,0.08362,0.00030,0.06475,0.75635
2026-09-13T13:49:28.583,1789282168.584,,1.7500,67.8,1500,8141,0.0,0x80000,0.00297,0.21470,0.20989,0.32860,0.00281,0.00242,0.17692,0.18752,0.08407,0.00000,0.06526,0.47483
2026-09-13T13:49:29.610,1789282169.610,,1.7375,66.1,1500,8165,0.2,0x80000,0.00311,0.21773,0.20653,0.31811,0.00281,0.00242,0.17087,0.18604,0.08964,0.00000,0.06589,0.47432
2026-09-13T13:49:30.636,1789282170.637,,1.5793,67.2,1500,8161,0.0,0x80000,0.00297,0.21343,0.21958,0.31985,0.00282,0.00282,0.16461,0.00723,0.08477,0.00000,0.06725,0.49401
2026-09-13T13:49:31.663,1789282171.663,,1.5799,66.1,1500,8165,0.0,0x80000,0.00297,0.26413,0.20781,0.32161,0.00282,0.00282,0.16732,0.00000,0.08216,0.00000,0.06716,0.46113
2026-09-13T13:49:32.689,1789282172.690,,2.9143,66.7,1600,8154,1.7,0x80000,0.00311,0.24226,0.32819,0.32913,0.00281,0.00242,0.19944,0.20968,0.11908,0.00059,0.06514,1.41247
2026-09-13T13:49:33.716,1789282173.717,,1.7350,66.1,1500,8152,0.5,0x80000,0.00287,0.21919,0.22000,0.32161,0.00281,0.00242,0.17044,0.18026,0.08864,0.00000,0.06651,0.46030
2026-09-13T13:49:34.743,1789282174.743,,1.7138,67.2,1500,8149,0.0,0x80000,0.00306,0.21617,0.20612,0.31958,0.00241,0.00242,0.16443,0.18790,0.08277,0.00000,0.06784,0.46113
2026-09-13T13:49:35.769,1789282175.770,,1.5474,65.5,1500,8152,0.0,0x80000,0.00287,0.21587,0.20896,0.32441,0.00282,0.00121,0.17030,0.00000,0.08654,0.00000,0.06713,0.46731
2026-09-13T13:49:36.795,1789282176.796,,1.5367,65.5,1500,8158,0.0,0x80000,0.00311,0.21646,0.20747,0.32310,0.00282,0.00201,0.17419,0.00000,0.08385,0.00178,0.06791,0.45395
2026-09-13T13:49:37.822,1789282177.822,,1.6383,65.5,1500,8163,0.5,0x80000,0.00292,0.30357,0.20854,0.31968,0.00281,0.00282,0.17375,0.00361,0.09220,0.00059,0.06601,0.46179
2026-09-13T13:49:38.848,1789282178.849,,1.5280,65.5,1500,8152,0.0,0x80000,0.00287,0.21733,0.20788,0.32134,0.00281,0.00242,0.16718,0.00000,0.07740,0.00000,0.06727,0.46146
2026-09-13T13:49:39.879,1789282179.879,,2.0739,65.5,1500,8147,0.0,0x80000,0.00287,0.21929,0.20826,0.32292,0.00282,0.00242,0.17647,0.18757,0.09519,0.00000,0.06761,0.78843
2026-09-13T13:49:40.905,1789282180.906,,2.0529,65.5,1500,8141,0.0,0x80000,0.00297,0.22241,0.20491,0.33030,0.00281,0.00242,0.16401,0.18818,0.08108,0.00000,0.06582,0.78796
2026-09-13T13:49:41.932,1789282181.932,,2.0400,65.5,1500,8149,0.0,0x80000,0.00307,0.21733,0.33917,0.32327,0.00281,0.00282,0.19295,0.00000,0.08340,0.00118,0.06965,0.80436
2026-09-13T13:49:42.973,1789282182.973,,2.3818,65.0,1500,8143,1.2,0x80000,0.00302,0.23903,0.27897,0.33490,0.00282,0.00282,0.16803,0.21664,0.16463,0.00059,0.06846,0.90188
2026-09-13T13:49:44.002,1789282184.002,,1.7023,65.5,1500,8141,1.4,0x80000,0.00302,0.21617,0.20632,0.32134,0.00282,0.00282,0.17092,0.17693,0.08161,0.00000,0.06556,0.45477
2026-09-13T13:49:45.028,1789282185.029,,1.7061,65.0,1500,8138,0.0,0x80000,0.00288,0.21871,0.20639,0.32134,0.00282,0.00242,0.16443,0.18442,0.08910,0.00000,0.06597,0.44760
2026-09-13T13:49:46.055,1789282186.055,,1.5312,64.5,1500,8143,0.0,0x80000,0.00311,0.21705,0.20875,0.32448,0.00302,0.00222,0.16746,0.00362,0.08765,0.00000,0.06661,0.44728
2026-09-13T13:49:47.081,1789282187.081,,1.5450,64.5,1500,8141,0.0,0x80000,0.00297,0.21743,0.20680,0.32819,0.00281,0.00282,0.17059,0.01443,0.08492,0.00000,0.06660,0.44744
2026-09-13T13:49:48.107,1789282188.108,,1.5482,64.5,1500,8143,0.0,0x80000,0.00297,0.21871,0.20625,0.32151,0.00282,0.00282,0.17672,0.01087,0.08189,0.00000,0.06973,0.45395
2026-09-13T13:49:49.134,1789282189.134,,1.5531,65.0,1500,8136,0.2,0x80000,0.00302,0.21899,0.21104,0.32117,0.00282,0.00282,0.18678,0.01083,0.08643,0.00000,0.06784,0.44139
2026-09-13T13:49:50.160,1789282190.161,,1.5737,64.5,1500,8141,0.0,0x80000,0.00302,0.21549,0.21736,0.32468,0.00282,0.00282,0.17366,0.00361,0.11531,0.00029,0.06660,0.44808
2026-09-13T13:49:51.187,1789282191.187,,1.5410,63.9,1500,8132,0.0,0x80000,0.00321,0.21665,0.20719,0.31976,0.00241,0.00322,0.17742,0.00723,0.09093,0.00000,0.06535,0.44760
2026-09-13T13:49:52.213,1789282192.214,,1.9224,63.9,1500,8132,0.2,0x80000,0.00311,0.21617,0.20566,0.37353,0.00302,0.00242,0.32783,0.18442,0.09195,0.00000,0.06653,0.44776
2026-09-13T13:49:53.240,1789282193.240,,1.7306,64.5,1500,8134,0.0,0x80000,0.00302,0.21537,0.20701,0.32256,0.00282,0.00282,0.18382,0.18804,0.08818,0.00000,0.06971,0.44728
2026-09-13T13:49:54.266,1789282194.267,,1.7178,63.9,1500,8127,2.7,0x80000,0.00307,0.21617,0.20875,0.31750,0.00261,0.00322,0.17434,0.18456,0.09134,0.00000,0.06848,0.44776
2026-09-13T13:49:55.293,1789282195.293,,1.7132,62.2,1500,8125,0.0,0x80000,0.00311,0.21675,0.20982,0.31976,0.00282,0.00242,0.17054,0.18804,0.08574,0.00000,0.06656,0.44760
2026-09-13T13:49:56.319,1789282196.320,,1.5027,64.5,1500,8136,0.0,0x80000,0.00312,0.21851,0.20767,0.31590,0.00241,0.00322,0.16433,0.00363,0.08385,0.00000,0.06599,0.43408
2026-09-13T13:49:57.346,1789282197.346,,1.5480,63.9,1500,8130,0.0,0x80000,0.00307,0.21967,0.20598,0.32134,0.00282,0.00282,0.18990,0.00725,0.08407,0.00000,0.07033,0.44076
2026-09-13T13:49:58.372,1789282198.373,,1.5430,65.0,1500,8136,0.0,0x80000,0.00311,0.21645,0.21298,0.32448,0.00262,0.00242,0.17712,0.00361,0.08976,0.00029,0.06954,0.44060
2026-09-13T13:49:59.399,1789282199.399,,1.5192,62.8,1500,8127,0.0,0x80000,0.00311,0.21783,0.20625,0.32448,0.00282,0.00222,0.17667,0.00722,0.06557,0.00000,0.07227,0.44076
2026-09-13T13:50:00.425,1789282200.426,,1.5139,64.5,1500,8141,0.2,0x80000,0.00302,0.21695,0.20875,0.32099,0.00261,0.00322,0.15749,0.00721,0.08477,0.00000,0.06786,0.44108
2026-09-13T13:50:01.452,1789282201.452,,1.5377,63.9,1500,8136,0.0,0x80000,0.00307,0.21617,0.20673,0.31624,0.00281,0.00242,0.19933,0.00000,0.08889,0.00000,0.06784,0.43424
2026-09-13T13:50:02.478,1789282202.479,,1.5429,62.8,1500,8136,0.2,0x80000,0.00322,0.21851,0.21929,0.32151,0.00241,0.00322,0.16751,0.01085,0.09020,0.00000,0.06540,0.44076
2026-09-13T13:50:03.505,1789282203.505,,1.5388,62.8,1500,8132,0.0,0x80000,0.00311,0.21803,0.20625,0.32803,0.00322,0.00322,0.16746,0.01082,0.09140,0.00000,0.06665,0.44060
2026-09-13T13:50:04.532,1789282204.533,,1.6530,62.2,1500,8136,0.0,0x80000,0.00312,0.22143,0.20363,0.32395,0.00241,0.00242,0.17697,0.00361,0.07532,0.00000,0.06599,0.57412
2026-09-13T13:50:05.560,1789282205.560,,1.7367,64.5,1500,8121,2.0,0x80000,0.00307,0.22044,0.21965,0.31750,0.00261,0.00322,0.18958,0.18790,0.08368,0.00000,0.06841,0.44060
2026-09-13T13:50:06.587,1789282206.588,,1.7945,62.8,1500,8132,0.0,0x80000,0.00302,0.30555,0.20854,0.31958,0.00241,0.00322,0.18642,0.18054,0.08239,0.00000,0.06786,0.43502
2026-09-13T13:50:07.614,1789282207.614,,1.7935,63.4,1500,8127,0.0,0x80000,0.00311,0.21510,0.27767,0.32093,0.00302,0.00222,0.19922,0.18757,0.08481,0.00000,0.06528,0.43455
2026-09-13T13:50:08.641,1789282208.642,,1.5283,63.4,1500,8125,0.5,0x80000,0.00312,0.21793,0.20996,0.32093,0.00261,0.00322,0.16718,0.00362,0.09257,0.00000,0.06606,0.44108
2026-09-13T13:50:09.669,1789282209.669,,1.5046,62.8,1500,8134,0.0,0x80000,0.00302,0.21803,0.20840,0.31750,0.00342,0.00322,0.17054,0.00000,0.08694,0.00000,0.06597,0.42756
2026-09-13T13:50:10.696,1789282210.697,,1.5310,63.4,1500,8125,0.0,0x80000,0.00297,0.21773,0.20680,0.32292,0.00282,0.00282,0.16737,0.00721,0.08492,0.00000,0.06786,0.44760
2026-09-13T13:50:11.724,1789282211.724,,1.5340,62.8,1500,8127,0.2,0x80000,0.00311,0.21653,0.20667,0.32625,0.00322,0.00322,0.17677,0.01449,0.08371,0.00000,0.06606,0.43393
2026-09-13T13:50:12.751,1789282212.751,,1.6718,61.7,1500,8130,0.2,0x80000,0.00317,0.21646,0.34460,0.31783,0.00241,0.00322,0.19344,0.00362,0.08324,0.00000,0.06907,0.43471
2026-09-13T13:50:13.777,1789282213.778,,1.6925,62.8,1500,8127,0.0,0x80000,0.00297,0.22193,0.20566,0.31925,0.00261,0.00222,0.17677,0.17710,0.08274,0.00059,0.06654,0.43408
2026-09-13T13:50:14.805,1789282214.806,,1.6950,62.8,1500,8116,0.0,0x80000,0.00297,0.21831,0.20518,0.32151,0.00282,0.00282,0.17025,0.18081,0.08922,0.00000,0.06658,0.43455
2026-09-13T13:50:15.833,1789282215.834,,1.7568,63.9,1500,8125,2.4,0x80000,0.00316,0.21627,0.20660,0.32503,0.00241,0.00322,0.22891,0.17715,0.09411,0.00000,0.06542,0.43455
2026-09-13T13:50:16.860,1789282216.860,,1.6971,62.8,1500,8125,0.0,0x80000,0.00311,0.21773,0.20733,0.32093,0.00261,0.00242,0.17667,0.17750,0.08829,0.00000,0.06594,0.43455
2026-09-13T13:50:17.890,1789282217.890,,1.8497,62.2,1500,8125,0.0,0x80000,0.00297,0.21695,0.20747,0.32622,0.00281,0.00282,0.17035,0.00361,0.08967,0.00000,0.07024,0.75657
2026-09-13T13:50:18.916,1789282218.917,,1.8407,63.4,1500,6782,0.2,0x80000,0.00311,0.21861,0.20566,0.32622,0.00342,0.00483,0.16401,0.00000,0.08895,0.00000,0.06973,0.75612
2026-09-13T13:50:19.946,1789282219.947,,1.6873,63.9,1500,6417,0.2,0x80000,0.00297,0.21753,0.20518,0.37908,0.00282,0.00282,0.29322,0.00000,0.08175,0.00000,0.06786,0.43408
2026-09-13T13:50:20.972,1789282220.973,,1.5300,61.7,1500,6384,0.0,0x80000,0.00312,0.21801,0.20934,0.32679,0.00282,0.00242,0.17366,0.01087,0.08791,0.00000,0.06786,0.42725
2026-09-13T13:50:21.999,1789282221.999,,1.5264,62.8,1500,6378,0.0,0x80000,0.00302,0.24148,0.20767,0.31698,0.00302,0.00222,0.17999,0.00362,0.07095,0.00000,0.06995,0.42756
2026-09-13T13:50:23.025,1789282223.026,,1.6866,62.2,1500,6380,0.2,0x80000,0.00297,0.21733,0.20733,0.32080,0.00282,0.00242,0.16401,0.18442,0.08733,0.00000,0.06974,0.42740
2026-09-13T13:50:24.052,1789282224.052,,1.7001,62.2,1500,6376,0.0,0x80000,0.00311,0.21821,0.20916,0.32448,0.00402,0.00242,0.16784,0.18818,0.08318,0.00000,0.07227,0.42725
2026-09-13T13:50:25.078,1789282225.079,,1.4973,62.8,1500,6378,0.2,0x80000,0.00302,0.21575,0.20653,0.31925,0.00241,0.00242,0.15740,0.00362,0.08435,0.00000,0.06797,0.43455
2026-09-13T13:50:26.105,1789282226.105,,1.7247,63.4,1500,6370,1.7,0x80000,0.00302,0.21939,0.21922,0.32093,0.00261,0.00483,0.17025,0.19180,0.09678,0.00000,0.06788,0.42802
2026-09-13T13:50:27.132,1789282227.133,,1.7543,62.8,1500,6377,0.0,0x80000,0.00316,0.24493,0.23027,0.32310,0.00241,0.00322,0.17697,0.18780,0.07307,0.00000,0.06793,0.44139
2026-09-13T13:50:28.159,1789282228.159,,1.6242,62.2,1500,6378,0.2,0x80000,0.00302,0.21851,0.21104,0.32327,0.00241,0.00483,0.27656,0.00361,0.08628,0.00030,0.06682,0.42756
2026-09-13T13:50:29.186,1789282229.186,,1.5121,61.7,1500,6369,0.0,0x80000,0.00307,0.21705,0.20996,0.32134,0.00241,0.00322,0.17667,0.00000,0.08415,0.00029,0.06603,0.42786
2026-09-13T13:50:30.213,1789282230.214,,1.5354,61.7,1500,6370,0.0,0x80000,0.00307,0.22017,0.20612,0.31576,0.00261,0.00322,0.19950,0.00361,0.08548,0.00059,0.06789,0.42740
2026-09-13T13:50:31.341,1789282231.342,,1.5070,62.2,1500,6359,0.2,0x80000,0.00287,0.21781,0.20809,0.31800,0.00282,0.00242,0.17667,0.00000,0.08368,0.00000,0.06661,0.42802
2026-09-13T13:50:32.368,1789282232.368,,2.7283,62.2,1500,6361,0.0,0x80000,0.00302,0.21871,0.20774,0.32448,0.00282,0.00282,0.17999,0.00000,0.08701,0.00000,0.07161,1.63006
2026-09-13T13:50:33.394,1789282233.395,,1.5428,61.7,1500,6351,0.2,0x80000,0.00312,0.24337,0.20712,0.31750,0.00322,0.00282,0.17999,0.00000,0.08736,0.00000,0.07046,0.42786
2026-09-13T13:50:34.421,1789282234.421,,1.5284,61.1,1500,6357,0.0,0x80000,0.00302,0.21705,0.20788,0.32448,0.00322,0.00242,0.18418,0.00000,0.08949,0.00118,0.06798,0.42756
2026-09-13T13:50:35.448,1789282235.449,,1.5161,61.7,1500,6361,0.0,0x80000,0.00287,0.21549,0.20875,0.31925,0.00342,0.00483,0.17712,0.00000,0.07933,0.00000,0.07050,0.43455
2026-09-13T13:50:36.476,1789282236.476,,1.6809,61.7,1500,6346,4.4,0x80000,0.00316,0.21695,0.20733,0.31401,0.00322,0.00483,0.16713,0.18054,0.08826,0.00000,0.06788,0.42756
2026-09-13T13:50:37.503,1789282237.504,,1.6905,62.2,1500,6346,0.0,0x80000,0.00316,0.21519,0.20733,0.32151,0.00241,0.00322,0.17632,0.18402,0.08967,0.00000,0.06661,0.42103
2026-09-13T13:50:38.531,1789282238.531,,1.6786,60.6,1500,6349,0.5,0x80000,0.00311,0.22017,0.20916,0.32448,0.00261,0.00201,0.15758,0.17710,0.08707,0.00000,0.06665,0.42863
2026-09-13T13:50:39.557,1789282239.558,,1.5107,61.7,1500,6350,0.0,0x80000,0.00311,0.21783,0.20612,0.32099,0.00241,0.00242,0.17039,0.00362,0.08838,0.00000,0.06789,0.42756
2026-09-13T13:50:40.585,1789282240.585,,1.6909,61.1,1500,6342,0.0,0x80000,0.00302,0.22193,0.20806,0.31750,0.00322,0.00322,0.18009,0.18081,0.08551,0.00000,0.06668,0.42088
2026-09-13T13:50:41.611,1789282241.612,,1.8024,60.6,1500,6338,0.0,0x80000,0.00312,0.21685,0.27995,0.32099,0.00241,0.00322,0.22524,0.17719,0.08818,0.00000,0.06417,0.42103
2026-09-13T13:50:42.639,1789282242.639,,1.5167,61.1,1500,6341,0.2,0x80000,0.00302,0.21811,0.20826,0.32271,0.00261,0.00222,0.17035,0.00000,0.09137,0.00000,0.07046,0.42756
2026-09-13T13:50:43.666,1789282243.667,,1.6790,60.6,1500,6345,0.2,0x80000,0.00297,0.21695,0.20660,0.32210,0.00282,0.00483,0.16079,0.18415,0.08390,0.00000,0.06604,0.42786
2026-09-13T13:50:44.693,1789282244.694,,1.6952,60.6,1500,6331,0.0,0x80000,0.00302,0.21821,0.20612,0.31768,0.00302,0.00242,0.17375,0.18818,0.08952,0.00059,0.06542,0.42725
2026-09-13T13:50:45.721,1789282245.721,,1.6048,61.7,1500,6330,0.0,0x80000,0.00297,0.29356,0.20653,0.32292,0.00282,0.00282,0.19301,0.00722,0.08515,0.00000,0.06661,0.42118
2026-09-13T13:50:46.747,1789282246.748,,1.8396,60.6,1500,6333,2.7,0x80000,0.00321,0.21851,0.27986,0.32117,0.00241,0.00483,0.25204,0.18081,0.08470,0.00000,0.06424,0.42786
2026-09-13T13:50:47.774,1789282247.774,,1.6644,62.2,1500,6338,0.2,0x80000,0.00306,0.21861,0.20840,0.32271,0.00261,0.00322,0.15767,0.18094,0.07847,0.00030,0.06667,0.42178
2026-09-13T13:50:48.801,1789282248.802,,1.4989,61.1,1500,6339,0.0,0x80000,0.00297,0.21783,0.20593,0.31576,0.00261,0.00484,0.17361,0.00361,0.08042,0.00000,0.07101,0.42027
2026-09-13T13:50:49.829,1789282249.829,,1.6964,61.1,1500,6335,0.0,0x80000,0.00311,0.21695,0.20397,0.31576,0.00261,0.00222,0.20956,0.16647,0.08847,0.00000,0.06596,0.42133
2026-09-13T13:50:50.855,1789282250.856,,1.6830,61.1,1500,6327,0.0,0x80000,0.00306,0.21939,0.20740,0.32448,0.00322,0.00282,0.18315,0.16597,0.07892,0.00000,0.06677,0.42786
2026-09-13T13:50:51.885,1789282251.886,,1.8269,61.7,1500,6331,0.5,0x80000,0.00307,0.21771,0.20788,0.33157,0.00241,0.00242,0.15780,0.00361,0.08608,0.00000,0.06601,0.74838
2026-09-13T13:50:52.912,1789282252.912,,1.8367,61.7,1500,6318,0.2,0x80000,0.00302,0.21733,0.20625,0.32797,0.00261,0.00483,0.19622,0.00724,0.08477,0.00000,0.06971,0.71675
2026-09-13T13:50:53.938,1789282253.939,,1.8386,61.7,1500,6327,0.0,0x80000,0.00302,0.21617,0.20854,0.33157,0.00261,0.00322,0.17039,0.00000,0.08815,0.00000,0.06658,0.74838
2026-09-13T13:50:54.968,1789282254.969,,1.5010,60.6,1500,6327,0.0,0x80000,0.00302,0.21783,0.20673,0.31925,0.00262,0.00322,0.17712,0.00000,0.08296,0.00059,0.06675,0.42088
2026-09-13T13:50:55.995,1789282255.995,,2.1287,60.6,1500,6326,0.0,0x80000,0.00297,0.21314,0.21305,0.31916,0.00443,0.00242,0.20909,0.20622,0.09177,0.00000,0.07118,0.79528
2026-09-13T13:50:57.022,1789282257.022,,1.6646,61.1,1500,6313,2.9,0x80000,0.00302,0.21549,0.20719,0.31925,0.00261,0.00242,0.17410,0.17750,0.07783,0.00000,0.06421,0.42103
2026-09-13T13:50:58.048,1789282258.049,,1.6466,60.0,1500,6314,0.0,0x80000,0.00311,0.21695,0.20639,0.31750,0.00261,0.00322,0.15136,0.17732,0.07947,0.00000,0.06793,0.42073
2026-09-13T13:50:59.075,1789282259.075,,1.5028,61.7,1500,6313,0.0,0x80000,0.00297,0.21803,0.20625,0.32448,0.00322,0.00322,0.17361,0.00361,0.08305,0.00000,0.06976,0.41464
2026-09-13T13:51:00.101,1789282260.102,,1.5054,60.6,1500,6317,0.2,0x80000,0.00312,0.21558,0.20733,0.32093,0.00261,0.00483,0.17035,0.00722,0.08859,0.00000,0.06422,0.42058
2026-09-13T13:51:01.128,1789282261.128,,1.4948,61.1,1500,6325,0.0,0x80000,0.00302,0.21861,0.20875,0.32274,0.00282,0.00282,0.15419,0.00000,0.09131,0.00000,0.06921,0.42133
2026-09-13T13:51:02.154,1789282262.155,,1.5063,60.0,1500,6318,0.2,0x80000,0.00316,0.21929,0.20767,0.32271,0.00322,0.00483,0.16410,0.00000,0.08707,0.00000,0.06665,0.42756
2026-09-13T13:51:03.180,1789282263.181,,2.7706,62.8,2400,6291,22.1,0x80000,0.00297,0.23032,0.20566,0.34367,0.00282,0.00282,0.15432,0.00000,0.16199,0.00148,0.07180,1.59279
2026-09-13T13:51:04.208,1789282264.208,,6.2544,63.4,2400,6276,27.3,0x80000,0.00311,0.31300,0.22037,0.44928,0.00282,0.00242,0.30933,0.02536,0.45043,0.01272,0.06815,4.39743
2026-09-13T13:51:05.240,1789282265.241,,7.7997,68.3,2400,6191,100.0,0x80000,0.00302,0.27281,0.20612,0.37767,0.00262,0.00262,0.18034,0.01088,0.47744,0.01065,0.06620,6.18932
2026-09-13T13:51:06.271,1789282266.272,,6.9929,68.8,2400,7749,99.8,0x80000,0.00292,0.29916,0.22511,0.39363,0.00281,0.00282,0.17049,0.01811,0.42302,0.01207,0.06847,5.37426
2026-09-13T13:51:07.309,1789282267.309,,6.9161,71.0,2400,7919,98.5,0x80000,0.00307,0.29445,0.21003,0.38435,0.00281,0.00282,0.17687,0.18076,0.42104,0.02013,0.06203,5.15770
2026-09-13T13:51:08.339,1789282268.339,,3.0381,67.8,2400,8000,55.1,0x80000,0.00302,0.21959,0.20712,0.33696,0.00241,0.00262,0.17044,0.17693,0.09795,0.00000,0.06796,1.75312
2026-09-13T13:51:09.364,1789282269.365,,2.6392,66.1,2400,8023,25.1,0x80000,0.00297,0.23177,0.20767,0.37206,0.00282,0.00282,0.17667,0.00000,0.11613,0.00000,0.06805,1.45828
2026-09-13T13:51:10.391,1789282270.392,,6.0652,69.4,2400,7970,50.4,0x80000,0.00297,0.21783,0.20747,0.33666,0.00282,0.00282,0.17073,0.00000,0.08404,0.00000,0.06738,4.97249
2026-09-13T13:51:11.424,1789282271.424,,8.6765,69.4,2400,7942,79.7,0x80000,0.00292,0.30860,0.20465,0.38249,0.00282,0.00181,0.18315,0.18776,0.56135,0.01366,0.06798,6.75935
2026-09-13T13:51:12.459,1789282272.460,,8.5586,71.0,2400,7940,92.7,0x80000,0.00277,0.25238,0.21871,0.36881,0.00281,0.00242,0.18024,0.20921,0.24815,0.00888,0.06604,6.99819
2026-09-13T13:51:13.496,1789282273.497,,6.9462,71.6,2400,7934,92.2,0x80000,0.00292,0.22819,0.20573,0.36504,0.00241,0.00242,0.17073,0.19542,0.17850,0.00355,0.06896,5.52233
2026-09-13T13:51:14.528,1789282274.529,,8.7241,72.2,2400,7944,93.6,0x80000,0.00306,0.30769,0.20660,0.38839,0.00261,0.00242,0.19273,0.15939,0.44883,0.01754,0.06755,6.92727
2026-09-13T13:51:15.564,1789282275.565,,9.0183,71.6,2400,7944,92.2,0x80000,0.00287,0.24014,0.21700,0.34314,0.00282,0.00282,0.17035,0.16663,0.29610,0.00030,0.06720,7.50890
2026-09-13T13:51:16.595,1789282276.595,,9.2073,72.2,2400,7940,92.9,0x80000,0.00297,0.22393,0.20552,0.37229,0.00281,0.00282,0.17044,0.18094,0.28255,0.01036,0.06514,7.68752
2026-09-13T13:51:17.629,1789282277.629,,8.5867,73.2,2400,7936,93.2,0x80000,0.00292,0.26808,0.21707,0.37733,0.00282,0.00181,0.17677,0.13748,0.26497,0.01124,0.06437,7.06189
2026-09-13T13:51:18.660,1789282278.660,,6.2582,73.2,2400,7942,93.0,0x80000,0.00292,0.25753,0.20625,0.36331,0.00261,0.00242,0.17044,0.15538,0.38595,0.00473,0.06511,4.64158
2026-09-13T13:51:19.691,1789282279.691,,7.2364,73.2,2400,7953,91.4,0x80000,0.00306,0.30435,0.20511,0.35084,0.00241,0.00181,0.17732,0.00723,0.24410,0.00000,0.06455,5.87562
2026-09-13T13:51:20.722,1789282280.722,,8.0018,72.2,2400,7953,92.1,0x80000,0.00287,0.26256,0.20411,0.37382,0.00241,0.00161,0.17346,0.00000,0.28751,0.00237,0.06309,6.62800
2026-09-13T13:51:21.751,1789282281.752,,7.9543,72.7,2400,7951,93.1,0x80000,0.00292,0.26604,0.20982,0.35189,0.00302,0.00242,0.15085,0.00000,0.46346,0.00562,0.06727,6.43099
2026-09-13T13:51:22.780,1789282282.781,,6.1168,73.8,2400,7947,93.4,0x80000,0.00306,0.31762,0.20733,0.33666,0.00281,0.00242,0.18330,0.00000,0.18418,0.00000,0.06341,4.81601
2026-09-13T13:51:23.817,1789282283.817,,7.9291,74.3,2400,7947,91.2,0x80000,0.00306,0.23524,0.20444,0.34865,0.00362,0.00282,0.17677,0.20240,0.31309,0.00208,0.06413,6.37277
2026-09-13T13:51:24.848,1789282284.849,,7.0086,73.2,2400,7953,92.5,0x80000,0.00301,0.24125,0.20605,0.35108,0.00302,0.00161,0.17682,0.17004,0.17029,0.00118,0.06625,5.61796
2026-09-13T13:51:25.880,1789282285.881,,8.4123,74.9,2400,7951,92.4,0x80000,0.00297,0.30279,0.20753,0.37026,0.00302,0.00161,0.17054,0.16983,0.40740,0.01974,0.06486,6.69172
2026-09-13T13:51:26.910,1789282286.911,,4.5159,73.2,2400,7949,92.6,0x80000,0.00301,0.24959,0.20840,0.37158,0.00302,0.00282,0.15115,0.21713,0.24460,0.01011,0.06883,2.98569
2026-09-13T13:51:27.947,1789282287.948,,9.1440,74.3,2400,7951,93.9,0x80000,0.00292,0.24025,0.22129,0.33803,0.00302,0.00161,0.18652,0.19513,0.19987,0.00593,0.06527,7.68417
2026-09-13T13:51:28.980,1789282288.981,,8.5075,73.8,2400,8389,91.5,0x80000,0.00287,0.34165,0.20303,0.34608,0.00281,0.00181,0.15784,0.18415,0.31326,0.00207,0.06489,6.88706
2026-09-13T13:51:30.010,1789282290.010,,7.0805,73.8,2400,9652,92.9,0x80000,0.00311,0.32405,0.20566,0.33439,0.00282,0.00282,0.16765,0.00000,0.34167,0.01208,0.06490,5.62134
2026-09-13T13:51:31.148,1789282291.149,,6.5780,74.9,2400,9705,91.7,0x80000,0.00297,0.29990,0.27393,0.37897,0.00281,0.00242,0.19344,0.00000,0.25295,0.01355,0.06808,5.08896
2026-09-13T13:51:32.184,1789282292.185,,5.2807,74.3,2400,9705,92.2,0x80000,0.00311,0.30917,0.20497,0.35640,0.00141,0.00282,0.19595,0.15923,0.18925,0.00505,0.06705,3.78628
2026-09-13T13:51:33.218,1789282293.219,,9.0738,74.9,2400,9708,94.6,0x80000,0.00287,0.31279,0.20962,0.38476,0.00281,0.00242,0.16803,0.23493,0.24815,0.00235,0.06481,7.44028
2026-09-13T13:51:34.252,1789282294.252,,8.0834,76.0,2400,9752,92.6,0x80000,0.00302,0.26616,0.20767,0.35108,0.00301,0.00161,0.17049,0.00000,0.24663,0.01295,0.06733,6.75342
2026-09-13T13:51:35.288,1789282295.289,,5.4991,75.5,2400,9775,90.1,0x80000,0.00287,0.21683,0.20819,0.38435,0.00141,0.00141,0.16746,0.18776,0.21083,0.00000,0.06559,4.05242
2026-09-13T13:51:36.318,1789282296.318,,6.9104,74.9,2400,9784,92.4,0x80000,0.00301,0.22346,0.20889,0.33550,0.00221,0.00282,0.16410,0.18818,0.11213,0.00000,0.06474,5.60539
2026-09-13T13:51:37.344,1789282297.345,,9.3866,74.3,2400,9781,93.4,0x80000,0.00302,0.26611,0.20861,0.34576,0.00281,0.00242,0.16784,0.15931,0.43249,0.01300,0.06124,7.72403
2026-09-13T13:51:38.376,1789282298.376,,6.4284,76.0,2400,9759,95.8,0x80000,0.00311,0.32857,0.21003,0.35108,0.00302,0.00141,0.17039,0.17353,0.28401,0.00623,0.06874,4.82829
2026-09-13T13:51:39.412,1789282299.412,,6.2097,76.5,2400,9759,91.9,0x80000,0.00316,0.26489,0.20875,0.34724,0.00302,0.00141,0.16770,0.16285,0.20957,0.00589,0.06784,4.76736
2026-09-13T13:51:40.440,1789282300.440,,6.4017,74.9,2400,9778,94.2,0x80000,0.00311,0.26640,0.20639,0.36240,0.00141,0.00242,0.17380,0.20200,0.16939,0.01121,0.06408,4.93913
2026-09-13T13:51:41.472,1789282301.472,,5.5386,74.9,2400,9784,91.9,0x80000,0.00306,0.26419,0.20653,0.36704,0.00301,0.00242,0.14789,0.21713,0.38656,0.00740,0.06527,3.86814
2026-09-13T13:51:42.513,1789282302.514,,7.9302,76.0,2400,9787,93.5,0x80000,0.00292,0.28211,0.20566,0.38205,0.00341,0.00242,0.15089,0.18396,0.19027,0.00620,0.06762,6.45273
2026-09-13T13:51:43.543,1789282303.543,,4.8687,75.5,2400,9743,94.6,0x80000,0.00306,0.28871,0.20557,0.34839,0.00361,0.00322,0.17667,0.00361,0.29717,0.01868,0.06267,3.45739
2026-09-13T13:51:44.571,1789282304.572,,6.1267,75.5,2400,9730,92.8,0x80000,0.00306,0.31649,0.20854,0.33669,0.00141,0.00242,0.19606,0.01086,0.23983,0.00000,0.06706,4.74425
2026-09-13T13:51:45.608,1789282305.608,,6.7822,76.5,2400,9721,91.5,0x80000,0.00292,0.22434,0.20625,0.38392,0.00362,0.00241,0.16723,0.18054,0.30841,0.01862,0.06444,5.21952
2026-09-13T13:51:46.639,1789282306.640,,6.7842,76.0,2400,9727,92.1,0x80000,0.00292,0.24315,0.20552,0.36259,0.00221,0.00242,0.17415,0.21735,0.24234,0.00562,0.06659,5.25937
2026-09-13T13:51:47.672,1789282307.672,,8.2823,76.0,2400,9724,92.6,0x80000,0.00297,0.27874,0.24019,0.37058,0.00382,0.00141,0.23476,0.18813,0.30948,0.01418,0.06387,6.57421
2026-09-13T13:51:48.701,1789282308.702,,6.4633,77.1,2400,9727,88.0,0x80000,0.00311,0.25729,0.27178,0.35239,0.00302,0.00141,0.23784,0.20220,0.23172,0.00476,0.06363,4.83411
2026-09-13T13:51:49.733,1789282309.733,,5.4430,76.0,2400,9730,91.9,0x80000,0.00306,0.26299,0.20781,0.34221,0.00302,0.00181,0.17068,0.17345,0.11283,0.00000,0.06495,4.10019
2026-09-13T13:51:50.763,1789282310.764,,8.9313,77.7,2400,9724,93.4,0x80000,0.00301,0.25873,0.21327,0.35640,0.00281,0.00161,0.16704,0.01443,0.24972,0.00858,0.06372,7.59196
2026-09-13T13:51:51.801,1789282311.801,,5.6675,77.7,2400,9724,92.0,0x80000,0.00316,0.31645,0.21327,0.38341,0.00141,0.00282,0.18705,0.15507,0.46100,0.03085,0.06526,3.84774
2026-09-13T13:51:52.830,1789282312.830,,4.5402,76.5,2400,9724,91.4,0x80000,0.00306,0.30465,0.20639,0.35978,0.00281,0.00282,0.16392,0.23126,0.26345,0.02221,0.06684,2.91305
2026-09-13T13:51:53.857,1789282313.857,,3.1367,77.1,2400,9724,92.7,0x80000,0.00306,0.24748,0.22919,0.34592,0.00281,0.00242,0.23804,0.00361,0.16474,0.02146,0.06330,1.81468
2026-09-13T13:51:54.892,1789282314.893,,6.9743,77.7,2400,9743,91.4,0x80000,0.00311,0.22823,0.20896,0.34066,0.00301,0.00242,0.16718,0.01448,0.10796,0.00942,0.06549,5.82339
2026-09-13T13:51:55.922,1789282315.923,,7.0138,76.5,2400,9743,91.5,0x80000,0.00302,0.25796,0.21013,0.38554,0.00141,0.00242,0.18963,0.14834,0.38343,0.01301,0.06392,5.35499
2026-09-13T13:51:56.956,1789282316.957,,7.6115,77.1,2400,9749,91.4,0x80000,0.00292,0.28768,0.20760,0.38299,0.00302,0.00181,0.16704,0.18429,0.41251,0.02254,0.06348,5.87558
2026-09-13T13:51:57.992,1789282317.992,,5.0971,77.7,2400,9743,92.7,0x80000,0.00297,0.32378,0.21162,0.43087,0.00302,0.00241,0.24153,0.18415,0.60325,0.01187,0.06168,3.01992
2026-09-13T13:51:59.024,1789282319.024,,8.6570,77.1,2400,9746,91.7,0x80000,0.00302,0.32345,0.32442,0.34221,0.00301,0.00181,0.20640,0.19859,0.26328,0.00089,0.06514,6.92483
2026-09-13T13:52:00.055,1789282320.056,,8.3548,77.7,2400,9740,93.6,0x80000,0.00297,0.24047,0.20799,0.34398,0.00322,0.00161,0.17341,0.23434,0.14390,0.00355,0.06565,6.93367
2026-09-13T13:52:01.086,1789282321.086,,7.3946,78.2,2400,9746,92.4,0x80000,0.00302,0.25284,0.20847,0.33495,0.00301,0.00241,0.16723,0.18054,0.13616,0.00237,0.06874,6.03485
2026-09-13T13:52:02.115,1789282322.116,,7.5626,78.8,2400,9749,92.6,0x80000,0.00311,0.23948,0.20504,0.33157,0.00281,0.00242,0.16803,0.19137,0.06806,0.00089,0.06819,6.28165
2026-09-13T13:52:03.152,1789282323.152,,7.2877,77.1,2400,9743,92.7,0x80000,0.00301,0.26130,0.23395,0.39009,0.00302,0.00161,0.18356,0.14657,0.10983,0.00414,0.06441,5.88624
2026-09-13T13:52:04.183,1789282324.183,,5.9312,77.7,2400,9749,92.9,0x80000,0.00297,0.21861,0.20653,0.33157,0.00281,0.00181,0.16770,0.01443,0.10270,0.00000,0.06749,4.81457
2026-09-13T13:52:05.213,1789282325.213,,5.9397,77.7,2400,9743,92.1,0x80000,0.00302,0.33229,0.20712,0.38122,0.00301,0.00242,0.17672,0.00000,0.37761,0.00769,0.06327,4.38537
2026-09-13T13:52:06.242,1789282326.242,,5.5540,77.7,2400,9749,92.2,0x80000,0.00321,0.27434,0.27116,0.36172,0.00301,0.00181,0.17030,0.01082,0.21786,0.00947,0.06767,4.16263
2026-09-13T13:52:07.270,1789282327.271,,4.3936,77.7,2400,9756,92.7,0x80000,0.00302,0.28977,0.20552,0.34221,0.00301,0.00242,0.16359,0.18054,0.18692,0.00530,0.06377,2.94754
2026-09-13T13:52:08.304,1789282328.305,,6.1500,77.7,2400,9756,91.2,0x80000,0.00297,0.31152,0.21111,0.34593,0.00282,0.00161,0.15722,0.16987,0.17900,0.00118,0.06474,4.70206
2026-09-13T13:52:09.341,1789282329.341,,6.8222,78.2,2400,9765,93.7,0x80000,0.00302,0.22044,0.20840,0.32797,0.00301,0.00181,0.17697,0.19561,0.08803,0.00000,0.06534,5.53160
2026-09-13T13:52:10.373,1789282330.374,,8.7138,78.2,2400,9756,93.2,0x80000,0.00306,0.25183,0.22222,0.36480,0.00301,0.00242,0.14138,0.20333,0.44586,0.01011,0.06386,7.00193
2026-09-13T13:52:11.405,1789282331.406,,5.5771,78.2,2400,9765,89.4,0x80000,0.00302,0.33994,0.20854,0.36984,0.00241,0.00242,0.16732,0.18804,0.41264,0.01506,0.06454,3.80332
2026-09-13T13:52:12.440,1789282332.440,,7.3835,77.1,2400,9768,92.8,0x80000,0.00306,0.29235,0.20781,0.36704,0.00322,0.00282,0.18014,0.19894,0.21778,0.01424,0.06474,5.83136
2026-09-13T13:52:13.472,1789282333.472,,8.2529,78.8,2400,9762,92.9,0x80000,0.00302,0.28873,0.22374,0.46080,0.00141,0.00242,0.29355,0.17670,0.23864,0.00918,0.06533,6.48940
2026-09-13T13:52:14.512,1789282334.513,,7.0549,78.2,2400,9762,92.9,0x80000,0.00301,0.25944,0.27053,0.35957,0.00281,0.00201,0.20903,0.04342,0.17171,0.00296,0.06632,5.66407
2026-09-13T13:52:15.544,1789282335.545,,7.1282,79.3,2400,9771,92.5,0x80000,0.00301,0.25585,0.23856,0.40072,0.00221,0.00242,0.16694,0.20942,0.10843,0.00414,0.06504,5.67143
2026-09-13T13:52:16.576,1789282336.576,,8.6202,78.8,2400,9762,92.2,0x80000,0.00306,0.23858,0.27223,0.34576,0.00281,0.00161,0.23757,0.16634,0.30512,0.00713,0.06563,6.97431
2026-09-13T13:52:17.609,1789282337.609,,6.3504,77.7,2400,9762,90.7,0x80000,0.00301,0.27756,0.27223,0.33146,0.00301,0.00181,0.18684,0.20628,0.09460,0.00859,0.06870,4.89635
2026-09-13T13:52:18.637,1789282338.638,,3.9217,79.3,2400,9762,91.2,0x80000,0.00306,0.22559,0.20767,0.35481,0.00281,0.00242,0.18039,0.19537,0.25768,0.02315,0.06438,2.40438
2026-09-13T13:52:19.672,1789282339.672,,4.0072,78.8,2400,9762,90.7,0x80000,0.00306,0.28821,0.22144,0.33789,0.00302,0.00181,0.17030,0.21697,0.28857,0.00889,0.06261,2.40438
2026-09-13T13:52:20.701,1789282340.701,,4.9125,78.8,2400,9762,92.5,0x80000,0.00297,0.25114,0.20753,0.36504,0.00141,0.00241,0.17380,0.22822,0.13950,0.00030,0.06476,3.47541
2026-09-13T13:52:21.730,1789282341.731,,3.1091,74.3,2400,9865,33.6,0x80000,0.00287,0.25507,0.20660,0.41949,0.00141,0.00141,0.29619,0.17710,0.25669,0.00266,0.06410,1.42554
2026-09-13T13:52:22.757,1789282342.758,,2.0986,72.2,2400,9894,10.7,0x80000,0.00312,0.22105,0.20747,0.33698,0.00362,0.00141,0.17035,0.18415,0.08600,0.00000,0.06492,0.81954
2026-09-13T13:52:23.784,1789282343.784,,2.0607,71.0,2400,9884,0.0,0x80000,0.00302,0.22085,0.20826,0.33521,0.00281,0.00242,0.16793,0.18804,0.08608,0.00000,0.06563,0.78047
2026-09-13T13:52:24.810,1789282344.811,,1.8773,70.0,2400,8510,0.0,0x80000,0.00316,0.22105,0.21843,0.33381,0.00282,0.00141,0.17020,0.00724,0.08756,0.00059,0.06646,0.76454
2026-09-13T13:52:25.837,1789282345.837,,1.8724,69.4,2400,8190,0.0,0x80000,0.00297,0.21783,0.21305,0.33626,0.00282,0.00282,0.17035,0.00000,0.08803,0.00000,0.06646,0.77180
2026-09-13T13:52:26.862,1789282346.863,,1.8838,68.3,2400,8161,0.0,0x80000,0.00297,0.22870,0.21843,0.33614,0.00282,0.00161,0.17087,0.00724,0.08492,0.00000,0.06601,0.76408
2026-09-13T13:52:27.889,1789282347.890,,1.9074,68.8,1500,8158,0.0,0x80000,0.00287,0.21811,0.20976,0.32679,0.00282,0.00121,0.16803,0.00000,0.08399,0.00000,0.06587,0.82800
2026-09-13T13:52:28.916,1789282348.916,,1.9251,68.8,1500,8169,0.0,0x80000,0.00297,0.21861,0.20733,0.32161,0.00141,0.00141,0.18974,0.00000,0.08432,0.00000,0.06967,0.82800
2026-09-13T13:52:29.945,1789282349.946,,1.5792,67.2,1500,8176,0.5,0x80000,0.00297,0.22678,0.21843,0.32527,0.00141,0.00141,0.16387,0.00362,0.08955,0.00000,0.06542,0.48048
2026-09-13T13:52:30.972,1789282350.973,,1.6498,68.3,1500,8174,0.2,0x80000,0.00316,0.21773,0.27546,0.32117,0.00281,0.00242,0.18678,0.00000,0.09254,0.00000,0.06711,0.48066
2026-09-13T13:52:31.999,1789282351.999,,1.8187,67.8,1600,8165,0.7,0x80000,0.00297,0.21781,0.20996,0.31863,0.00282,0.00141,0.20237,0.21664,0.07602,0.00000,0.06699,0.50311
2026-09-13T13:52:33.025,1789282353.026,,1.7386,68.8,1500,8161,3.4,0x80000,0.00297,0.21881,0.20673,0.32256,0.00281,0.00242,0.16713,0.18804,0.08362,0.00089,0.06844,0.47415
2026-09-13T13:52:34.052,1789282354.052,,3.0602,66.7,1500,8158,0.2,0x80000,0.00311,0.21949,0.20896,0.31985,0.00282,0.00121,0.16382,0.19166,0.09167,0.00000,0.06722,1.79040
2026-09-13T13:52:35.078,1789282355.079,,1.5367,67.2,1500,8163,0.0,0x80000,0.00311,0.21909,0.20733,0.32143,0.00282,0.00282,0.16364,0.00000,0.08382,0.00000,0.06539,0.46731
2026-09-13T13:52:36.105,1789282356.105,,1.5678,66.1,1500,8163,0.0,0x80000,0.00302,0.21811,0.20840,0.32292,0.00241,0.00322,0.17712,0.00363,0.08911,0.00000,0.06535,0.47449
2026-09-13T13:52:37.132,1789282357.132,,1.6019,66.7,1500,8158,0.0,0x80000,0.00302,0.29070,0.20552,0.31415,0.00282,0.00242,0.16723,0.00723,0.07111,0.00000,0.06962,0.46815
2026-09-13T13:52:38.158,1789282358.159,,1.5411,66.1,1500,8161,0.2,0x80000,0.00306,0.21705,0.20733,0.31783,0.00241,0.00242,0.17049,0.01083,0.08481,0.00000,0.06404,0.46080
2026-09-13T13:52:39.185,1789282359.185,,1.5455,66.7,1500,8165,0.0,0x80000,0.00287,0.21987,0.20976,0.31783,0.00281,0.00121,0.16723,0.00362,0.08643,0.00000,0.06660,0.46731
2026-09-13T13:52:40.211,1789282360.212,,1.5746,66.7,1500,8167,0.0,0x80000,0.00307,0.21811,0.21893,0.32292,0.00281,0.00282,0.18741,0.00000,0.08503,0.00000,0.07220,0.46129
2026-09-13T13:52:41.239,1789282361.239,,1.7699,66.7,1500,8156,0.2,0x80000,0.00302,0.21695,0.22834,0.31941,0.00282,0.00282,0.16723,0.21335,0.08722,0.00000,0.06743,0.46129
2026-09-13T13:52:42.265,1789282362.266,,1.7118,65.5,1500,8158,0.0,0x80000,0.00307,0.21967,0.20673,0.32117,0.00241,0.00242,0.18979,0.17026,0.06973,0.00000,0.06594,0.46063
2026-09-13T13:52:43.292,1789282363.292,,1.7160,65.5,1500,8152,2.4,0x80000,0.00287,0.21743,0.20660,0.32159,0.00282,0.00141,0.17044,0.17732,0.08628,0.00000,0.06846,0.46080
2026-09-13T13:52:44.319,1789282364.320,,1.7222,66.1,1500,8152,0.2,0x80000,0.00311,0.21537,0.21965,0.32134,0.00282,0.00121,0.17020,0.18072,0.08722,0.00059,0.06597,0.45395
2026-09-13T13:52:45.347,1789282365.347,,1.7401,65.5,1500,8152,0.0,0x80000,0.00297,0.21577,0.22166,0.32679,0.00282,0.00282,0.16723,0.18752,0.08736,0.00000,0.06406,0.46113
2026-09-13T13:52:46.374,1789282366.375,,1.5698,65.5,1500,8154,0.0,0x80000,0.00302,0.21929,0.22188,0.32161,0.00282,0.00282,0.17044,0.01082,0.09237,0.00000,0.06424,0.46046
2026-09-13T13:52:47.402,1789282367.402,,1.7282,65.5,1500,8156,0.0,0x80000,0.00287,0.21675,0.36370,0.32466,0.00302,0.00201,0.19322,0.00000,0.09302,0.00000,0.06784,0.46113
2026-09-13T13:52:48.429,1789282368.430,,1.5297,65.5,1500,8149,0.2,0x80000,0.00311,0.21793,0.20774,0.32117,0.00282,0.00242,0.16401,0.00724,0.08470,0.00059,0.06416,0.45379
2026-09-13T13:52:49.456,1789282369.456,,1.7331,65.5,1500,8154,0.0,0x80000,0.00306,0.21803,0.20896,0.37577,0.00241,0.00322,0.30508,0.00723,0.08937,0.00000,0.06601,0.45395
2026-09-13T13:52:50.482,1789282370.483,,1.5524,65.0,1500,8152,0.2,0x80000,0.00311,0.21773,0.20889,0.32099,0.00261,0.00322,0.17682,0.00000,0.09478,0.00000,0.06976,0.45444
2026-09-13T13:52:51.509,1789282371.509,,1.5730,65.0,1500,8149,0.0,0x80000,0.00312,0.21861,0.20781,0.32117,0.00281,0.00282,0.16443,0.04699,0.08236,0.00000,0.06846,0.45444
2026-09-13T13:52:52.535,1789282372.536,,1.7159,65.0,1500,8138,0.0,0x80000,0.00297,0.22044,0.20854,0.32134,0.00241,0.00322,0.16079,0.18804,0.08614,0.00000,0.06784,0.45412
2026-09-13T13:52:53.562,1789282373.562,,1.7273,65.5,1500,8130,2.2,0x80000,0.00297,0.21693,0.20774,0.31750,0.00261,0.00322,0.17059,0.19166,0.09115,0.00000,0.06846,0.45444
2026-09-13T13:52:54.588,1789282374.589,,1.8178,65.0,1500,8145,0.0,0x80000,0.00311,0.21567,0.20660,0.32327,0.00241,0.00242,0.15427,0.18456,0.08756,0.00238,0.06784,0.56765
2026-09-13T13:52:55.616,1789282375.616,,1.6923,65.0,1500,8141,0.2,0x80000,0.00297,0.21625,0.20882,0.31800,0.00281,0.00282,0.16419,0.18076,0.08233,0.00000,0.06523,0.44808
2026-09-13T13:52:56.643,1789282376.644,,1.7086,63.4,1500,8141,0.0,0x80000,0.00302,0.21705,0.20868,0.32047,0.00281,0.00282,0.17361,0.18415,0.08186,0.00030,0.06658,0.44728
2026-09-13T13:52:57.670,1789282377.670,,1.5862,65.5,1500,8149,0.5,0x80000,0.00307,0.26743,0.20875,0.32117,0.00282,0.00282,0.17687,0.00000,0.08605,0.00000,0.06993,0.44728
2026-09-13T13:52:58.697,1789282378.698,,1.5375,64.5,1500,8145,0.0,0x80000,0.00302,0.21646,0.20799,0.31925,0.00322,0.00322,0.17044,0.00362,0.09526,0.00000,0.06724,0.44776
2026-09-13T13:52:59.725,1789282379.725,,1.5139,65.0,1500,8138,0.0,0x80000,0.00302,0.21763,0.20788,0.32099,0.00281,0.00282,0.15458,0.00724,0.08216,0.00000,0.06672,0.44808
2026-09-13T13:53:00.752,1789282380.752,,1.5276,65.5,1500,8141,0.0,0x80000,0.00311,0.21625,0.20660,0.32468,0.00282,0.00242,0.17044,0.00000,0.07976,0.00030,0.06725,0.45395
2026-09-13T13:53:01.779,1789282381.780,,1.5329,64.5,1500,8141,0.2,0x80000,0.00307,0.21519,0.21535,0.31418,0.00241,0.00322,0.17697,0.00362,0.08118,0.00000,0.06962,0.44808
2026-09-13T13:53:02.807,1789282382.807,,1.5406,64.5,1500,8136,0.2,0x80000,0.00307,0.21685,0.22059,0.32134,0.00241,0.00322,0.17044,0.00000,0.08694,0.00000,0.06779,0.44792
2026-09-13T13:53:03.834,1789282383.835,,1.8249,64.5,1500,8130,2.0,0x80000,0.00307,0.21763,0.24334,0.32151,0.00281,0.00242,0.23818,0.18776,0.09409,0.00000,0.06599,0.44808
2026-09-13T13:53:04.861,1789282384.861,,1.7158,64.5,1500,8136,0.0,0x80000,0.00292,0.21791,0.21003,0.31401,0.00301,0.00242,0.17346,0.18415,0.09361,0.00000,0.06654,0.44776
2026-09-13T13:53:05.891,1789282385.892,,1.8755,65.0,1500,6724,0.0,0x80000,0.00302,0.23344,0.20781,0.32448,0.00261,0.00483,0.16401,0.00722,0.08191,0.00000,0.06597,0.78023
2026-09-13T13:53:06.918,1789282386.918,,1.9200,64.5,1500,6430,0.2,0x80000,0.00312,0.21793,0.24533,0.32622,0.00402,0.00242,0.17702,0.00362,0.09563,0.00030,0.06998,0.77436
2026-09-13T13:53:07.947,1789282387.948,,1.5330,63.9,1500,6400,0.2,0x80000,0.00297,0.21861,0.20733,0.31698,0.00281,0.00282,0.17044,0.00362,0.09005,0.00000,0.06976,0.44760
2026-09-13T13:53:08.974,1789282388.974,,1.5362,63.4,1500,6389,0.2,0x80000,0.00312,0.21675,0.20733,0.31958,0.00241,0.00483,0.17035,0.00000,0.09672,0.00030,0.06668,0.44808
2026-09-13T13:53:10.000,1789282390.001,,1.5466,63.9,1500,6403,0.0,0x80000,0.00302,0.22007,0.22881,0.31750,0.00342,0.00322,0.17087,0.00000,0.09075,0.00000,0.06789,0.44108
2026-09-13T13:53:11.027,1789282391.027,,1.5652,63.9,1500,6402,0.0,0x80000,0.00312,0.22173,0.20996,0.31800,0.00241,0.00322,0.20271,0.00000,0.08835,0.00000,0.06791,0.44776
2026-09-13T13:53:12.053,1789282392.054,,1.6209,65.0,1500,6395,0.2,0x80000,0.00311,0.30371,0.21807,0.31576,0.00302,0.00222,0.17039,0.00000,0.09005,0.00000,0.06667,0.44792
2026-09-13T13:53:13.080,1789282393.080,,1.7251,63.9,1500,6389,0.2,0x80000,0.00311,0.21861,0.20660,0.31750,0.00261,0.00322,0.18325,0.18415,0.09694,0.00000,0.06789,0.44124
2026-09-13T13:53:14.107,1789282394.108,,1.7039,63.4,1500,6391,2.7,0x80000,0.00312,0.22007,0.20719,0.31607,0.00241,0.00242,0.17361,0.18090,0.08864,0.00000,0.06793,0.44155
2026-09-13T13:53:15.135,1789282395.135,,1.8055,63.9,1500,6385,0.0,0x80000,0.00302,0.21783,0.28140,0.31925,0.00281,0.00282,0.19933,0.17670,0.08719,0.00089,0.06665,0.44760
2026-09-13T13:53:16.161,1789282396.162,,1.7057,63.4,1500,6387,0.0,0x80000,0.00287,0.21733,0.20840,0.31750,0.00282,0.00222,0.19595,0.16609,0.08696,0.00000,0.06416,0.44139
2026-09-13T13:53:17.189,1789282397.189,,1.5418,62.8,1500,6385,0.0,0x80000,0.00321,0.21421,0.20854,0.31925,0.00261,0.00322,0.16396,0.02178,0.09621,0.00059,0.06681,0.44139
2026-09-13T13:53:18.216,1789282398.217,,1.5505,63.9,1500,6384,0.0,0x80000,0.00316,0.21441,0.20712,0.31976,0.00282,0.00242,0.19377,0.01086,0.08823,0.00000,0.06674,0.44124
2026-09-13T13:53:19.244,1789282399.244,,1.5368,63.9,1500,6380,0.5,0x80000,0.00297,0.21615,0.20781,0.32503,0.00241,0.00322,0.17059,0.00721,0.09346,0.00000,0.06731,0.44060
2026-09-13T13:53:20.270,1789282400.271,,1.7063,63.9,1500,6372,0.0,0x80000,0.00297,0.21881,0.21270,0.31958,0.00241,0.00242,0.16803,0.18035,0.08818,0.00000,0.07027,0.44060
2026-09-13T13:53:21.298,1789282401.298,,1.7168,63.4,1500,6374,0.0,0x80000,0.00297,0.21607,0.20875,0.31941,0.00282,0.00282,0.18034,0.18799,0.08768,0.00000,0.06670,0.44124
2026-09-13T13:53:22.325,1789282402.326,,1.5277,63.9,1500,6372,0.5,0x80000,0.00302,0.21568,0.20982,0.32117,0.00282,0.00282,0.17054,0.00726,0.08788,0.00000,0.06609,0.44060
2026-09-13T13:53:23.351,1789282403.352,,1.5428,63.9,1500,6377,0.0,0x80000,0.00302,0.21695,0.21132,0.32291,0.00282,0.00282,0.17035,0.01452,0.09020,0.00000,0.06665,0.44124
2026-09-13T13:53:24.379,1789282404.379,,1.6784,63.4,1500,6366,1.7,0x80000,0.00316,0.21783,0.20896,0.32274,0.00402,0.00242,0.14789,0.18094,0.08554,0.00000,0.06419,0.44076
2026-09-13T13:53:25.407,1789282405.407,,1.9010,62.8,1500,6365,0.2,0x80000,0.00302,0.21666,0.21003,0.38299,0.00261,0.00484,0.28869,0.19498,0.08605,0.00059,0.06980,0.44076
2026-09-13T13:53:26.434,1789282406.435,,1.5372,62.8,1500,6368,0.0,0x80000,0.00312,0.22082,0.20667,0.32989,0.00282,0.00242,0.17984,0.00000,0.08486,0.00000,0.06615,0.44060
2026-09-13T13:53:27.460,1789282407.461,,1.5328,63.4,1500,6368,0.0,0x80000,0.00311,0.21783,0.21090,0.32625,0.00261,0.00242,0.17035,0.00000,0.08803,0.00000,0.07039,0.44092
2026-09-13T13:53:28.487,1789282408.487,,1.5179,63.4,1500,6365,0.2,0x80000,0.00302,0.22958,0.20875,0.31576,0.00301,0.00282,0.15445,0.00362,0.09225,0.00030,0.07046,0.43393
2026-09-13T13:53:29.514,1789282409.515,,1.5165,62.8,1500,6358,0.0,0x80000,0.00302,0.21733,0.20760,0.32117,0.00282,0.00282,0.17687,0.00000,0.07346,0.00000,0.06984,0.44155
2026-09-13T13:53:30.542,1789282410.542,,1.5000,63.9,1500,6355,0.0,0x80000,0.00302,0.21773,0.20747,0.31576,0.00261,0.00322,0.15115,0.00000,0.08791,0.00000,0.06987,0.44124
2026-09-13T13:53:31.568,1789282411.569,,1.5278,63.4,1500,6361,0.0,0x80000,0.00302,0.21881,0.21807,0.31941,0.00282,0.00282,0.16382,0.00361,0.09152,0.00000,0.06923,0.43471
2026-09-13T13:53:32.596,1789282412.596,,1.5636,62.8,1500,6355,0.0,0x80000,0.00307,0.21705,0.23581,0.31976,0.00241,0.00322,0.17419,0.01083,0.09455,0.00000,0.06861,0.43408
2026-09-13T13:53:33.623,1789282413.624,,1.5197,61.7,1500,6351,0.2,0x80000,0.00302,0.21997,0.20806,0.31925,0.00402,0.00242,0.16723,0.00361,0.08815,0.00030,0.06976,0.43393
2026-09-13T13:53:34.650,1789282414.650,,1.7543,62.8,1500,6347,2.0,0x80000,0.00311,0.21353,0.22812,0.32271,0.00261,0.00222,0.19600,0.18776,0.09621,0.00000,0.06780,0.43424
2026-09-13T13:53:35.677,1789282415.678,,1.7779,62.8,1500,6347,0.0,0x80000,0.00312,0.26923,0.20781,0.32503,0.00241,0.00322,0.19279,0.18804,0.08551,0.00000,0.06599,0.43471
2026-09-13T13:53:36.705,1789282416.705,,1.8906,63.4,1500,6350,0.0,0x80000,0.00307,0.21617,0.34268,0.31273,0.00281,0.00282,0.21868,0.19166,0.09069,0.00000,0.06793,0.44139
2026-09-13T13:53:37.731,1789282417.732,,1.5333,61.7,1500,6347,0.5,0x80000,0.00297,0.21871,0.23181,0.31958,0.00282,0.00242,0.17752,0.00361,0.07135,0.00000,0.06855,0.43393
2026-09-13T13:53:38.758,1789282418.758,,1.5191,62.8,1500,6350,0.2,0x80000,0.00311,0.21539,0.20781,0.31750,0.00261,0.00242,0.18320,0.00722,0.08447,0.00000,0.06797,0.42740
2026-09-13T13:53:39.785,1789282419.786,,1.5433,62.2,1500,6350,0.0,0x80000,0.00311,0.21549,0.20673,0.32625,0.00261,0.00222,0.20226,0.00000,0.08167,0.00030,0.06859,0.43408
2026-09-13T13:53:40.813,1789282420.813,,1.5951,63.4,1500,6351,0.0,0x80000,0.00302,0.21383,0.20889,0.32099,0.00262,0.00484,0.20271,0.04700,0.08540,0.00000,0.07108,0.43471
2026-09-13T13:53:41.840,1789282421.841,,1.5812,62.8,1500,6342,0.0,0x80000,0.00312,0.21539,0.20982,0.32448,0.00402,0.00242,0.22221,0.18442,0.08503,0.00000,0.06969,0.26064
2026-09-13T13:53:42.867,1789282422.867,,1.6971,63.4,1500,6339,0.2,0x80000,0.00311,0.21841,0.20781,0.32047,0.00262,0.00484,0.18361,0.17719,0.08477,0.00000,0.06668,0.42756
2026-09-13T13:53:43.897,1789282423.897,,1.8565,62.8,1500,6334,0.0,0x80000,0.00302,0.21929,0.20916,0.32485,0.00241,0.00242,0.18009,0.00000,0.08812,0.00000,0.06969,0.75749
2026-09-13T13:53:44.923,1789282424.924,,2.0650,63.9,1500,6333,2.4,0x80000,0.00312,0.22007,0.20875,0.32625,0.00241,0.00222,0.20311,0.19180,0.08274,0.00000,0.06775,0.75680
2026-09-13T13:53:45.953,1789282425.954,,1.6919,62.2,1500,6334,0.0,0x80000,0.00311,0.21577,0.22059,0.32102,0.00261,0.00322,0.17371,0.18081,0.07597,0.00000,0.06720,0.42786
2026-09-13T13:53:46.980,1789282426.980,,1.5628,62.8,1500,6334,0.0,0x80000,0.00331,0.22214,0.20684,0.32271,0.00261,0.00242,0.17667,0.04703,0.08492,0.00000,0.06608,0.42802
2026-09-13T13:53:48.006,1789282428.007,,1.7135,62.2,1500,6333,0.2,0x80000,0.00302,0.21645,0.21104,0.32803,0.00322,0.00322,0.16723,0.18045,0.09269,0.00000,0.07342,0.43471
2026-09-13T13:53:49.033,1789282429.033,,1.6814,62.8,1500,6330,0.0,0x80000,0.00311,0.21811,0.20598,0.32564,0.00282,0.00222,0.17030,0.16663,0.08368,0.00000,0.06864,0.43424
2026-09-13T13:53:50.059,1789282430.060,,1.6913,62.8,1500,6333,0.0,0x80000,0.00307,0.21617,0.33431,0.31925,0.00261,0.00483,0.19617,0.01807,0.08937,0.00000,0.06668,0.44076
2026-09-13T13:53:51.086,1789282431.086,,1.5429,62.2,1500,6330,0.0,0x80000,0.00321,0.21871,0.20733,0.32271,0.00322,0.00483,0.17126,0.03625,0.07764,0.00000,0.06978,0.42802
2026-09-13T13:53:52.112,1789282432.113,,1.4975,62.2,1500,6331,0.2,0x80000,0.00316,0.21705,0.20625,0.31942,0.00241,0.00242,0.15758,0.00361,0.08847,0.00000,0.06976,0.42740
2026-09-13T13:53:53.139,1789282433.139,,1.5151,61.7,1500,6327,0.2,0x80000,0.00297,0.21539,0.20660,0.32625,0.00242,0.00242,0.16461,0.00721,0.08506,0.00000,0.06797,0.43424
2026-09-13T13:53:54.165,1789282434.166,,1.5201,62.2,1500,6323,0.0,0x80000,0.00297,0.21617,0.20767,0.32448,0.00402,0.00242,0.17371,0.00000,0.09251,0.00000,0.06859,0.42756
2026-09-13T13:53:55.192,1789282435.192,,1.7034,61.7,1500,6318,2.2,0x80000,0.00311,0.21929,0.21736,0.32741,0.00362,0.00242,0.16382,0.18094,0.08313,0.00000,0.06795,0.43439
2026-09-13T13:53:56.218,1789282436.219,,1.7113,61.7,1500,6321,0.0,0x80000,0.00302,0.21421,0.20788,0.32099,0.00261,0.00322,0.17672,0.18804,0.09186,0.00000,0.06784,0.43486
2026-09-13T13:53:57.245,1789282437.245,,1.7395,61.7,1500,6322,0.2,0x80000,0.00311,0.21733,0.20673,0.32271,0.00322,0.00483,0.22190,0.18031,0.08600,0.00000,0.06596,0.42740
2026-09-13T13:53:58.271,1789282438.272,,1.7110,61.7,1500,6315,0.0,0x80000,0.00306,0.22085,0.21863,0.32448,0.00322,0.00242,0.17356,0.18094,0.08648,0.00000,0.06982,0.42756
2026-09-13T13:53:59.298,1789282439.298,,1.7774,61.1,1500,6318,0.2,0x80000,0.00311,0.21763,0.28164,0.32274,0.00261,0.00242,0.17035,0.18442,0.08895,0.00000,0.06963,0.43393
2026-09-13T13:54:00.325,1789282440.326,,1.5466,61.7,1500,6317,0.0,0x80000,0.00311,0.22007,0.20660,0.32625,0.00261,0.00242,0.20570,0.00000,0.08432,0.00000,0.06797,0.42756
2026-09-13T13:54:01.353,1789282441.353,,1.7725,61.7,1500,6318,0.0,0x80000,0.00297,0.21871,0.21055,0.37767,0.00261,0.00322,0.37435,0.00000,0.08676,0.00000,0.06782,0.42786
2026-09-13T13:54:02.380,1789282442.381,,1.5405,62.2,1500,6315,0.2,0x80000,0.00297,0.21811,0.20660,0.32274,0.00241,0.00483,0.19950,0.00722,0.08875,0.00000,0.06606,0.42133
2026-09-13T13:54:03.408,1789282443.408,,1.5408,61.1,1500,6318,0.0,0x80000,0.00307,0.21539,0.20781,0.32134,0.00241,0.00242,0.20903,0.00000,0.08498,0.00000,0.06667,0.42771
2026-09-13T13:54:04.435,1789282444.436,,1.4998,62.2,1500,6319,0.0,0x80000,0.00311,0.21744,0.20552,0.32485,0.00241,0.00242,0.15119,0.01085,0.08477,0.00000,0.06985,0.42740
2026-09-13T13:54:05.463,1789282445.463,,1.6828,61.1,1500,6299,5.1,0x80000,0.00302,0.21771,0.20593,0.31958,0.00282,0.00282,0.17006,0.18456,0.08159,0.00000,0.06704,0.42771
2026-09-13T13:54:06.490,1789282446.491,,1.6917,61.1,1500,6301,0.0,0x80000,0.00302,0.21889,0.20733,0.31750,0.00282,0.00282,0.17361,0.18415,0.08379,0.00000,0.06978,0.42802
2026-09-13T13:54:07.518,1789282447.518,,1.5195,61.1,1500,6306,0.0,0x80000,0.00302,0.22122,0.20812,0.32279,0.00262,0.00483,0.17667,0.00000,0.08324,0.00000,0.06976,0.42725
2026-09-13T13:54:08.545,1789282448.546,,1.5483,60.6,1500,6310,0.2,0x80000,0.00321,0.21685,0.24476,0.32564,0.00282,0.00242,0.17737,0.00361,0.07852,0.00000,0.06526,0.42786
2026-09-13T13:54:09.572,1789282449.572,,1.5918,61.1,1500,6310,0.0,0x80000,0.00297,0.30605,0.20733,0.31750,0.00241,0.00242,0.17351,0.00000,0.08216,0.00000,0.06989,0.42756
2026-09-13T13:54:10.599,1789282450.600,,1.6072,61.1,1500,6307,0.2,0x80000,0.00297,0.21148,0.20701,0.32803,0.00322,0.00242,0.24748,0.02164,0.08701,0.00000,0.06797,0.42802
2026-09-13T13:54:11.627,1789282451.627,,1.4997,61.7,1500,6307,0.0,0x80000,0.00311,0.21655,0.20518,0.33157,0.00261,0.00242,0.15115,0.00362,0.09003,0.00000,0.06556,0.42786
2026-09-13T13:54:12.653,1789282452.654,,1.6814,61.7,1500,6306,0.0,0x80000,0.00302,0.21733,0.20733,0.31576,0.00261,0.00242,0.18034,0.17305,0.09030,0.00000,0.06793,0.42133
2026-09-13T13:54:13.681,1789282453.681,,1.6931,61.1,1500,6305,0.0,0x80000,0.00302,0.22017,0.20660,0.32625,0.00261,0.00322,0.16746,0.18456,0.08820,0.00000,0.07044,0.42058
2026-09-13T13:54:14.708,1789282454.709,,1.5220,61.7,1500,6301,0.0,0x80000,0.00302,0.21461,0.20612,0.31576,0.00322,0.00484,0.15467,0.00000,0.08978,0.00000,0.06923,0.46080
2026-09-13T13:54:15.736,1789282455.736,,1.6823,61.7,1500,6291,2.2,0x80000,0.00302,0.21695,0.20840,0.32274,0.00282,0.00242,0.17672,0.18026,0.08390,0.00000,0.06419,0.42088
2026-09-13T13:54:16.762,1789282456.763,,1.6903,62.8,1500,6295,0.2,0x80000,0.00307,0.21537,0.20673,0.32093,0.00262,0.00322,0.18004,0.18004,0.08768,0.00059,0.06909,0.42088
2026-09-13T13:54:17.790,1789282457.790,,1.6932,61.1,1500,6303,0.0,0x80000,0.00311,0.21821,0.21069,0.32448,0.00282,0.00242,0.17346,0.17732,0.08255,0.00000,0.07086,0.42725
2026-09-13T13:54:18.817,1789282458.818,,1.6887,61.7,1500,6302,0.0,0x80000,0.00297,0.22017,0.20625,0.32102,0.00282,0.00242,0.17429,0.18456,0.08949,0.00000,0.06417,0.42058
2026-09-13T13:54:19.844,1789282459.844,,1.5561,61.7,1500,6303,0.0,0x80000,0.00307,0.21734,0.20767,0.32099,0.00282,0.00282,0.22833,0.00000,0.08518,0.00000,0.06672,0.42118
2026-09-13T13:54:20.873,1789282460.874,,1.9281,61.1,1500,6305,0.5,0x80000,0.00302,0.27573,0.21069,0.32099,0.00261,0.00242,0.15731,0.01082,0.09694,0.00000,0.06663,0.78094
2026-09-13T13:54:21.900,1789282461.900,,1.9813,61.7,1500,6298,0.0,0x80000,0.00312,0.21733,0.20719,0.32980,0.00262,0.00222,0.17068,0.18401,0.08600,0.00000,0.06974,0.70858
2026-09-13T13:54:22.926,1789282462.927,,2.0029,61.1,1500,6297,0.0,0x80000,0.00306,0.21461,0.20708,0.32803,0.00402,0.00242,0.17712,0.16301,0.08733,0.00000,0.06734,0.74884
2026-09-13T13:54:23.954,1789282463.955,,1.5272,60.0,1500,6294,0.0,0x80000,0.00307,0.21265,0.20896,0.32625,0.00261,0.00483,0.18325,0.00362,0.08721,0.00000,0.06670,0.42802
2026-09-13T13:54:24.981,1789282464.981,,2.2080,61.7,1500,6298,0.0,0x80000,0.00312,0.21889,0.20701,0.31576,0.00261,0.00322,0.16732,0.71131,0.08829,0.00000,0.06973,0.42073
2026-09-13T13:54:26.007,1789282466.008,,1.7050,61.1,1500,6290,2.0,0x80000,0.00312,0.21617,0.20733,0.31768,0.00241,0.00242,0.19950,0.17732,0.08495,0.00029,0.06596,0.42786
2026-09-13T13:54:27.034,1789282467.034,,1.6959,61.7,1500,6291,0.2,0x80000,0.00302,0.21577,0.21628,0.32093,0.00403,0.00242,0.17429,0.18396,0.08456,0.00000,0.06976,0.42088
2026-09-13T13:54:28.060,1789282468.061,,1.4855,60.0,1500,6298,0.0,0x80000,0.00311,0.21889,0.20719,0.31576,0.00261,0.00242,0.15744,0.00000,0.08285,0.00000,0.06793,0.42725
2026-09-13T13:54:29.087,1789282469.087,,1.7122,61.1,1500,6294,0.0,0x80000,0.00297,0.21997,0.20875,0.37908,0.00241,0.00222,0.30473,0.01443,0.08925,0.00000,0.06786,0.42058
2026-09-13T13:54:30.113,1789282470.114,,1.5132,61.7,1500,6297,0.2,0x80000,0.00297,0.21499,0.20767,0.32457,0.00282,0.00222,0.17356,0.00723,0.08981,0.00000,0.06677,0.42058
2026-09-13T13:54:31.140,1789282471.140,,1.5155,60.6,1500,6291,0.0,0x80000,0.00311,0.21470,0.20660,0.32803,0.00402,0.00242,0.16788,0.00361,0.09036,0.00000,0.06672,0.42802
2026-09-13T13:54:32.166,1789282472.167,,1.6901,60.6,1500,6290,0.0,0x80000,0.00307,0.21568,0.24533,0.35817,0.00282,0.00282,0.18004,0.00000,0.19134,0.00000,0.06949,0.42133
2026-09-13T13:54:33.193,1789282473.193,,1.5968,60.6,1500,6295,0.0,0x80000,0.00302,0.30769,0.20788,0.31925,0.00282,0.00282,0.17039,0.00000,0.09042,0.00119,0.07046,0.42088
2026-09-13T13:54:34.219,1789282474.220,,1.5664,61.1,1500,6294,0.0,0x80000,0.00302,0.21343,0.21219,0.32271,0.00322,0.00322,0.23456,0.00000,0.08410,0.00030,0.06859,0.42103
2026-09-13T13:54:35.246,1789282475.246,,1.5091,60.0,1500,6289,0.2,0x80000,0.00317,0.21656,0.20875,0.32134,0.00241,0.00242,0.17752,0.00000,0.08585,0.00000,0.06976,0.42133
2026-09-13T13:54:36.272,1789282476.273,,1.7328,60.6,1500,6281,2.2,0x80000,0.00297,0.21549,0.20660,0.32271,0.00402,0.00242,0.17449,0.18442,0.09030,0.00000,0.06797,0.46146
2026-09-13T13:54:37.299,1789282477.299,,1.6781,61.1,1500,6284,0.0,0x80000,0.00316,0.21773,0.21003,0.32271,0.00322,0.00483,0.16723,0.18456,0.08470,0.00000,0.06603,0.41390
2026-09-13T13:54:38.326,1789282478.327,,1.5002,60.6,1500,6287,0.2,0x80000,0.00306,0.21909,0.20733,0.31958,0.00241,0.00242,0.17371,0.00000,0.08477,0.00000,0.06668,0.42118
2026-09-13T13:54:39.353,1789282479.353,,1.5247,60.6,1500,6289,0.0,0x80000,0.00311,0.21959,0.20760,0.31800,0.00241,0.00322,0.19290,0.00000,0.08756,0.00000,0.06866,0.42163
2026-09-13T13:54:40.379,1789282480.380,,1.5021,60.0,1500,6285,0.0,0x80000,0.00331,0.21773,0.22002,0.32625,0.00262,0.00483,0.15449,0.00000,0.08244,0.00000,0.06980,0.42058
2026-09-13T13:54:41.406,1789282481.406,,1.6995,60.6,1500,6285,0.0,0x80000,0.00311,0.21811,0.21104,0.32741,0.00282,0.00242,0.17087,0.18790,0.08509,0.00000,0.07033,0.42042
2026-09-13T13:54:42.433,1789282482.434,,1.7010,61.1,1500,6282,0.2,0x80000,0.00312,0.22075,0.20792,0.31401,0.00402,0.00483,0.18325,0.18804,0.09189,0.00000,0.06855,0.41464
2026-09-13T13:54:43.460,1789282483.460,,1.5451,60.0,1500,6281,0.2,0x80000,0.00312,0.22105,0.21628,0.31800,0.00282,0.00242,0.20558,0.00000,0.08477,0.00000,0.07016,0.42088
2026-09-13T13:54:44.486,1789282484.487,,1.5696,61.1,1500,6284,0.0,0x80000,0.00297,0.29227,0.20680,0.31750,0.00261,0.00322,0.17035,0.00362,0.08577,0.00000,0.06984,0.41464
2026-09-13T13:54:45.514,1789282485.514,,1.5032,60.6,1500,6287,0.0,0x80000,0.00297,0.21617,0.20552,0.31916,0.00362,0.00222,0.19273,0.00000,0.07826,0.00000,0.06795,0.41464
2026-09-13T13:54:46.540,1789282486.541,,1.9332,61.1,1500,6278,2.0,0x80000,0.00306,0.21881,0.20767,0.32625,0.00261,0.00242,0.15419,0.18804,0.08826,0.00000,0.06670,0.67522
2026-09-13T13:54:47.567,1789282487.567,,1.6597,60.6,1500,6289,0.2,0x80000,0.00297,0.21881,0.20639,0.31985,0.00282,0.00242,0.17415,0.17604,0.08167,0.00000,0.06663,0.40796
2026-09-13T13:54:48.594,1789282488.595,,1.4892,60.6,1500,6280,0.0,0x80000,0.00307,0.21773,0.20532,0.32803,0.00322,0.00322,0.15749,0.00361,0.08566,0.00000,0.06793,0.41390
2026-09-13T13:54:49.622,1789282489.622,,1.4908,60.0,1500,6282,0.0,0x80000,0.00302,0.22095,0.20875,0.32271,0.00261,0.00483,0.16713,0.00000,0.07847,0.00029,0.06743,0.41464
2026-09-13T13:54:50.649,1789282490.650,,1.4883,61.1,1500,6284,0.2,0x80000,0.00312,0.22044,0.20639,0.32704,0.00282,0.00222,0.15789,0.00000,0.08385,0.00000,0.06985,0.41464
2026-09-13T13:54:51.675,1789282491.676,,1.5165,60.6,1500,6277,0.0,0x80000,0.00302,0.22350,0.20646,0.32274,0.00261,0.00222,0.17351,0.00726,0.08346,0.00059,0.06984,0.42133
2026-09-13T13:54:52.702,1789282492.702,,1.5208,61.1,1500,6282,0.2,0x80000,0.00312,0.21695,0.20625,0.32093,0.00322,0.00322,0.19611,0.00000,0.08429,0.00000,0.06791,0.41881
2026-09-13T13:54:53.728,1789282493.729,,1.5036,60.0,1500,6281,0.0,0x80000,0.00311,0.21803,0.21951,0.32349,0.00282,0.00222,0.17097,0.00000,0.07892,0.00000,0.06989,0.41464
2026-09-13T13:54:54.755,1789282494.755,,1.4327,60.6,1500,6280,0.0,0x80000,0.00311,0.21959,0.20719,0.30878,0.00402,0.00222,0.17044,0.00000,0.03550,0.00000,0.06734,0.41449
2026-09-13T13:54:55.781,1789282495.782,,1.4667,61.7,1500,6281,0.0,0x80000,0.00297,0.21577,0.20781,0.30861,0.00282,0.00222,0.21973,0.00722,0.02377,0.00000,0.06798,0.40781
2026-09-13T13:54:56.808,1789282496.808,,1.6655,60.0,1500,6276,2.4,0x80000,0.00311,0.21539,0.21678,0.31207,0.00322,0.00322,0.17682,0.20571,0.04731,0.00000,0.06727,0.41464
2026-09-13T13:54:57.834,1789282497.835,,1.6959,60.0,1500,6276,0.2,0x80000,0.00321,0.21851,0.28112,0.30355,0.00322,0.00322,0.18009,0.18094,0.04094,0.00000,0.06642,0.41464
2026-09-13T13:54:58.861,1789282498.861,,1.4385,60.0,1500,6272,0.0,0x80000,0.00316,0.21939,0.20566,0.31038,0.00282,0.00483,0.17449,0.00362,0.02687,0.00000,0.06608,0.42118
2026-09-13T13:54:59.888,1789282499.888,,1.7491,61.1,1500,6280,0.2,0x80000,0.00307,0.21655,0.20767,0.31052,0.00261,0.00322,0.15436,0.00723,0.04621,0.00000,0.06409,0.73357
2026-09-13T13:55:00.914,1789282500.915,,1.9519,61.1,1500,6276,0.0,0x80000,0.00302,0.21539,0.20660,0.30813,0.00282,0.00222,0.17092,0.20989,0.02364,0.00000,0.06971,0.73953
2026-09-13T13:55:01.945,1789282501.946,,1.6152,60.6,1500,6278,0.0,0x80000,0.00307,0.21529,0.20573,0.30355,0.00262,0.00322,0.17672,0.18433,0.03987,0.00000,0.06665,0.41420
2026-09-13T13:55:02.972,1789282502.972,,1.4380,60.0,1500,6274,0.2,0x80000,0.00297,0.21763,0.20701,0.31030,0.00322,0.00242,0.17712,0.00000,0.03624,0.00000,0.06679,0.41435
2026-09-13T13:55:03.998,1789282503.999,,1.4402,59.5,1500,6273,0.2,0x80000,0.00312,0.21781,0.20673,0.30988,0.00241,0.00483,0.17677,0.00722,0.02745,0.00000,0.06978,0.41420
2026-09-13T13:55:05.025,1789282505.025,,1.8263,60.0,1500,6277,0.0,0x80000,0.00306,0.21655,0.23258,0.36704,0.00322,0.00242,0.29207,0.19166,0.03550,0.00000,0.06773,0.41449
2026-09-13T13:55:06.051,1789282506.051,,1.6221,60.0,1500,6277,0.0,0x80000,0.00297,0.21743,0.20639,0.30371,0.00261,0.00242,0.17702,0.18429,0.04539,0.00000,0.06609,0.41375
2026-09-13T13:55:07.077,1789282507.078,,1.4477,60.0,1500,6277,0.2,0x80000,0.00311,0.22007,0.20639,0.31215,0.00402,0.00242,0.17737,0.00000,0.04107,0.00000,0.06672,0.41435
2026-09-13T13:55:08.104,1789282508.104,,1.6390,60.0,1600,6272,2.4,0x80000,0.00302,0.21763,0.20566,0.31739,0.00261,0.00242,0.15740,0.17345,0.03448,0.00000,0.07026,0.45466
2026-09-13T13:55:09.130,1789282509.131,,1.6083,60.6,1500,6276,0.0,0x80000,0.00302,0.21695,0.20889,0.31030,0.00402,0.00242,0.16803,0.17732,0.03661,0.00000,0.06670,0.41405
2026-09-13T13:55:10.157,1789282510.157,,1.4614,59.0,1500,6272,0.0,0x80000,0.00311,0.21695,0.21929,0.31215,0.00282,0.00242,0.17429,0.00724,0.04310,0.00000,0.06615,0.41390
2026-09-13T13:55:11.183,1789282511.184,,1.5507,59.5,1500,6273,0.0,0x80000,0.00297,0.30109,0.20781,0.30971,0.00282,0.00242,0.17449,0.00724,0.06665,0.00000,0.06798,0.40752
2026-09-13T13:55:12.210,1789282512.210,,1.4295,59.0,1500,6270,0.2,0x80000,0.00312,0.21773,0.20733,0.31030,0.00261,0.00322,0.17039,0.00000,0.03332,0.00000,0.06679,0.41464
2026-09-13T13:55:13.237,1789282513.237,,1.4552,59.5,1500,6276,0.2,0x80000,0.00312,0.21695,0.21951,0.31148,0.00282,0.00242,0.16401,0.00724,0.04518,0.00000,0.06797,0.41449
2026-09-13T13:55:14.264,1789282514.265,,1.9176,59.5,1500,6266,0.0,0x80000,0.00297,0.21695,0.21922,0.30878,0.00262,0.00222,0.17366,0.17710,0.01733,0.00000,0.06412,0.73268
2026-09-13T13:55:15.293,1789282515.294,,1.6569,60.0,1500,6266,2.2,0x80000,0.00297,0.22798,0.20538,0.31038,0.00282,0.00222,0.20034,0.19175,0.04088,0.00000,0.06424,0.40796
2026-09-13T13:55:16.321,1789282516.321,,1.7994,60.0,1500,6270,0.0,0x80000,0.00311,0.22085,0.33194,0.30529,0.00402,0.00242,0.22296,0.18442,0.03387,0.00000,0.06923,0.42133
2026-09-13T13:55:17.348,1789282517.349,,1.4453,59.5,1500,6264,0.2,0x80000,0.00297,0.21861,0.20411,0.30852,0.00322,0.00222,0.17035,0.00724,0.04534,0.00000,0.06798,0.41479
2026-09-13T13:55:18.376,1789282518.377,,1.8210,60.0,1600,6268,1.7,0x80000,0.00321,0.23344,0.21822,0.31052,0.00261,0.00322,0.17772,0.31838,0.03295,0.00000,0.06635,0.45435
2026-09-13T13:55:19.404,1789282519.405,,1.6557,60.0,1500,6268,0.7,0x80000,0.00316,0.22173,0.20726,0.30878,0.00261,0.00242,0.20611,0.18392,0.03844,0.00000,0.06734,0.41390
2026-09-13T13:55:20.431,1789282520.431,,1.6202,60.0,1500,6263,0.0,0x80000,0.00312,0.21783,0.21887,0.31207,0.00262,0.00242,0.17390,0.18442,0.02368,0.00000,0.06677,0.41449
2026-09-13T13:55:21.457,1789282521.458,,1.6025,59.0,1500,6266,0.0,0x80000,0.00321,0.21881,0.20673,0.30355,0.00302,0.00242,0.17025,0.18026,0.03332,0.00000,0.06658,0.41435
2026-09-13T13:55:22.485,1789282522.485,,1.6444,60.0,1500,6268,0.0,0x80000,0.00297,0.21861,0.20767,0.30852,0.00322,0.00322,0.19938,0.18433,0.03869,0.00000,0.06982,0.40796
2026-09-13T13:55:23.512,1789282523.513,,1.6262,60.0,1500,6268,0.2,0x80000,0.00297,0.21549,0.20875,0.31215,0.00262,0.00322,0.18398,0.17675,0.04407,0.00000,0.06857,0.40766
2026-09-13T13:55:24.539,1789282524.540,,1.4621,60.0,1500,6269,0.2,0x80000,0.00302,0.21655,0.20875,0.31207,0.00362,0.00222,0.20956,0.00000,0.03130,0.00000,0.06798,0.40708
2026-09-13T13:55:25.566,1789282525.566,,1.4438,59.5,1500,6268,0.0,0x80000,0.00297,0.21967,0.20733,0.30683,0.00282,0.00242,0.17102,0.01087,0.04001,0.00000,0.07237,0.40752
2026-09-13T13:55:26.592,1789282526.593,,1.6077,60.0,1500,6269,0.0,0x80000,0.00311,0.21402,0.20774,0.30247,0.00282,0.00242,0.17044,0.17371,0.04655,0.00000,0.06978,0.41464
2026-09-13T13:55:27.620,1789282527.620,,1.5988,60.0,1500,6260,0.0,0x80000,0.00312,0.21363,0.20639,0.31105,0.00241,0.00201,0.15731,0.18804,0.03781,0.00000,0.06923,0.40781
2026-09-13T13:55:28.647,1789282528.648,,1.6674,60.0,1600,6260,2.2,0x80000,0.00312,0.22387,0.20632,0.31384,0.00322,0.00221,0.16723,0.20628,0.02526,0.00000,0.06839,0.44767
2026-09-13T13:55:29.674,1789282529.674,,1.7168,60.0,1500,6264,0.0,0x80000,0.00331,0.21773,0.28220,0.31030,0.00402,0.00242,0.17366,0.20235,0.03988,0.00000,0.06646,0.41449
2026-09-13T13:55:30.700,1789282530.700,,1.4082,59.0,1500,6259,0.2,0x80000,0.00311,0.21861,0.20733,0.31030,0.00403,0.00242,0.15740,0.00000,0.03714,0.00000,0.06732,0.40055
2026-09-13T13:55:31.727,1789282531.728,,1.4173,59.5,1500,6266,0.0,0x80000,0.00302,0.21617,0.20612,0.30131,0.00241,0.00222,0.17063,0.00000,0.03341,0.00000,0.06734,0.41464
2026-09-13T13:55:32.755,1789282532.755,,1.6079,59.0,1500,6269,0.2,0x80000,0.00307,0.22163,0.20767,0.36112,0.00261,0.00322,0.29519,0.00361,0.03342,0.00000,0.06786,0.40854
2026-09-13T13:55:33.782,1789282533.783,,1.4455,60.0,1500,6265,0.0,0x80000,0.00306,0.21615,0.20948,0.30729,0.00241,0.00222,0.17672,0.01083,0.04313,0.00000,0.06622,0.40796
2026-09-13T13:55:34.810,1789282534.810,,1.6311,59.0,1500,6265,0.0,0x80000,0.00297,0.21617,0.20982,0.30355,0.00262,0.00242,0.17341,0.18846,0.04673,0.00000,0.07046,0.41449
2026-09-13T13:55:35.837,1789282535.838,,1.5926,59.0,1500,6263,0.2,0x80000,0.00297,0.21655,0.20660,0.30971,0.00322,0.00322,0.17687,0.15887,0.03665,0.00000,0.07044,0.40752
2026-09-13T13:55:36.864,1789282536.864,,1.7715,59.5,1500,6265,0.0,0x80000,0.00306,0.22007,0.21843,0.30197,0.00241,0.00222,0.17410,0.18081,0.18511,0.00595,0.06985,0.40752
2026-09-13T13:55:37.975,1789282537.975,,1.8777,59.5,1500,6259,0.2,0x80000,0.00302,0.28042,0.20875,0.31816,0.00282,0.00222,0.17772,0.00724,0.03443,0.00030,0.06971,0.77297
2026-09-13T13:55:39.001,1789282539.002,,1.6889,60.0,1700,6256,2.0,0x80000,0.00302,0.21539,0.20625,0.31561,0.00322,0.00222,0.17092,0.20286,0.03478,0.00030,0.06716,0.46720
2026-09-13T13:55:40.030,1789282540.030,,1.6265,59.0,1500,6256,0.0,0x80000,0.00311,0.21461,0.21434,0.30852,0.00403,0.00242,0.17415,0.18387,0.03538,0.00000,0.07148,0.41464
2026-09-13T13:55:41.056,1789282541.057,,1.7657,59.5,1500,6256,0.0,0x80000,0.00312,0.21363,0.20840,0.36259,0.00241,0.00322,0.28204,0.16588,0.03875,0.00000,0.07101,0.41464
2026-09-13T13:55:42.083,1789282542.083,,1.5884,59.5,1500,6253,0.0,0x80000,0.00312,0.21461,0.20680,0.30861,0.00282,0.00322,0.17087,0.16966,0.03742,0.00000,0.07048,0.40084
2026-09-13T13:55:43.109,1789282543.110,,1.5823,59.0,1500,6263,0.2,0x80000,0.00311,0.21753,0.20673,0.30529,0.00261,0.00322,0.15784,0.16697,0.04199,0.00000,0.06982,0.40722
2026-09-13T13:55:44.136,1789282544.136,,1.4446,59.5,1500,6256,0.0,0x80000,0.00312,0.21304,0.20600,0.31215,0.00322,0.00322,0.19043,0.00361,0.03322,0.00000,0.06866,0.40796
2026-09-13T13:55:45.162,1789282545.163,,1.4676,59.5,1500,6256,0.2,0x80000,0.00312,0.21627,0.24525,0.31030,0.00322,0.00242,0.18330,0.00000,0.02811,0.00000,0.06791,0.40766
2026-09-13T13:55:46.190,1789282546.190,,1.4392,59.0,1500,6259,0.0,0x80000,0.00311,0.21539,0.20774,0.30971,0.00282,0.00242,0.17346,0.01087,0.03450,0.00000,0.06421,0.41494
2026-09-13T13:55:47.217,1789282547.217,,1.4315,59.5,1500,6259,0.0,0x80000,0.00312,0.22163,0.20477,0.30421,0.00282,0.00242,0.17439,0.00362,0.03875,0.00000,0.06861,0.40722
2026-09-13T13:55:48.243,1789282548.244,,1.4288,59.0,1500,6259,0.0,0x80000,0.00311,0.21891,0.20518,0.31030,0.00322,0.00322,0.17390,0.00722,0.02797,0.00000,0.06795,0.40781
2026-09-13T13:55:49.271,1789282549.271,,1.6351,59.5,1500,6250,2.4,0x80000,0.00297,0.23323,0.20861,0.31148,0.00282,0.00242,0.17449,0.18112,0.04085,0.00000,0.06989,0.40722
2026-09-13T13:55:50.298,1789282550.299,,1.6885,59.0,1500,6256,0.0,0x80000,0.00311,0.21617,0.21270,0.30971,0.00322,0.00483,0.25077,0.18090,0.03126,0.00000,0.06789,0.40796
2026-09-13T13:55:51.326,1789282551.326,,1.4451,59.0,1500,6255,0.0,0x80000,0.00312,0.21979,0.20826,0.31038,0.00362,0.00222,0.19064,0.00361,0.03440,0.00000,0.06798,0.40112
2026-09-13T13:55:52.353,1789282552.354,,1.4539,59.0,1500,6256,0.0,0x80000,0.00302,0.21803,0.20518,0.31030,0.00282,0.00242,0.19689,0.00362,0.03335,0.00000,0.06980,0.40854
2026-09-13T13:55:53.381,1789282553.381,,1.4218,58.4,1500,6252,0.0,0x80000,0.00297,0.22085,0.20504,0.31393,0.00282,0.00222,0.18382,0.00000,0.02048,0.00000,0.06861,0.40112
2026-09-13T13:55:54.407,1789282554.408,,1.6165,59.0,1500,6256,0.0,0x80000,0.00297,0.21693,0.21542,0.31030,0.00322,0.00222,0.17410,0.18035,0.03332,0.00000,0.07044,0.40722
2026-09-13T13:55:55.435,1789282555.435,,1.6367,59.0,1500,6252,0.2,0x80000,0.00312,0.21881,0.22037,0.31282,0.00261,0.00322,0.17707,0.18475,0.03870,0.00000,0.06725,0.40796
2026-09-13T13:55:56.462,1789282556.462,,1.4452,58.4,1500,6253,0.0,0x80000,0.00306,0.21881,0.22719,0.31030,0.00402,0.00242,0.17044,0.00362,0.03871,0.00000,0.06549,0.40112
2026-09-13T13:55:57.489,1789282557.490,,1.4149,59.5,1500,6257,0.0,0x80000,0.00312,0.22095,0.20875,0.30594,0.00282,0.00242,0.15758,0.00000,0.03767,0.00000,0.06861,0.40708
2026-09-13T13:55:58.516,1789282558.516,,1.4501,58.4,1500,6263,0.2,0x80000,0.00312,0.21421,0.20673,0.31030,0.00322,0.00322,0.19644,0.00362,0.03880,0.00000,0.06989,0.40055
2026-09-13T13:55:59.543,1789282559.544,,1.6750,59.5,1600,6250,2.0,0x80000,0.00331,0.21783,0.20639,0.31561,0.00261,0.00483,0.20558,0.18415,0.03168,0.00000,0.06963,0.43338
2026-09-13T13:56:00.573,1789282560.574,,1.6194,59.5,1500,6252,0.0,0x80000,0.00331,0.21675,0.21656,0.31030,0.00282,0.00222,0.17044,0.18452,0.03651,0.00000,0.06798,0.40796
2026-09-13T13:56:01.601,1789282561.601,,1.4542,59.0,1500,6255,0.2,0x80000,0.00312,0.21821,0.22812,0.30462,0.00282,0.00222,0.17449,0.00000,0.04479,0.00000,0.06798,0.40781
2026-09-13T13:56:02.628,1789282562.629,,1.4204,58.4,1500,6246,0.0,0x80000,0.00302,0.22057,0.20733,0.30479,0.00241,0.00242,0.16424,0.01087,0.03666,0.00000,0.06679,0.40127
2026-09-13T13:56:03.655,1789282563.655,,1.4421,58.4,1500,6251,0.2,0x80000,0.00312,0.21939,0.20767,0.31030,0.00262,0.00322,0.18377,0.00000,0.03624,0.00000,0.06859,0.40722
2026-09-13T13:56:04.681,1789282564.681,,1.4206,58.4,1500,6259,0.0,0x80000,0.00297,0.21334,0.20854,0.30861,0.00282,0.00222,0.17702,0.00000,0.02471,0.00000,0.07231,0.40810
2026-09-13T13:56:05.708,1789282565.709,,1.4195,58.4,1500,6257,0.2,0x80000,0.00312,0.21949,0.20625,0.30852,0.00261,0.00322,0.17341,0.00000,0.03404,0.00030,0.06802,0.40055
2026-09-13T13:56:06.736,1789282566.736,,1.4213,59.0,1500,6251,0.0,0x80000,0.00312,0.21617,0.20639,0.31030,0.00322,0.00322,0.17049,0.00000,0.03027,0.00030,0.06984,0.40796
2026-09-13T13:56:07.762,1789282567.763,,1.4388,59.0,1500,6248,0.0,0x80000,0.00312,0.21773,0.21377,0.30546,0.00262,0.00222,0.17049,0.00726,0.04512,0.00000,0.07046,0.40055
2026-09-13T13:56:08.789,1789282568.790,,1.4387,59.0,1500,6252,0.0,0x80000,0.00302,0.21879,0.20788,0.30852,0.00261,0.00322,0.17682,0.00000,0.03977,0.00000,0.07051,0.40752
2026-09-13T13:56:09.817,1789282569.817,,1.6005,59.0,1500,6248,2.2,0x80000,0.00311,0.21871,0.20660,0.30852,0.00322,0.00322,0.16713,0.18442,0.03454,0.00000,0.06978,0.40127
2026-09-13T13:56:10.844,1789282570.845,,1.6141,58.4,1500,6250,0.0,0x80000,0.00302,0.21549,0.20788,0.31207,0.00302,0.00483,0.18065,0.18094,0.03018,0.00000,0.06793,0.40810
2026-09-13T13:56:11.871,1789282571.871,,1.6595,59.0,1500,6242,0.2,0x80000,0.00312,0.21615,0.20875,0.30675,0.00261,0.00322,0.17097,0.18776,0.03680,0.00000,0.06857,0.45477
2026-09-13T13:56:12.899,1789282572.899,,1.8099,58.4,1500,6253,0.2,0x80000,0.00297,0.29631,0.20747,0.30942,0.00282,0.00222,0.15419,0.00362,0.03775,0.00000,0.06798,0.72515
2026-09-13T13:56:13.925,1789282573.926,,1.7874,58.4,1500,6250,0.0,0x80000,0.00307,0.21705,0.20680,0.31215,0.00302,0.00322,0.17039,0.04336,0.03552,0.00000,0.06788,0.72494
2026-09-13T13:56:14.955,1789282574.955,,1.5920,59.0,1500,6255,0.0,0x80000,0.00311,0.22444,0.20538,0.30813,0.00282,0.00222,0.17361,0.17026,0.03227,0.00030,0.06802,0.40141
2026-09-13T13:56:15.981,1789282575.982,,1.4065,58.4,1500,6247,0.0,0x80000,0.00312,0.21715,0.20497,0.30988,0.00282,0.00242,0.16760,0.00361,0.02703,0.00000,0.06677,0.40112
2026-09-13T13:56:17.008,1789282577.008,,1.5823,59.5,1500,6243,0.2,0x80000,0.00297,0.21949,0.20767,0.35890,0.00241,0.00483,0.28363,0.00000,0.03444,0.00000,0.06672,0.40127
2026-09-13T13:56:18.034,1789282578.034,,1.4341,59.5,1500,6246,0.2,0x80000,0.00321,0.21959,0.21865,0.30852,0.00262,0.00322,0.17351,0.00362,0.03225,0.00000,0.06804,0.40084
2026-09-13T13:56:19.060,1789282579.061,,1.4219,59.0,1500,6244,0.0,0x80000,0.00297,0.21841,0.20673,0.31030,0.00241,0.00282,0.17035,0.00000,0.03870,0.00000,0.06798,0.40127
2026-09-13T13:56:20.087,1789282580.087,,1.6360,59.0,1500,6239,2.0,0x80000,0.00312,0.21889,0.20625,0.31460,0.00282,0.00221,0.20317,0.18054,0.03781,0.00000,0.06544,0.40112
2026-09-13T13:56:21.113,1789282581.114,,1.6071,58.4,1500,6240,0.0,0x80000,0.00306,0.21939,0.21778,0.31030,0.00403,0.00242,0.15758,0.18392,0.03229,0.00059,0.06789,0.40781
2026-09-13T13:56:22.140,1789282582.140,,1.7188,59.0,1500,6237,0.2,0x80000,0.00297,0.21529,0.21319,0.30794,0.00281,0.00242,0.26692,0.18456,0.04536,0.00029,0.06978,0.40722
2026-09-13T13:56:23.166,1789282583.166,,1.4110,58.4,1500,6248,0.0,0x80000,0.00312,0.21226,0.20660,0.30287,0.00241,0.00484,0.17035,0.00361,0.03774,0.00000,0.07239,0.39486
2026-09-13T13:56:24.192,1789282584.193,,1.4034,58.4,1500,6253,0.0,0x80000,0.00302,0.21859,0.20996,0.30421,0.00282,0.00242,0.16052,0.00000,0.03455,0.00000,0.06606,0.40127
2026-09-13T13:56:25.219,1789282585.219,,1.4563,59.0,1500,6248,0.0,0x80000,0.00307,0.21617,0.20660,0.30529,0.00241,0.00242,0.19344,0.01082,0.04698,0.00000,0.06804,0.40112
2026-09-13T13:56:26.245,1789282586.246,,1.4248,58.4,1500,6252,0.0,0x80000,0.00297,0.21470,0.20660,0.31030,0.00322,0.00181,0.18330,0.00000,0.03387,0.00000,0.06677,0.40127
2026-09-13T13:56:27.271,1789282587.272,,1.4088,58.4,1500,6246,0.0,0x80000,0.00312,0.21461,0.20948,0.31207,0.00322,0.00322,0.16079,0.00000,0.03547,0.00000,0.06554,0.40127
