thoi_diem,t_unix,nhan,p_tong_w,nhiet_do_c,xung_mhz,quat_rpm,cpu_pct,throttled,p_0v8_aon_w,p_0v8_sw_w,p_1v1_sys_w,p_1v8_sys_w,p_3v3_adc_w,p_3v3_dac_w,p_3v3_sys_w,p_3v7_wl_sw_w,p_ddr_vdd2_w,p_ddr_vddq_w,p_hdmi_w,p_vdd_core_w
2026-09-13T20:50:48.634,1789307448.634,,1.6158,60.0,1500,6302,0.0,0xe0000,0.00311,0.21851,0.20612,0.31030,0.00262,0.00242,0.17380,0.19161,0.03547,0.00000,0.06421,0.40766
2026-09-13T20:50:49.660,1789307449.661,,1.5075,59.5,1500,6293,0.0,0xe0000,0.00312,0.23042,0.20705,0.31052,0.00402,0.00242,0.19054,0.05074,0.03765,0.00000,0.06291,0.40810
2026-09-13T20:50:50.687,1789307450.687,,1.4740,60.0,1500,6290,0.2,0xe0000,0.00307,0.21763,0.20625,0.30317,0.00242,0.00322,0.18387,0.04712,0.03543,0.00000,0.06419,0.40766
2026-09-13T20:50:51.713,1789307451.714,,1.4849,60.0,1500,6287,0.0,0xe0000,0.00302,0.21733,0.20545,0.31393,0.00282,0.00222,0.16770,0.05428,0.03675,0.00000,0.06674,0.41464
2026-09-13T20:50:52.739,1789307452.740,,1.5463,59.0,1500,6291,0.0,0xe0000,0.00297,0.29655,0.20605,0.30594,0.00282,0.00222,0.16401,0.05074,0.04069,0.00000,0.06611,0.40825
2026-09-13T20:50:53.766,1789307453.766,,1.5927,60.0,1500,6289,0.0,0xe0000,0.00297,0.21549,0.24533,0.31384,0.00261,0.00242,0.23141,0.05074,0.04746,0.00000,0.06611,0.41435
2026-09-13T20:50:54.792,1789307454.793,,1.4242,60.0,1500,6298,0.2,0xe0000,0.00312,0.21949,0.20411,0.31215,0.00282,0.00322,0.16084,0.00000,0.03547,0.00000,0.06864,0.41435
2026-09-13T20:50:55.819,1789307455.819,,1.4785,59.5,1500,6280,0.0,0xe0000,0.00312,0.22319,0.20969,0.30594,0.00282,0.00222,0.20260,0.01082,0.03679,0.00000,0.06681,0.41449
2026-09-13T20:50:56.845,1789307456.845,,1.4269,60.0,1500,6269,0.0,0xe0000,0.00297,0.22193,0.20854,0.30506,0.00282,0.00242,0.16443,0.00361,0.03468,0.00000,0.06549,0.41494
2026-09-13T20:50:57.871,1789307457.872,,1.4299,59.5,1500,6255,0.0,0xe0000,0.00311,0.21773,0.20673,0.31030,0.00262,0.00242,0.17989,0.00721,0.02575,0.00000,0.06622,0.40796
2026-09-13T20:50:58.898,1789307458.898,,1.6301,60.0,1500,6229,0.0,0xe0000,0.00302,0.22865,0.20538,0.31282,0.00282,0.00222,0.17097,0.18776,0.03774,0.00000,0.06421,0.41449
2026-09-13T20:50:59.924,1789307459.925,,1.6345,58.4,1500,6226,0.2,0xe0000,0.00306,0.21803,0.20625,0.30988,0.00241,0.00322,0.17717,0.19879,0.03352,0.00000,0.06795,0.41420
2026-09-13T20:51:00.950,1789307460.951,,1.4995,59.5,1500,6240,0.0,0xe0000,0.00311,0.21773,0.20411,0.30320,0.00241,0.00322,0.18647,0.05427,0.03980,0.00000,0.07051,0.41464
2026-09-13T20:51:01.977,1789307461.977,,1.4187,59.5,1500,6243,0.0,0xe0000,0.00312,0.22095,0.20733,0.30247,0.00282,0.00242,0.15749,0.00362,0.04622,0.00000,0.06427,0.40796
2026-09-13T20:51:03.006,1789307463.006,,1.8125,59.0,1500,6234,0.0,0xe0000,0.00312,0.22272,0.20799,0.30638,0.00241,0.00322,0.19916,0.04695,0.03671,0.00000,0.06729,0.71654
2026-09-13T20:51:04.032,1789307464.033,,1.8220,60.6,1500,6261,0.5,0xe0000,0.00321,0.21733,0.20788,0.31561,0.00242,0.00242,0.20000,0.04689,0.02811,0.00000,0.06545,0.73268
2026-09-13T20:51:05.059,1789307465.059,,2.0060,59.5,1500,6200,0.0,0xe0000,0.00311,0.22085,0.20632,0.31030,0.00242,0.00221,0.17107,0.03976,0.04324,0.00000,0.06729,0.93946
2026-09-13T20:51:06.089,1789307466.089,,1.4138,60.6,1500,6112,0.0,0xe0000,0.00306,0.21695,0.20625,0.30014,0.00262,0.00242,0.17068,0.00000,0.03762,0.00000,0.06609,0.40796
2026-09-13T20:51:07.115,1789307467.116,,1.4456,59.5,1500,6072,0.0,0xe0000,0.00302,0.21997,0.20809,0.31030,0.00282,0.00222,0.17361,0.00000,0.04102,0.00000,0.06987,0.41464
2026-09-13T20:51:08.141,1789307468.142,,1.6148,60.0,1500,6032,0.2,0xe0000,0.00312,0.21939,0.20518,0.30498,0.00241,0.00242,0.16070,0.19498,0.03912,0.00000,0.06797,0.41449
2026-09-13T20:51:09.168,1789307469.168,,1.6248,59.5,1500,6054,0.2,0xe0000,0.00302,0.22095,0.20826,0.30498,0.00282,0.00242,0.17346,0.20612,0.02695,0.00000,0.06798,0.40781
2026-09-13T20:51:10.194,1789307470.195,,1.6401,59.0,1500,6037,0.0,0xe0000,0.00302,0.22319,0.21656,0.31282,0.00282,0.00222,0.17083,0.20560,0.02601,0.00000,0.06923,0.40781
2026-09-13T20:51:11.221,1789307471.221,,1.7717,59.5,1500,6036,0.0,0xe0000,0.00307,0.22044,0.31690,0.30675,0.00362,0.00222,0.19893,0.20869,0.02306,0.00030,0.06711,0.42058
2026-09-13T20:51:12.247,1789307472.248,,1.5064,60.0,1500,6044,0.0,0xe0000,0.00297,0.21577,0.20840,0.31384,0.00322,0.00322,0.17994,0.05783,0.03880,0.00000,0.06802,0.41435
2026-09-13T20:51:13.275,1789307473.275,,1.5871,60.0,1500,6076,0.0,0xe0000,0.00297,0.21926,0.20691,0.30846,0.00282,0.00242,0.17054,0.02529,0.03876,0.00000,0.06855,0.54113
2026-09-13T20:51:14.302,1789307474.302,,1.5873,59.5,1500,6069,0.2,0xe0000,0.00311,0.21811,0.20962,0.30594,0.00282,0.00242,0.16723,0.16647,0.03544,0.00000,0.06850,0.40766
2026-09-13T20:51:15.330,1789307475.330,,1.6834,59.5,1600,6072,1.0,0xe0000,0.00302,0.22170,0.20767,0.31384,0.00261,0.00242,0.16392,0.20628,0.04744,0.00030,0.06653,0.44767
2026-09-13T20:51:16.357,1789307476.358,,1.6179,60.6,1500,6082,1.7,0xe0000,0.00302,0.21871,0.20948,0.31030,0.00322,0.00322,0.16704,0.18094,0.03866,0.00000,0.06855,0.41479
2026-09-13T20:51:17.384,1789307477.384,,1.6641,59.5,1500,6093,0.0,0xe0000,0.00312,0.23444,0.20538,0.31207,0.00261,0.00322,0.16704,0.20989,0.04628,0.00000,0.06422,0.41583
2026-09-13T20:51:18.411,1789307478.411,,1.4969,59.5,1500,6112,0.0,0xe0000,0.00302,0.21929,0.20444,0.31384,0.00261,0.00322,0.16723,0.05802,0.04079,0.00000,0.06978,0.41464
2026-09-13T20:51:19.438,1789307479.439,,1.4366,59.5,1500,6121,0.0,0xe0000,0.00287,0.22037,0.20566,0.31030,0.00262,0.00242,0.17356,0.00723,0.03128,0.00000,0.06615,0.41420
2026-09-13T20:51:20.465,1789307480.465,,1.4880,60.0,1500,6136,0.0,0xe0000,0.00311,0.21967,0.21822,0.30594,0.00241,0.00322,0.18377,0.04709,0.02689,0.00000,0.06985,0.40781
2026-09-13T20:51:21.491,1789307481.492,,1.4635,60.6,1500,6129,0.0,0xe0000,0.00311,0.21783,0.20733,0.30462,0.00282,0.00242,0.20357,0.00000,0.04021,0.00029,0.06741,0.41390
2026-09-13T20:51:22.518,1789307482.519,,1.4970,60.6,1500,6136,0.0,0xe0000,0.00312,0.21665,0.20518,0.30638,0.00181,0.00322,0.19355,0.00000,0.04622,0.00000,0.06615,0.45477
2026-09-13T20:51:23.546,1789307483.546,,1.4645,59.5,1500,6152,0.0,0xe0000,0.00297,0.21861,0.20712,0.30594,0.00282,0.00242,0.20323,0.00362,0.04001,0.00000,0.06985,0.40796
2026-09-13T20:51:24.573,1789307484.574,,1.4547,59.5,1500,6165,0.2,0xe0000,0.00312,0.21470,0.20781,0.30927,0.00402,0.00242,0.20576,0.00000,0.03657,0.00000,0.06974,0.40127
2026-09-13T20:51:25.600,1789307485.600,,1.4694,60.0,1500,6160,0.2,0xe0000,0.00312,0.21889,0.20733,0.30462,0.00282,0.00222,0.16070,0.05049,0.04515,0.00000,0.06615,0.40796
2026-09-13T20:51:26.626,1789307486.626,,1.4782,59.5,1500,6166,0.0,0xe0000,0.00312,0.21881,0.20799,0.30927,0.00282,0.00222,0.17346,0.04705,0.03870,0.00000,0.06681,0.40796
2026-09-13T20:51:27.653,1789307487.654,,1.4816,60.0,1500,6176,0.0,0xe0000,0.00312,0.21929,0.20747,0.30675,0.00262,0.00222,0.17449,0.05786,0.03328,0.00000,0.06672,0.40781
2026-09-13T20:51:28.680,1789307488.681,,1.5862,59.0,1500,6195,0.0,0xe0000,0.00302,0.22007,0.28299,0.30988,0.00282,0.00222,0.20277,0.04689,0.03451,0.00000,0.06611,0.41494
2026-09-13T20:51:29.707,1789307489.707,,1.4854,59.5,1500,6174,0.0,0xe0000,0.00312,0.21811,0.21843,0.30813,0.00282,0.00222,0.16392,0.05424,0.03983,0.00000,0.06684,0.40781
2026-09-13T20:51:30.734,1789307490.735,,1.4397,59.5,1500,6190,0.2,0xe0000,0.00307,0.22163,0.22092,0.30971,0.00282,0.00222,0.16415,0.00361,0.03777,0.00000,0.06611,0.40766
2026-09-13T20:51:31.761,1789307491.762,,1.4526,60.0,1500,6188,0.2,0xe0000,0.00312,0.22037,0.22466,0.30247,0.00282,0.00242,0.17380,0.00724,0.03772,0.00030,0.06989,0.40781
2026-09-13T20:51:32.789,1789307492.789,,1.4259,59.5,1500,6191,0.0,0xe0000,0.00307,0.21490,0.20927,0.31038,0.00282,0.00222,0.17044,0.00362,0.03444,0.00000,0.06681,0.40796
2026-09-13T20:51:33.816,1789307493.817,,1.4283,59.0,1500,6216,0.0,0xe0000,0.00302,0.21929,0.20660,0.30355,0.00282,0.00282,0.18095,0.00000,0.02801,0.00000,0.06677,0.41449
2026-09-13T20:51:34.843,1789307494.844,,1.5052,59.5,1500,6209,0.2,0xe0000,0.00302,0.21733,0.20673,0.30852,0.00402,0.00242,0.19644,0.05412,0.03680,0.00000,0.06802,0.40781
2026-09-13T20:51:35.871,1789307495.871,,1.5233,59.5,1500,6203,0.0,0xe0000,0.00306,0.21431,0.24856,0.30675,0.00402,0.00242,0.20254,0.04336,0.02054,0.00000,0.06974,0.40796
2026-09-13T20:51:36.897,1789307496.898,,1.4739,58.4,1500,6213,0.2,0xe0000,0.00321,0.21811,0.20532,0.30421,0.00242,0.00322,0.17380,0.05066,0.03870,0.00000,0.06677,0.40752
2026-09-13T20:51:37.925,1789307497.925,,1.4823,60.0,1500,6191,0.0,0xe0000,0.00297,0.21949,0.20767,0.30971,0.00282,0.00222,0.16784,0.05428,0.04130,0.00000,0.06615,0.40781
2026-09-13T20:51:38.952,1789307498.953,,1.6406,59.5,1500,6171,0.0,0xe0000,0.00311,0.21783,0.20916,0.36590,0.00242,0.00322,0.28678,0.04347,0.03668,0.00000,0.06424,0.40781
2026-09-13T20:51:39.979,1789307499.980,,1.4241,59.5,1500,6170,0.0,0xe0000,0.00302,0.22044,0.20691,0.30988,0.00282,0.00222,0.17419,0.00000,0.02891,0.00000,0.06795,0.40781
2026-09-13T20:51:41.010,1789307501.010,,2.0313,59.0,1500,6170,0.0,0xe0000,0.00312,0.29692,0.20875,0.30571,0.00282,0.00242,0.18952,0.19151,0.03762,0.00000,0.06846,0.72450
2026-09-13T20:51:42.036,1789307502.036,,1.9360,59.5,1500,6198,0.2,0xe0000,0.00297,0.21889,0.20532,0.31325,0.00322,0.00322,0.17677,0.18257,0.03870,0.00000,0.06596,0.72515
2026-09-13T20:51:43.062,1789307503.063,,1.7509,60.0,1500,6197,0.0,0xe0000,0.00312,0.21851,0.20767,0.30768,0.00282,0.00242,0.17732,0.00362,0.03663,0.00000,0.06601,0.72515
2026-09-13T20:51:44.092,1789307504.093,,1.4764,59.0,1500,6215,0.0,0xe0000,0.00311,0.21851,0.20733,0.30988,0.00262,0.00322,0.18336,0.04701,0.02687,0.00000,0.06729,0.40722
2026-09-13T20:51:45.119,1789307505.119,,1.4829,59.5,1500,6213,0.0,0xe0000,0.00312,0.22241,0.20545,0.30861,0.00262,0.00322,0.18055,0.04785,0.03759,0.00000,0.06426,0.40722
2026-09-13T20:51:46.145,1789307506.145,,1.5121,60.0,1500,6215,0.0,0xe0000,0.00302,0.21979,0.20552,0.30247,0.00282,0.00242,0.18009,0.07603,0.03887,0.00000,0.06611,0.41494
2026-09-13T20:51:47.171,1789307507.172,,1.6046,59.5,1500,6212,0.0,0xe0000,0.00311,0.21636,0.21914,0.30675,0.00322,0.00483,0.15740,0.18396,0.02804,0.00000,0.06789,0.41390
2026-09-13T20:51:48.198,1789307508.198,,1.5822,59.5,1500,6227,0.0,0xe0000,0.00312,0.21803,0.20875,0.30878,0.00262,0.00322,0.16120,0.16232,0.03496,0.00030,0.06422,0.41464
2026-09-13T20:51:49.224,1789307509.225,,1.4877,58.4,1500,6247,0.5,0xe0000,0.00312,0.21529,0.20767,0.30794,0.00362,0.00282,0.21540,0.02164,0.03547,0.00000,0.06677,0.40796
2026-09-13T20:51:50.250,1789307510.251,,1.5299,59.0,1500,6247,0.0,0xe0000,0.00302,0.21881,0.24707,0.31207,0.00322,0.00222,0.18055,0.00000,0.03567,0.00000,0.06596,0.46129
2026-09-13T20:51:51.377,1789307511.378,,1.7593,59.0,1500,6248,0.0,0xe0000,0.00297,0.21841,0.28271,0.30498,0.00242,0.00242,0.25119,0.18752,0.03448,0.00000,0.06424,0.40796
2026-09-13T20:51:52.404,1789307512.404,,1.6136,59.0,1500,6253,0.0,0xe0000,0.00287,0.22037,0.20639,0.31163,0.00282,0.00222,0.17044,0.19889,0.02579,0.00000,0.06427,0.40796
2026-09-13T20:51:53.430,1789307513.431,,1.6038,60.0,1500,6256,0.0,0xe0000,0.00306,0.21693,0.20767,0.30320,0.00402,0.00242,0.17039,0.18452,0.03971,0.00000,0.06421,0.40766
2026-09-13T20:51:54.457,1789307514.457,,1.4992,59.5,1500,6235,0.2,0xe0000,0.00307,0.22231,0.28407,0.30675,0.00241,0.00222,0.17044,0.00362,0.03544,0.00000,0.06791,0.40098
2026-09-13T20:51:55.483,1789307515.483,,1.4605,58.4,1500,6252,0.0,0xe0000,0.00302,0.21763,0.20673,0.30594,0.00282,0.00222,0.15736,0.05074,0.03977,0.00000,0.06615,0.40810
2026-09-13T20:51:56.509,1789307516.510,,1.4941,59.0,1500,6250,0.0,0xe0000,0.00331,0.22241,0.20497,0.31148,0.00282,0.00222,0.18418,0.05074,0.03734,0.00000,0.06672,0.40796
2026-09-13T20:51:57.536,1789307517.536,,1.4695,59.5,1500,6265,0.0,0xe0000,0.00312,0.22017,0.20660,0.30247,0.00282,0.00222,0.16727,0.04700,0.04432,0.00000,0.06556,0.40796
2026-09-13T20:51:58.562,1789307518.563,,1.4792,59.0,1500,6260,0.0,0xe0000,0.00302,0.22055,0.20660,0.30247,0.00282,0.00222,0.17722,0.05063,0.03557,0.00060,0.06989,0.40766
2026-09-13T20:51:59.588,1789307519.589,,1.5797,59.0,1500,6266,0.5,0xe0000,0.00312,0.29811,0.20660,0.30462,0.00181,0.00322,0.16079,0.09059,0.03890,0.00000,0.06417,0.40781
2026-09-13T20:52:00.616,1789307520.616,,1.4218,59.5,1500,6268,0.0,0xe0000,0.00297,0.21889,0.20653,0.30638,0.00282,0.00242,0.16803,0.00000,0.03624,0.00000,0.06989,0.40766
2026-09-13T20:52:01.643,1789307521.644,,1.4050,59.0,1500,6278,0.0,0xe0000,0.00312,0.21705,0.20788,0.30263,0.00242,0.00322,0.15789,0.00000,0.03654,0.00030,0.06615,0.40781
2026-09-13T20:52:02.669,1789307522.670,,1.4728,59.5,1500,6268,0.0,0xe0000,0.00307,0.27079,0.20680,0.31030,0.00402,0.00242,0.16156,0.00361,0.03624,0.00000,0.06608,0.40796
2026-09-13T20:52:03.696,1789307523.696,,1.4645,59.0,1500,6280,0.2,0xe0000,0.00312,0.21851,0.20875,0.31038,0.00282,0.00222,0.19644,0.00363,0.04403,0.00000,0.06681,0.40781
2026-09-13T20:52:04.723,1789307524.724,,1.6695,59.5,1500,6284,0.2,0xe0000,0.00312,0.21801,0.20767,0.30988,0.00261,0.00242,0.21893,0.20119,0.04088,0.00000,0.06365,0.40112
2026-09-13T20:52:05.751,1789307525.751,,1.5914,59.5,1500,6289,0.0,0xe0000,0.00297,0.21499,0.20840,0.30617,0.00282,0.00222,0.16156,0.18081,0.03684,0.00000,0.06667,0.40796
2026-09-13T20:52:06.778,1789307526.778,,1.4760,59.5,1500,6310,0.0,0xe0000,0.00312,0.21793,0.20889,0.30594,0.00242,0.00322,0.16107,0.05424,0.03665,0.00000,0.06802,0.41449
2026-09-13T20:52:07.805,1789307527.806,,1.4634,60.0,1500,6317,0.0,0xe0000,0.00312,0.21655,0.20504,0.31030,0.00262,0.00242,0.22190,0.00000,0.03422,0.00000,0.06609,0.40112
2026-09-13T20:52:08.832,1789307528.833,,1.4839,59.0,1500,6315,0.0,0xe0000,0.00312,0.21956,0.20411,0.31338,0.00282,0.00242,0.18009,0.05071,0.03546,0.00000,0.06424,0.40796
2026-09-13T20:52:09.860,1789307529.860,,1.5967,59.5,1500,6311,0.0,0xe0000,0.00312,0.21734,0.20660,0.30247,0.00282,0.00242,0.17989,0.18813,0.02906,0.00000,0.06355,0.40127
2026-09-13T20:52:10.887,1789307530.888,,1.6147,57.9,1500,6317,0.0,0xe0000,0.00297,0.21801,0.20673,0.31502,0.00282,0.00222,0.16708,0.18475,0.04761,0.00000,0.06665,0.40084
2026-09-13T20:52:11.914,1789307531.915,,1.5482,59.0,1500,6321,0.2,0xe0000,0.00297,0.21695,0.31764,0.30745,0.00282,0.00242,0.17692,0.00000,0.04085,0.00000,0.06535,0.41479
2026-09-13T20:52:12.941,1789307532.941,,1.4926,59.5,1500,6322,0.0,0xe0000,0.00297,0.21851,0.21807,0.31105,0.00282,0.00222,0.17687,0.04343,0.04432,0.00030,0.06427,0.40781
2026-09-13T20:52:13.968,1789307533.969,,1.4756,59.5,1500,6319,0.0,0xe0000,0.00297,0.21783,0.21914,0.31148,0.00282,0.00222,0.16479,0.04689,0.03887,0.00000,0.06805,0.40055
2026-09-13T20:52:14.996,1789307534.996,,2.0473,60.0,1500,6313,0.0,0xe0000,0.00307,0.22631,0.34913,0.30768,0.00282,0.00242,0.20558,0.05074,0.04085,0.00000,0.06985,0.78888
2026-09-13T20:52:16.026,1789307536.026,,1.8861,60.0,1500,6299,0.0,0xe0000,0.00312,0.21929,0.21249,0.31384,0.00402,0.00242,0.24234,0.06131,0.03794,0.00029,0.06407,0.72494
2026-09-13T20:52:17.052,1789307537.052,,1.7984,60.0,1500,6289,0.2,0xe0000,0.00312,0.21431,0.21628,0.30942,0.00282,0.00242,0.17772,0.05071,0.02684,0.00000,0.06978,0.72494
2026-09-13T20:52:18.082,1789307538.082,,1.5199,59.0,1500,6273,0.0,0xe0000,0.00311,0.21949,0.28435,0.31148,0.00262,0.00322,0.18034,0.00000,0.03455,0.00000,0.06604,0.41464
2026-09-13T20:52:19.108,1789307539.108,,1.4350,59.0,1500,6242,0.2,0xe0000,0.00312,0.21773,0.20868,0.31030,0.00262,0.00322,0.16704,0.00362,0.04622,0.00000,0.06424,0.40825
2026-09-13T20:52:20.134,1789307540.135,,1.4696,59.0,1500,6244,0.0,0xe0000,0.00311,0.22678,0.22904,0.31030,0.00322,0.00322,0.18382,0.00724,0.02816,0.00000,0.06670,0.40796
2026-09-13T20:52:21.161,1789307541.161,,1.7532,59.0,1600,6247,2.7,0xe0000,0.00321,0.21793,0.24773,0.30529,0.00402,0.00242,0.20980,0.22364,0.02486,0.00000,0.06660,0.44767
2026-09-13T20:52:22.189,1789307542.189,,1.6243,59.5,1500,6243,1.5,0xe0000,0.00302,0.21646,0.20673,0.30675,0.00262,0.00242,0.18320,0.18757,0.03977,0.00000,0.06795,0.40781
2026-09-13T20:52:23.215,1789307543.216,,1.8584,59.0,1500,6247,0.0,0xe0000,0.00307,0.27235,0.20660,0.35763,0.00322,0.00222,0.29436,0.20968,0.03352,0.00000,0.06775,0.40796
2026-09-13T20:52:24.242,1789307544.242,,1.6286,59.0,1500,6260,0.0,0xe0000,0.00312,0.21695,0.20660,0.30396,0.00282,0.00222,0.17742,0.20659,0.03567,0.00000,0.06549,0.40781
2026-09-13T20:52:25.268,1789307545.269,,1.5942,59.0,1500,6256,0.2,0xe0000,0.00297,0.21549,0.20552,0.30498,0.00262,0.00242,0.16401,0.20200,0.02689,0.00000,0.06615,0.40112
2026-09-13T20:52:26.295,1789307546.295,,1.4717,60.0,1500,6276,0.0,0xe0000,0.00302,0.21899,0.20781,0.30247,0.00282,0.00242,0.15758,0.05432,0.04757,0.00000,0.06677,0.40796
2026-09-13T20:52:27.322,1789307547.323,,1.7176,59.5,1500,6280,0.0,0xe0000,0.00302,0.21578,0.28145,0.31207,0.00262,0.00242,0.19916,0.18804,0.04102,0.00000,0.06422,0.40781
2026-09-13T20:52:28.349,1789307548.350,,1.5923,59.0,1500,6282,0.0,0xe0000,0.00311,0.21509,0.20673,0.30529,0.00241,0.00222,0.16143,0.18392,0.03769,0.00000,0.06672,0.40766
2026-09-13T20:52:29.377,1789307549.377,,1.4391,59.5,1500,6276,0.2,0xe0000,0.00312,0.21771,0.21894,0.31384,0.00241,0.00322,0.16396,0.00000,0.04782,0.00000,0.06677,0.40127
2026-09-13T20:52:30.403,1789307550.404,,1.5603,59.0,1500,6287,0.0,0xe0000,0.00297,0.22034,0.28360,0.30394,0.00362,0.00222,0.18009,0.05074,0.03867,0.00000,0.06604,0.40810
2026-09-13T20:52:31.430,1789307551.431,,2.6668,60.6,2400,6260,31.5,0xe0000,0.00302,0.23011,0.21750,0.32640,0.00242,0.00262,0.20254,0.05409,0.04612,0.00000,0.06925,1.51269
2026-09-13T20:52:32.457,1789307552.457,,2.8096,61.1,2400,6250,31.1,0xe0000,0.00302,0.21705,0.20896,0.32117,0.00241,0.00483,0.16732,0.04351,0.08733,0.00000,0.06563,1.68835
2026-09-13T20:52:33.483,1789307553.483,,2.8618,61.1,2400,6281,25.1,0xe0000,0.00287,0.21967,0.20733,0.32485,0.00242,0.00262,0.16723,0.05770,0.16383,0.00148,0.06374,1.64804
2026-09-13T20:52:34.518,1789307554.519,,6.5756,62.8,2400,6273,27.7,0xe0000,0.00302,0.32264,0.21212,0.37600,0.00261,0.00221,0.15144,0.00000,0.34950,0.01781,0.06486,5.07334
2026-09-13T20:52:35.549,1789307555.550,,4.3672,66.1,2400,6226,78.7,0xe0000,0.00311,0.31874,0.20545,0.36192,0.00241,0.00242,0.19938,0.20921,0.23979,0.01567,0.06787,2.74125
2026-09-13T20:52:36.582,1789307556.583,,9.2707,67.2,2400,6194,90.7,0xe0000,0.00297,0.23404,0.21714,0.37949,0.00241,0.00242,0.15749,0.18804,0.33331,0.00000,0.06690,7.68649
2026-09-13T20:52:37.614,1789307557.615,,6.5400,67.8,2400,7288,91.5,0xe0000,0.00287,0.26562,0.22466,0.36680,0.00241,0.00242,0.17039,0.26719,0.30404,0.00918,0.06771,4.85666
2026-09-13T20:52:38.646,1789307558.647,,4.4356,68.8,2400,7861,92.4,0xe0000,0.00311,0.29421,0.20202,0.36855,0.00282,0.00282,0.17044,0.06525,0.31635,0.00824,0.06307,2.93867
2026-09-13T20:52:39.682,1789307559.683,,5.2054,69.4,2400,7845,92.0,0xe0000,0.00302,0.22051,0.27715,0.33490,0.00241,0.00242,0.19290,0.00721,0.08736,0.00681,0.06914,4.00151
2026-09-13T20:52:40.711,1789307560.712,,8.8149,69.4,2400,7780,90.2,0xe0000,0.00302,0.32171,0.20605,0.40541,0.00282,0.00242,0.17657,0.19156,0.24823,0.00949,0.06637,7.18131
2026-09-13T20:52:41.740,1789307561.740,,7.8968,69.4,2400,7753,91.0,0xe0000,0.00302,0.27133,0.31163,0.35276,0.00241,0.00242,0.17742,0.18776,0.22183,0.00000,0.06758,6.29869
2026-09-13T20:52:42.771,1789307562.772,,4.6163,69.4,2400,7757,90.7,0xe0000,0.00297,0.26545,0.20584,0.33733,0.00281,0.00282,0.17346,0.17009,0.16883,0.00591,0.06748,3.21333
2026-09-13T20:52:43.802,1789307563.802,,5.0050,71.6,2400,7780,90.7,0xe0000,0.00302,0.28159,0.20497,0.36460,0.00261,0.00181,0.19927,0.20240,0.45421,0.01182,0.06320,3.21549
2026-09-13T20:52:44.830,1789307564.830,,6.5949,70.0,2400,7782,89.8,0xe0000,0.00287,0.27145,0.20552,0.36157,0.00282,0.00282,0.16718,0.19513,0.26301,0.00355,0.06341,5.05558
2026-09-13T20:52:45.862,1789307565.862,,6.8866,71.0,2400,7776,92.9,0xe0000,0.00302,0.25016,0.20584,0.38205,0.00261,0.00242,0.17035,0.18054,0.24716,0.00590,0.06387,5.37265
2026-09-13T20:52:46.890,1789307566.890,,8.2553,71.6,2400,7763,92.4,0xe0000,0.00312,0.22838,0.20438,0.38084,0.00282,0.00242,0.16401,0.02526,0.12756,0.01863,0.06156,7.03635
2026-09-13T20:52:47.926,1789307567.927,,8.7479,71.0,2400,7774,90.2,0xe0000,0.00287,0.23704,0.20889,0.42120,0.00241,0.00241,0.17039,0.19478,0.48618,0.00857,0.06360,6.94956
2026-09-13T20:52:48.958,1789307568.959,,6.0069,72.2,2400,7778,91.0,0xe0000,0.00312,0.29468,0.20840,0.36153,0.00282,0.00141,0.17662,0.19522,0.39828,0.00531,0.06418,4.29535
2026-09-13T20:52:49.989,1789307569.989,,4.3957,70.5,2400,7808,89.5,0xe0000,0.00287,0.32264,0.20639,0.38103,0.00242,0.00242,0.18060,0.04695,0.31871,0.01272,0.06533,2.85367
2026-09-13T20:52:51.026,1789307571.027,,8.4301,71.6,2400,7822,88.5,0xe0000,0.00292,0.24626,0.20632,0.34716,0.00282,0.00282,0.17687,0.00000,0.24383,0.00471,0.06348,7.13289
2026-09-13T20:52:52.058,1789307572.059,,8.7566,72.7,2400,7830,92.2,0xe0000,0.00312,0.33200,0.20458,0.33320,0.00262,0.00242,0.16755,0.00723,0.20819,0.01328,0.06511,7.41725
2026-09-13T20:52:53.090,1789307573.090,,6.4458,72.2,2400,7853,91.7,0xe0000,0.00302,0.22231,0.20518,0.33376,0.00282,0.00181,0.17049,0.23138,0.10742,0.00000,0.06453,5.10306
2026-09-13T20:52:54.122,1789307574.123,,6.0968,72.2,2400,7853,90.6,0xe0000,0.00302,0.32034,0.20390,0.36700,0.00282,0.00181,0.14463,0.25353,0.19891,0.00325,0.06321,4.53442
2026-09-13T20:52:55.154,1789307575.154,,4.6642,71.6,2400,7859,90.2,0xe0000,0.00302,0.27522,0.22819,0.37374,0.00282,0.00282,0.18610,0.18804,0.50297,0.00860,0.06631,2.82635
2026-09-13T20:52:56.186,1789307576.187,,6.3155,72.2,2400,7878,91.5,0xe0000,0.00321,0.22004,0.20875,0.39327,0.00282,0.00282,0.15753,0.18447,0.48829,0.00177,0.06469,4.58782
2026-09-13T20:52:57.218,1789307577.218,,8.5412,72.7,2400,7896,91.7,0xe0000,0.00306,0.23992,0.20753,0.35490,0.00281,0.00161,0.17044,0.22059,0.24582,0.00355,0.06417,7.02680
2026-09-13T20:52:58.250,1789307578.250,,5.8168,72.7,2400,7884,91.4,0xe0000,0.00306,0.27875,0.20646,0.35253,0.00281,0.00242,0.17346,0.21330,0.24146,0.00474,0.06524,4.27253
2026-09-13T20:52:59.277,1789307579.278,,8.2172,73.2,2400,7896,88.8,0xe0000,0.00307,0.31733,0.20673,0.38104,0.00242,0.00323,0.15170,0.20243,0.28341,0.01920,0.06250,6.58410
2026-09-13T20:53:00.310,1789307580.311,,7.4107,72.7,2400,7905,90.7,0xe0000,0.00306,0.31645,0.20806,0.38956,0.00281,0.00322,0.17025,0.21713,0.44951,0.02459,0.06220,5.56385
2026-09-13T20:53:01.343,1789307581.343,,6.4602,73.8,2400,7903,91.3,0xe0000,0.00311,0.24148,0.20861,0.35287,0.00281,0.00282,0.18055,0.01083,0.13942,0.00059,0.06262,5.25448
2026-09-13T20:53:02.374,1789307582.374,,5.3390,74.9,2400,7919,92.0,0xe0000,0.00311,0.21811,0.33498,0.32685,0.00282,0.00242,0.20271,0.00000,0.08661,0.00118,0.06553,4.09470
2026-09-13T20:53:03.403,1789307583.403,,2.8776,72.7,2400,7919,91.0,0xe0000,0.00297,0.30748,0.20875,0.34245,0.00282,0.00242,0.17035,0.05786,0.14068,0.00000,0.06550,1.57638
2026-09-13T20:53:04.437,1789307584.438,,8.9844,72.7,2400,7928,89.6,0xe0000,0.00301,0.31038,0.20896,0.37200,0.00281,0.00242,0.18330,0.05063,0.41507,0.00917,0.06350,7.36311
2026-09-13T20:53:05.466,1789307585.466,,4.5924,72.2,2400,7955,91.2,0xe0000,0.00311,0.27186,0.20680,0.38570,0.00282,0.00322,0.17385,0.03626,0.48362,0.01127,0.06371,2.95021
2026-09-13T20:53:06.498,1789307586.499,,6.2994,74.9,2400,7953,91.2,0xe0000,0.00301,0.24136,0.20625,0.33338,0.00241,0.00242,0.17697,0.17693,0.10549,0.00000,0.06274,4.98843
2026-09-13T20:53:07.539,1789307587.539,,6.1970,74.3,2400,7957,90.5,0xe0000,0.00297,0.31490,0.20753,0.41767,0.00281,0.00161,0.30499,0.18429,0.34403,0.01395,0.06322,4.33904
2026-09-13T20:53:08.571,1789307588.571,,5.9829,74.3,2400,7985,89.7,0xe0000,0.00306,0.22382,0.20733,0.33363,0.00281,0.00242,0.17752,0.20555,0.07860,0.00000,0.06249,4.68562
2026-09-13T20:53:09.607,1789307589.608,,6.2209,74.9,2400,7985,90.4,0xe0000,0.00307,0.28406,0.20781,0.33170,0.00281,0.00242,0.17963,0.20974,0.09444,0.00000,0.06456,4.84062
2026-09-13T20:53:10.642,1789307590.643,,6.1493,73.8,2400,7987,91.2,0xe0000,0.00297,0.23635,0.23096,0.39992,0.00282,0.00161,0.17410,0.00000,0.16780,0.01061,0.06549,4.85666
2026-09-13T20:53:11.676,1789307591.677,,7.4659,74.3,2400,9502,92.0,0xe0000,0.00307,0.30223,0.20632,0.41236,0.00282,0.00161,0.17682,0.18081,0.48094,0.01008,0.06460,5.62423
2026-09-13T20:53:12.705,1789307592.705,,8.4572,73.8,2400,9696,90.2,0xe0000,0.00302,0.26759,0.20840,0.38227,0.00282,0.00161,0.17667,0.20916,0.16065,0.01004,0.06063,6.97431
2026-09-13T20:53:13.734,1789307593.735,,5.5330,74.9,2400,9702,90.2,0xe0000,0.00316,0.26041,0.20632,0.38104,0.00281,0.00282,0.20243,0.04710,0.46499,0.00920,0.06327,3.88940
2026-09-13T20:53:14.766,1789307594.767,,7.0711,75.5,2400,9711,91.7,0xe0000,0.00297,0.33182,0.21198,0.43191,0.00281,0.00242,0.18361,0.08332,0.31850,0.01560,0.06437,5.42181
2026-09-13T20:53:15.803,1789307595.803,,6.4995,76.0,2400,9715,91.7,0xe0000,0.00311,0.22214,0.36094,0.44468,0.00282,0.00181,0.30178,0.00362,0.45001,0.01006,0.06770,4.63082
2026-09-13T20:53:16.830,1789307596.831,,4.7517,75.5,2400,9737,89.7,0xe0000,0.00302,0.38805,0.21291,0.39992,0.00302,0.00181,0.16699,0.00721,0.45885,0.00887,0.06309,3.03792
2026-09-13T20:53:17.866,1789307597.867,,8.3575,74.9,2400,9724,90.6,0xe0000,0.00311,0.31450,0.20577,0.35472,0.00282,0.00242,0.16415,0.06871,0.17238,0.00119,0.06367,7.00404
2026-09-13T20:53:18.902,1789307598.903,,5.9250,76.0,2400,9715,92.2,0xe0000,0.00301,0.22309,0.20625,0.32333,0.00281,0.00282,0.17025,0.20916,0.09129,0.00000,0.06180,4.63123
2026-09-13T20:53:19.935,1789307599.936,,8.7925,74.9,2400,9724,89.0,0xe0000,0.00267,0.24526,0.21069,0.39137,0.00282,0.00242,0.17732,0.16228,0.17420,0.00589,0.06115,7.35646
2026-09-13T20:53:20.967,1789307600.967,,5.4481,76.5,2400,9708,91.0,0xe0000,0.00301,0.21861,0.20868,0.34489,0.00282,0.00161,0.17107,0.17706,0.16042,0.00149,0.06249,4.09593
2026-09-13T20:53:21.996,1789307601.997,,6.5508,76.0,2400,9721,89.7,0xe0000,0.00302,0.22481,0.20819,0.36988,0.00302,0.00322,0.15762,0.20958,0.31364,0.00324,0.06616,4.98843
2026-09-13T20:53:23.030,1789307603.031,,5.1361,76.0,2400,9730,90.0,0xe0000,0.00307,0.31470,0.20719,0.41769,0.00282,0.00242,0.18024,0.26015,0.32928,0.00975,0.06509,3.34373
2026-09-13T20:53:24.063,1789307604.063,,5.8163,76.0,2400,9733,90.4,0xe0000,0.00316,0.24437,0.20618,0.38227,0.00282,0.00242,0.16447,0.23470,0.23416,0.00618,0.06436,4.27124
2026-09-13T20:53:25.099,1789307605.099,,8.9282,76.5,2400,9730,90.9,0xe0000,0.00311,0.24237,0.20976,0.35927,0.00282,0.00141,0.17025,0.20286,0.51851,0.01695,0.06245,7.13841
2026-09-13T20:53:26.132,1789307606.133,,3.2612,76.5,2400,9730,92.1,0xe0000,0.00297,0.22092,0.20733,0.33320,0.00382,0.00242,0.16369,0.19859,0.08456,0.00000,0.06630,1.97744
2026-09-13T20:53:27.162,1789307607.163,,4.8083,75.5,2400,9730,90.9,0xe0000,0.00302,0.31713,0.21069,0.38807,0.00241,0.00242,0.17059,0.04700,0.51907,0.00971,0.06505,3.07315
2026-09-13T20:53:28.191,1789307608.191,,4.2215,76.0,2400,9737,91.7,0xe0000,0.00292,0.38990,0.20712,0.34839,0.00282,0.00161,0.17063,0.04343,0.16656,0.00148,0.06493,2.82172
2026-09-13T20:53:29.220,1789307609.220,,8.9966,76.0,2400,9746,89.0,0xe0000,0.00302,0.24816,0.21041,0.36457,0.00302,0.00282,0.15098,0.15923,0.17364,0.02036,0.06161,7.59878
2026-09-13T20:53:30.254,1789307610.255,,8.4290,76.5,2400,9746,92.2,0xe0000,0.00311,0.25304,0.27214,0.35117,0.00282,0.00323,0.20289,0.20974,0.18951,0.00206,0.06438,6.87495
2026-09-13T20:53:31.294,1789307611.295,,7.6811,77.7,2400,9752,91.8,0xe0000,0.00277,0.24003,0.20712,0.34585,0.00241,0.00322,0.17063,0.18026,0.16843,0.00476,0.06452,6.29112
2026-09-13T20:53:32.326,1789307612.327,,8.4247,76.5,2400,9752,92.2,0xe0000,0.00297,0.22672,0.22889,0.36765,0.00282,0.00242,0.17020,0.05074,0.17228,0.00149,0.06436,7.13417
2026-09-13T20:53:33.359,1789307613.359,,9.3092,77.1,2400,9752,91.4,0xe0000,0.00306,0.24993,0.20753,0.35983,0.00281,0.00242,0.18668,0.18757,0.48249,0.01391,0.06206,7.55095
2026-09-13T20:53:34.392,1789307614.392,,3.6350,77.1,2400,9749,92.4,0xe0000,0.00311,0.26545,0.21227,0.38299,0.00302,0.00242,0.17657,0.20984,0.22459,0.00207,0.06607,2.08655
2026-09-13T20:53:35.422,1789307615.423,,4.4717,77.1,2400,9762,90.2,0xe0000,0.00287,0.31250,0.20948,0.35750,0.00301,0.00161,0.17712,0.00000,0.51666,0.00799,0.06540,2.81754
2026-09-13T20:53:36.455,1789307616.456,,8.4661,77.7,2400,9775,89.8,0xe0000,0.00316,0.23240,0.20826,0.35539,0.00221,0.00242,0.17097,0.18081,0.23756,0.00295,0.06381,7.00615
2026-09-13T20:53:37.487,1789307617.487,,7.0609,77.7,2400,9771,91.7,0xe0000,0.00302,0.30543,0.21305,0.35994,0.00302,0.00242,0.20017,0.20612,0.30621,0.01419,0.06471,5.38260
2026-09-13T20:53:38.526,1789307618.527,,6.1635,77.7,2400,9724,91.2,0xe0000,0.00301,0.21314,0.23288,0.33512,0.00282,0.00242,0.17346,0.19473,0.09149,0.00000,0.06294,4.85150
2026-09-13T20:53:39.557,1789307619.557,,4.7218,77.1,2400,9727,90.7,0xe0000,0.00301,0.32186,0.33946,0.39540,0.00221,0.00242,0.19644,0.18531,0.45669,0.00740,0.06407,2.74756
2026-09-13T20:53:40.586,1789307620.586,,7.3008,77.7,2400,9746,90.3,0xe0000,0.00292,0.25814,0.20584,0.34593,0.00141,0.00242,0.17078,0.18799,0.34843,0.01654,0.06281,5.69765
2026-09-13T20:53:41.614,1789307621.615,,6.5689,77.1,2400,9740,90.6,0xe0000,0.00306,0.22163,0.20781,0.38961,0.00281,0.00242,0.16424,0.20963,0.44596,0.01480,0.06196,4.84499
2026-09-13T20:53:42.647,1789307622.647,,9.3207,77.1,2400,9743,91.9,0xe0000,0.00311,0.25183,0.20680,0.39718,0.00302,0.00241,0.22090,0.24251,0.48287,0.00119,0.06381,7.44504
2026-09-13T20:53:43.679,1789307623.680,,4.3420,78.2,2400,9740,90.9,0xe0000,0.00301,0.32219,0.20982,0.37465,0.00281,0.00161,0.17380,0.05420,0.26200,0.02281,0.06318,2.85195
2026-09-13T20:53:44.710,1789307624.711,,8.3938,76.5,2400,9749,89.5,0xe0000,0.00307,0.25783,0.20660,0.37767,0.00301,0.00242,0.17667,0.06132,0.15285,0.01155,0.06296,7.07781
2026-09-13T20:53:45.747,1789307625.747,,6.4255,78.2,2400,9765,90.0,0xe0000,0.00297,0.26005,0.21284,0.39643,0.00281,0.00161,0.17361,0.21335,0.23737,0.00979,0.06384,4.85083
2026-09-13T20:53:46.790,1789307626.790,,5.8017,78.8,2400,9762,91.8,0xe0000,0.00297,0.31981,0.21284,0.40250,0.00302,0.00181,0.18647,0.21664,0.20102,0.00971,0.06262,4.18233
2026-09-13T20:53:47.824,1789307627.825,,6.1922,77.7,2400,9765,91.9,0xe0000,0.00287,0.32746,0.21148,0.37945,0.00302,0.00181,0.21540,0.04349,0.46469,0.00443,0.06507,4.47304
2026-09-13T20:53:48.853,1789307628.854,,4.8333,77.1,2400,9765,90.6,0xe0000,0.00301,0.24259,0.20767,0.35817,0.00302,0.00242,0.17702,0.03977,0.17188,0.02523,0.06436,3.53812
2026-09-13T20:53:49.887,1789307629.887,,4.7918,78.8,2400,9771,90.3,0xe0000,0.00311,0.31002,0.21090,0.37767,0.00302,0.00141,0.17011,0.18837,0.31091,0.00570,0.06253,3.14802
2026-09-13T20:53:50.919,1789307630.920,,8.6719,78.2,2400,9768,90.5,0xe0000,0.00306,0.22247,0.20584,0.33669,0.00281,0.00161,0.17717,0.14461,0.15615,0.00089,0.06203,7.35854
2026-09-13T20:53:51.958,1789307631.959,,5.2024,77.1,2400,9775,91.7,0xe0000,0.00287,0.32695,0.20799,0.33012,0.00281,0.00242,0.19290,0.05797,0.08949,0.00059,0.06324,3.92504
2026-09-13T20:53:52.990,1789307632.990,,5.2080,78.8,2400,9784,92.4,0xe0000,0.00297,0.30246,0.20243,0.38938,0.00141,0.00242,0.18330,0.03246,0.31118,0.01066,0.06386,3.70546
2026-09-13T20:53:54.022,1789307634.022,,4.7100,79.8,2400,9787,91.6,0xe0000,0.00311,0.28601,0.20760,0.36017,0.00281,0.00141,0.17078,0.18757,0.25816,0.00500,0.06286,3.16454
2026-09-13T20:53:55.053,1789307635.054,,7.3032,79.8,2400,9778,91.9,0xe0000,0.00301,0.29313,0.20875,0.35285,0.00301,0.00242,0.16996,0.17345,0.23081,0.00000,0.06355,5.80221
2026-09-13T20:53:56.083,1789307636.083,,9.2418,78.2,2400,9781,89.9,0xe0000,0.00306,0.26869,0.20673,0.37058,0.00301,0.00241,0.16765,0.18067,0.47879,0.01425,0.06210,7.48385
2026-09-13T20:53:57.110,1789307637.110,,4.8486,78.2,2400,9791,91.4,0xe0000,0.00306,0.38332,0.21076,0.34193,0.00302,0.00181,0.18075,0.24246,0.24178,0.01293,0.06542,3.16132
2026-09-13T20:53:58.146,1789307638.146,,8.4983,79.3,2400,9794,91.6,0xe0000,0.00306,0.28626,0.21492,0.35640,0.00322,0.00282,0.16443,0.16199,0.27476,0.01215,0.06200,6.95629
2026-09-13T20:53:59.178,1789307639.179,,8.6166,78.8,2400,9797,92.2,0xe0000,0.00301,0.25484,0.20875,0.33320,0.00301,0.00161,0.17652,0.00724,0.23733,0.00207,0.06220,7.32682
2026-09-13T20:54:00.214,1789307640.215,,8.4385,79.3,2400,9791,92.0,0xe0000,0.00316,0.36472,0.20691,0.34221,0.00322,0.00241,0.18647,0.16273,0.24071,0.00118,0.06401,6.86078
2026-09-13T20:54:01.245,1789307641.245,,6.6667,79.3,2400,9771,90.8,0xe0000,0.00311,0.32781,0.21965,0.38278,0.00301,0.00181,0.26063,0.22445,0.46269,0.02596,0.06303,4.69173
2026-09-13T20:54:02.272,1789307642.273,,4.1917,78.8,2400,9771,89.7,0xe0000,0.00297,0.28782,0.20712,0.36286,0.00302,0.00181,0.17039,0.07956,0.46069,0.00920,0.06422,2.54203
2026-09-13T20:54:03.310,1789307643.311,,8.1688,79.3,2400,9781,89.3,0xe0000,0.00306,0.23858,0.20996,0.33669,0.00322,0.00241,0.16438,0.05416,0.11968,0.00236,0.06254,6.97175
2026-09-13T20:54:04.342,1789307644.342,,7.8988,78.8,2400,9775,92.4,0xe0000,0.00316,0.23414,0.20747,0.36349,0.00262,0.00241,0.18060,0.20989,0.13741,0.00738,0.06366,6.48655
2026-09-13T20:54:05.373,1789307645.374,,6.6104,79.8,2400,9771,91.8,0xe0000,0.00297,0.21929,0.23510,0.32971,0.00221,0.00242,0.18621,0.17026,0.16140,0.01338,0.06472,5.22277
2026-09-13T20:54:06.408,1789307646.409,,4.6131,79.3,2400,9775,90.1,0xe0000,0.00297,0.30040,0.20660,0.34398,0.00221,0.00282,0.17994,0.17710,0.27196,0.00326,0.06435,3.05754
2026-09-13T20:54:07.439,1789307647.439,,8.6558,79.3,2400,9791,90.5,0xe0000,0.00301,0.28627,0.22051,0.35429,0.00141,0.00141,0.16737,0.19884,0.36011,0.00118,0.06394,6.99742
2026-09-13T20:54:08.475,1789307648.475,,5.2385,79.8,2400,9797,90.2,0xe0000,0.00306,0.32566,0.21750,0.46753,0.00140,0.00282,0.31003,0.19113,0.58030,0.01215,0.06175,3.06519
2026-09-13T20:54:09.511,1789307649.511,,7.1914,81.0,2400,9791,92.7,0xe0000,0.00297,0.21607,0.20962,0.34126,0.00281,0.00181,0.21849,0.19151,0.09368,0.00000,0.06412,5.84905
2026-09-13T20:54:10.538,1789307650.538,,6.6488,81.0,2400,9787,91.2,0xe0000,0.00316,0.32371,0.33131,0.37051,0.00302,0.00242,0.18330,0.24976,0.48803,0.04637,0.06382,4.58340
2026-09-13T20:54:11.568,1789307651.569,,4.9667,79.8,2400,9778,89.5,0xe0000,0.00311,0.26611,0.21219,0.34398,0.00141,0.00141,0.16057,0.20638,0.14478,0.00030,0.06336,3.56310
2026-09-13T20:54:12.596,1789307652.597,,7.4449,78.8,2400,9791,90.8,0xe0000,0.00301,0.22819,0.20767,0.36331,0.00281,0.00161,0.18652,0.20963,0.39167,0.01355,0.06092,5.77598
2026-09-13T20:54:13.630,1789307653.631,,6.4596,79.8,2400,9797,91.7,0xe0000,0.00301,0.22132,0.20896,0.37004,0.00302,0.00282,0.18356,0.04329,0.47547,0.01126,0.06436,4.87246
2026-09-13T20:54:14.663,1789307654.663,,6.0294,80.4,2400,9797,90.3,0xe0000,0.00306,0.31542,0.20760,0.40072,0.00282,0.00181,0.17989,0.00000,0.47959,0.01862,0.06381,4.35603
2026-09-13T20:54:15.695,1789307655.695,,5.7233,81.0,2400,9800,91.5,0xe0000,0.00311,0.26521,0.20303,0.37158,0.00221,0.00242,0.18330,0.00724,0.44528,0.00946,0.06282,4.16765
2026-09-13T20:54:16.730,1789307656.731,,6.3601,80.4,2400,9794,91.4,0xe0000,0.00311,0.31742,0.20733,0.44791,0.00282,0.00181,0.28204,0.05416,0.44455,0.00000,0.06207,4.53694
2026-09-13T20:54:17.760,1789307657.760,,4.9153,79.3,2400,9787,91.1,0xe0000,0.00297,0.29079,0.22022,0.35588,0.00302,0.00201,0.17015,0.07611,0.47668,0.02905,0.06688,3.22151
2026-09-13T20:54:18.788,1789307658.789,,9.0716,79.8,2400,9797,90.7,0xe0000,0.00331,0.26980,0.20826,0.36460,0.00302,0.00181,0.17035,0.06506,0.25686,0.00679,0.06272,7.65900
2026-09-13T20:54:19.822,1789307659.823,,6.0623,79.3,2400,9803,92.0,0xe0000,0.00301,0.23401,0.21392,0.33696,0.00141,0.00242,0.17025,0.08644,0.16485,0.00888,0.06322,4.77692
2026-09-13T20:54:20.854,1789307660.855,,7.0433,79.8,2400,9800,90.4,0xe0000,0.00302,0.24170,0.20788,0.35132,0.00301,0.00242,0.18044,0.18387,0.10871,0.00473,0.06201,5.69422
2026-09-13T20:54:21.890,1789307661.891,,6.2713,81.0,2400,9797,90.8,0xe0000,0.00292,0.23881,0.21256,0.34221,0.00281,0.00181,0.18398,0.20963,0.13801,0.00326,0.06186,4.87341
2026-09-13T20:54:22.922,1789307662.922,,8.9560,81.5,2400,9787,93.1,0xe0000,0.00297,0.24693,0.21621,0.41314,0.00342,0.00282,0.16803,0.12295,0.22721,0.00237,0.06286,7.48715
2026-09-13T20:54:23.959,1789307663.959,,6.4109,79.3,2400,9791,91.1,0xe0000,0.00297,0.31464,0.21212,0.38249,0.00281,0.00181,0.17968,0.00362,0.54841,0.01273,0.06121,4.68844
2026-09-13T20:54:24.986,1789307664.986,,6.0295,81.5,2400,9797,89.8,0xe0000,0.00287,0.28224,0.20573,0.34541,0.00281,0.00181,0.17049,0.18475,0.16849,0.00207,0.06457,4.59821
2026-09-13T20:54:26.023,1789307666.023,,7.1296,80.4,2400,9794,90.6,0xe0000,0.00297,0.26310,0.20660,0.39566,0.00301,0.00181,0.16415,0.18076,0.46638,0.01152,0.06104,5.37254
2026-09-13T20:54:27.055,1789307667.055,,9.0160,82.6,2400,9787,92.0,0xe0008,0.00268,0.24359,0.23157,0.39099,0.00302,0.00181,0.18289,0.04714,0.23534,0.00353,0.06335,7.61014
2026-09-13T20:54:28.085,1789307668.086,,4.2455,82.0,2400,9784,90.2,0xe0008,0.00311,0.32575,0.21034,0.36460,0.00221,0.00241,0.18341,0.03978,0.27142,0.02749,0.06245,2.75252
2026-09-13T20:54:29.116,1789307669.116,,4.8935,80.4,2400,9803,89.8,0xe0000,0.00301,0.26455,0.21090,0.36829,0.00301,0.00181,0.18705,0.02886,0.33901,0.00681,0.06061,3.41962
2026-09-13T20:54:30.147,1789307670.148,,7.7630,81.0,2400,9803,89.5,0xe0008,0.00311,0.25987,0.21858,0.36765,0.00281,0.00181,0.17073,0.00000,0.30749,0.00708,0.06283,6.36106
2026-09-13T20:54:31.182,1789307671.183,,6.9658,82.0,2400,9794,90.3,0xe0000,0.00287,0.22761,0.21083,0.33669,0.00221,0.00242,0.24221,0.18094,0.37536,0.00918,0.06202,5.31343
2026-09-13T20:54:32.214,1789307672.214,,8.9524,81.5,2400,9800,92.0,0xe0000,0.00306,0.26575,0.21542,0.37402,0.00281,0.00181,0.22839,0.19904,0.24551,0.00947,0.06434,7.34275
2026-09-13T20:54:33.248,1789307673.248,,4.7640,81.5,2400,9791,90.5,0xe0000,0.00301,0.24393,0.21893,0.39718,0.00342,0.00282,0.23771,0.04347,0.49621,0.01214,0.06301,3.04220
2026-09-13T20:54:34.376,1789307674.376,,6.0688,81.0,2400,9797,90.7,0xe0000,0.00306,0.25351,0.20733,0.33012,0.00281,0.00181,0.20271,0.04327,0.08676,0.00236,0.06403,4.87099
2026-09-13T20:54:35.402,1789307675.402,,2.7153,76.0,2400,9891,31.1,0xe0000,0.00307,0.25441,0.21162,0.35065,0.00301,0.00242,0.17039,0.05439,0.21104,0.00473,0.06429,1.38531
2026-09-13T20:54:36.428,1789307676.428,,2.1405,74.9,2400,9914,4.6,0xe0000,0.00297,0.22017,0.20854,0.33320,0.00301,0.00242,0.16392,0.21664,0.08812,0.00000,0.06559,0.83596
2026-09-13T20:54:37.453,1789307677.454,,2.1401,73.8,2400,9920,0.0,0xe0000,0.00306,0.22007,0.21034,0.33157,0.00301,0.00181,0.17039,0.20974,0.09672,0.00000,0.06561,0.82775
2026-09-13T20:54:38.479,1789307678.479,,2.1286,72.2,2400,9923,0.0,0xe0000,0.00307,0.22325,0.20840,0.33867,0.00221,0.00242,0.19617,0.19874,0.08259,0.00000,0.06129,0.81183
2026-09-13T20:54:39.504,1789307679.504,,2.1863,72.7,2400,9914,0.2,0xe0000,0.00306,0.21977,0.27116,0.33512,0.00302,0.00242,0.21302,0.18094,0.07202,0.00000,0.06550,0.82029
2026-09-13T20:54:40.530,1789307680.531,,2.0684,72.2,2400,9927,0.2,0xe0000,0.00306,0.22095,0.20875,0.32994,0.00281,0.00181,0.17078,0.18094,0.08713,0.00000,0.06583,0.79639
2026-09-13T20:54:41.557,1789307681.558,,1.7794,71.0,1500,9950,2.7,0xe0000,0.00316,0.22136,0.21090,0.31941,0.00141,0.00121,0.17702,0.18387,0.08788,0.00059,0.06525,0.50736
2026-09-13T20:54:42.584,1789307682.584,,1.8451,71.6,1500,9943,0.2,0xe0000,0.00311,0.22407,0.21048,0.32161,0.00281,0.00242,0.16447,0.25971,0.08911,0.00000,0.06589,0.50140
2026-09-13T20:54:43.611,1789307683.612,,1.9477,70.0,1500,9956,0.0,0xe0000,0.00297,0.22125,0.33572,0.32213,0.00282,0.00282,0.19273,0.20266,0.09291,0.00000,0.06400,0.50772
2026-09-13T20:54:44.639,1789307684.639,,1.7759,70.5,1500,9950,0.0,0xe0000,0.00307,0.21607,0.20896,0.32327,0.00282,0.00282,0.17035,0.20581,0.08291,0.00000,0.06618,0.49365
2026-09-13T20:54:45.666,1789307685.667,,1.8150,70.5,1500,8678,0.2,0xe0000,0.00311,0.22163,0.20982,0.32292,0.00282,0.00121,0.19595,0.20963,0.08973,0.00000,0.06402,0.49419
2026-09-13T20:54:46.692,1789307686.693,,1.9354,70.0,1500,8225,0.0,0xe0000,0.00297,0.21753,0.34540,0.31590,0.00281,0.00242,0.18636,0.21277,0.08520,0.00000,0.06335,0.50068
2026-09-13T20:54:47.720,1789307687.720,,1.7625,69.4,1500,8196,0.0,0xe0000,0.00307,0.21909,0.20948,0.32333,0.00282,0.00282,0.18029,0.18415,0.08614,0.00000,0.06402,0.48733
2026-09-13T20:54:48.747,1789307688.748,,1.7603,69.4,1500,8196,0.0,0xe0000,0.00311,0.22136,0.20573,0.31688,0.00282,0.00282,0.17366,0.19180,0.09167,0.00000,0.06293,0.48751
2026-09-13T20:54:49.775,1789307689.775,,1.7858,69.4,1500,8198,0.0,0xe0000,0.00297,0.21929,0.21104,0.31941,0.00281,0.00282,0.17356,0.21351,0.08534,0.00000,0.06722,0.48786
2026-09-13T20:54:50.801,1789307690.802,,1.7592,68.8,1500,8196,0.2,0xe0000,0.00297,0.21939,0.20799,0.31637,0.00282,0.00282,0.17687,0.18799,0.09497,0.00000,0.06597,0.48100
2026-09-13T20:54:51.828,1789307691.828,,1.8948,69.4,1500,8207,2.2,0xe0000,0.00297,0.21723,0.30876,0.32292,0.00282,0.00242,0.17657,0.20968,0.09101,0.00000,0.06587,0.49454
2026-09-13T20:54:52.855,1789307692.856,,1.7597,68.3,1500,8194,0.0,0xe0000,0.00307,0.21715,0.20826,0.31768,0.00282,0.00282,0.17087,0.20220,0.08379,0.00089,0.06280,0.48733
2026-09-13T20:54:53.984,1789307693.984,,1.6268,68.3,1500,8203,0.2,0xe0000,0.00312,0.21733,0.20854,0.31942,0.00282,0.00242,0.17682,0.05771,0.09122,0.00000,0.06660,0.48083
2026-09-13T20:54:55.012,1789307695.013,,2.1215,69.4,1500,8192,0.0,0xe0000,0.00297,0.22496,0.20691,0.32466,0.00281,0.00141,0.16718,0.20607,0.08432,0.00000,0.06395,0.83621
2026-09-13T20:54:56.039,1789307696.039,,2.1346,69.4,1500,8205,0.0,0xe0000,0.00306,0.21383,0.21284,0.32503,0.00282,0.00282,0.17419,0.21347,0.09134,0.00000,0.06692,0.82825
2026-09-13T20:54:57.065,1789307697.066,,2.0032,69.4,1500,8214,0.0,0xe0000,0.00297,0.26755,0.20982,0.32994,0.00241,0.00242,0.17126,0.05063,0.08340,0.00000,0.06273,0.82004
2026-09-13T20:54:58.095,1789307698.096,,1.6150,68.8,1500,8210,0.2,0xe0000,0.00306,0.21851,0.20819,0.32292,0.00282,0.00282,0.17366,0.04692,0.09116,0.00000,0.06411,0.48083
2026-09-13T20:54:59.122,1789307699.122,,1.5765,68.8,1500,8212,0.0,0xe0000,0.00321,0.21646,0.20680,0.32448,0.00261,0.00322,0.17762,0.01082,0.08475,0.00000,0.06537,0.48118
2026-09-13T20:55:00.148,1789307700.149,,1.5471,68.3,1500,8205,0.2,0xe0000,0.00287,0.22057,0.20868,0.31624,0.00282,0.00242,0.15776,0.00000,0.09024,0.00000,0.06473,0.48083
2026-09-13T20:55:01.175,1789307701.176,,2.2388,68.3,1500,8207,0.7,0xe0000,0.00317,0.22397,0.21936,0.32643,0.00241,0.00322,0.17371,0.22776,0.15673,0.00059,0.06575,0.83567
2026-09-13T20:55:02.202,1789307702.202,,1.8249,67.8,1500,8198,1.2,0xe0000,0.00287,0.30435,0.21003,0.31593,0.00281,0.00242,0.17126,0.18094,0.08911,0.00000,0.06404,0.48118
2026-09-13T20:55:03.228,1789307703.229,,1.9050,67.8,1500,8201,0.2,0xe0000,0.00302,0.21861,0.27869,0.31976,0.00261,0.00242,0.24468,0.20607,0.08148,0.00000,0.06406,0.48359
2026-09-13T20:55:04.255,1789307704.255,,1.6022,68.3,1500,8205,0.2,0xe0000,0.00297,0.21851,0.20767,0.32117,0.00241,0.00322,0.16443,0.05782,0.08385,0.00000,0.06601,0.47415
2026-09-13T20:55:05.281,1789307705.282,,1.5922,68.3,1500,8210,0.0,0xe0000,0.00297,0.22017,0.20712,0.31811,0.00282,0.00282,0.17044,0.03989,0.08651,0.00000,0.06725,0.47415
2026-09-13T20:55:06.408,1789307706.409,,1.6071,68.3,1500,8203,0.0,0xe0000,0.00307,0.21929,0.21003,0.32134,0.00281,0.00282,0.16732,0.05065,0.09297,0.00000,0.06284,0.47398
2026-09-13T20:55:07.435,1789307707.435,,1.6803,69.4,1500,8201,0.0,0xe0000,0.00302,0.31059,0.20819,0.31576,0.00302,0.00242,0.16410,0.04336,0.09297,0.00000,0.06291,0.47398
2026-09-13T20:55:08.461,1789307708.462,,1.6140,68.3,1500,8196,0.0,0xe0000,0.00297,0.21577,0.20625,0.32468,0.00241,0.00322,0.18336,0.05077,0.08594,0.00059,0.06407,0.47398
2026-09-13T20:55:09.488,1789307709.488,,1.6175,67.8,1500,8201,0.2,0xe0000,0.00307,0.21773,0.22073,0.32503,0.00241,0.00322,0.16489,0.05770,0.08108,0.00000,0.06716,0.47449
2026-09-13T20:55:10.514,1789307710.515,,1.6072,66.7,1500,8198,0.0,0xe0000,0.00297,0.22037,0.21027,0.32292,0.00282,0.00282,0.17737,0.04347,0.08277,0.00000,0.06729,0.47415
2026-09-13T20:55:11.541,1789307711.541,,2.4021,66.7,1600,8198,1.2,0xe0000,0.00287,0.22044,0.21470,0.32134,0.00282,0.00242,0.22215,0.21713,0.09232,0.00000,0.07099,1.03488
2026-09-13T20:55:12.568,1789307712.568,,1.7330,67.2,1500,8192,0.7,0xe0000,0.00302,0.21725,0.20673,0.31976,0.00241,0.00242,0.17039,0.18804,0.08916,0.00000,0.06597,0.46781
2026-09-13T20:55:13.594,1789307713.594,,1.7337,66.7,1500,8192,0.0,0xe0000,0.00297,0.22709,0.20733,0.31925,0.00302,0.00222,0.16713,0.18456,0.08812,0.00000,0.06409,0.46798
2026-09-13T20:55:14.620,1789307714.621,,1.5369,67.2,1500,8207,0.0,0xe0000,0.00302,0.21929,0.20691,0.31942,0.00261,0.00242,0.17116,0.00723,0.07140,0.00000,0.06601,0.46747
2026-09-13T20:55:15.647,1789307715.647,,1.6172,66.7,1500,8205,0.2,0xe0000,0.00316,0.22136,0.20767,0.32819,0.00282,0.00242,0.17772,0.05063,0.08922,0.00000,0.06625,0.46781
2026-09-13T20:55:16.673,1789307716.674,,1.6139,66.1,1500,8196,0.0,0xe0000,0.00306,0.21977,0.23096,0.32256,0.00282,0.00282,0.16373,0.05424,0.08753,0.00000,0.06597,0.46046
2026-09-13T20:55:17.700,1789307717.700,,1.7790,67.2,1500,8194,0.0,0xe0000,0.00321,0.21929,0.20719,0.32310,0.00241,0.00242,0.18990,0.21362,0.08521,0.00030,0.06490,0.46747
2026-09-13T20:55:18.726,1789307718.726,,1.8838,67.2,1500,8190,0.0,0xe0000,0.00297,0.22037,0.27780,0.31941,0.00282,0.00282,0.20237,0.22025,0.09155,0.00000,0.06963,0.47381
2026-09-13T20:55:19.753,1789307719.754,,1.7663,67.2,1500,8203,0.2,0xe0000,0.00307,0.21783,0.20760,0.32468,0.00282,0.00282,0.17647,0.21303,0.08577,0.00000,0.06411,0.46815
2026-09-13T20:55:20.781,1789307720.781,,1.7308,67.2,1500,8207,0.0,0xe0000,0.00317,0.23089,0.20812,0.31941,0.00282,0.00242,0.16723,0.17388,0.08864,0.00000,0.06604,0.46815
2026-09-13T20:55:21.807,1789307721.808,,1.8214,66.1,1500,8207,0.7,0xe0000,0.00307,0.21861,0.20948,0.31958,0.00241,0.00322,0.24194,0.19859,0.09051,0.00000,0.06597,0.46798
2026-09-13T20:55:22.838,1789307722.838,,1.7312,66.7,1500,8194,1.2,0xe0000,0.00311,0.21889,0.20982,0.31942,0.00282,0.00282,0.18009,0.18396,0.07826,0.00000,0.06407,0.46798
2026-09-13T20:55:23.865,1789307723.866,,1.7778,66.1,1500,8196,0.0,0xe0000,0.00312,0.21773,0.20969,0.31958,0.00282,0.00242,0.17682,0.21362,0.09358,0.00000,0.06963,0.46882
2026-09-13T20:55:24.892,1789307724.893,,1.6321,67.2,1500,8203,0.0,0xe0000,0.00311,0.21979,0.20673,0.32151,0.00282,0.00242,0.17400,0.05427,0.11970,0.00030,0.06599,0.46146
2026-09-13T20:55:25.920,1789307725.920,,1.7860,66.1,1500,8203,0.0,0xe0000,0.00307,0.22954,0.20673,0.37753,0.00282,0.00242,0.28549,0.05436,0.09482,0.00000,0.06839,0.46080
2026-09-13T20:55:26.947,1789307726.948,,1.6160,66.7,1500,8203,0.2,0xe0000,0.00302,0.22428,0.20566,0.32310,0.00241,0.00242,0.18325,0.05427,0.09115,0.00000,0.06532,0.46113
2026-09-13T20:55:27.975,1789307727.975,,1.4359,66.7,1500,8194,0.0,0xe0000,0.00297,0.21851,0.20781,0.32485,0.00241,0.00242,0.17742,0.04700,0.09346,0.00000,0.06539,0.29363
2026-09-13T20:55:29.003,1789307729.004,,1.9975,66.7,1500,8194,0.0,0xe0000,0.00302,0.27742,0.20781,0.32622,0.00342,0.00322,0.17999,0.00361,0.08233,0.00000,0.06654,0.84392
2026-09-13T20:55:30.030,1789307730.030,,1.8717,66.7,1500,8207,0.0,0xe0000,0.00302,0.21967,0.20868,0.32099,0.00282,0.00282,0.16718,0.00000,0.08436,0.00000,0.06582,0.79639
2026-09-13T20:55:31.056,1789307731.057,,1.8596,67.2,1500,8201,0.5,0xe0000,0.00297,0.21871,0.20747,0.32099,0.00281,0.00282,0.15098,0.00361,0.08786,0.00000,0.06528,0.79615
2026-09-13T20:55:32.086,1789307732.087,,1.8237,66.7,1600,8198,1.2,0xe0000,0.00316,0.21793,0.20767,0.32661,0.00282,0.00282,0.17647,0.23161,0.08835,0.00000,0.06978,0.49646
2026-09-13T20:55:33.113,1789307733.113,,1.7583,66.7,1500,8198,1.0,0xe0000,0.00311,0.21871,0.20733,0.31916,0.00261,0.00221,0.16704,0.21724,0.09352,0.00000,0.06592,0.46146
2026-09-13T20:55:34.139,1789307734.140,,1.7473,66.7,1500,8205,0.0,0xe0000,0.00321,0.21851,0.20774,0.31925,0.00322,0.00282,0.17732,0.20560,0.08864,0.00000,0.06658,0.45444
2026-09-13T20:55:35.166,1789307735.166,,1.7631,65.5,1500,8203,0.0,0xe0000,0.00312,0.21695,0.23395,0.31925,0.00302,0.00242,0.15802,0.20968,0.09060,0.00088,0.06411,0.46113
2026-09-13T20:55:36.192,1789307736.193,,1.8704,66.1,1500,8201,0.2,0xe0000,0.00297,0.30711,0.20840,0.31872,0.00241,0.00322,0.20311,0.21325,0.08508,0.00000,0.06535,0.46080
2026-09-13T20:55:37.219,1789307737.219,,1.5413,65.0,1500,8198,0.0,0xe0000,0.00302,0.22095,0.20767,0.32117,0.00241,0.00322,0.17068,0.00000,0.08562,0.00000,0.06592,0.46063
2026-09-13T20:55:38.245,1789307738.246,,1.5454,66.1,1500,8201,0.0,0xe0000,0.00317,0.22017,0.20660,0.31607,0.00241,0.00242,0.17390,0.00361,0.09189,0.00000,0.06976,0.45542
2026-09-13T20:55:39.373,1789307739.374,,1.6132,66.7,1500,8210,0.0,0xe0000,0.00321,0.22047,0.20875,0.32327,0.00241,0.00322,0.19011,0.04689,0.09054,0.00000,0.06973,0.45461
2026-09-13T20:55:40.399,1789307740.400,,1.5398,66.1,1500,8203,0.0,0xe0000,0.00297,0.21675,0.20916,0.31593,0.00282,0.00282,0.17410,0.00362,0.08940,0.00030,0.06779,0.45412
2026-09-13T20:55:41.426,1789307741.426,,1.5325,65.0,1500,8196,0.2,0xe0000,0.00311,0.21705,0.20896,0.32093,0.00282,0.00242,0.15767,0.00722,0.09174,0.00000,0.06596,0.45461
2026-09-13T20:55:42.453,1789307742.453,,1.9191,66.1,1600,8205,1.7,0xe0000,0.00307,0.21959,0.20618,0.37402,0.00282,0.00282,0.17682,0.20968,0.17330,0.00000,0.06817,0.48264
2026-09-13T20:55:43.480,1789307743.480,,1.7209,65.5,1500,8198,0.7,0xe0000,0.00297,0.21743,0.20927,0.32047,0.00282,0.00282,0.17361,0.19127,0.08191,0.00000,0.06406,0.45428
2026-09-13T20:55:44.506,1789307744.507,,1.7891,65.5,1500,8194,0.2,0xe0000,0.00302,0.21939,0.23096,0.31227,0.00282,0.00282,0.17336,0.20968,0.11421,0.00000,0.06665,0.45395
2026-09-13T20:55:45.533,1789307745.533,,1.6257,65.0,1500,8201,0.0,0xe0000,0.00316,0.21547,0.20840,0.32625,0.00402,0.00222,0.20214,0.05409,0.08608,0.00000,0.06969,0.45412
2026-09-13T20:55:46.559,1789307746.560,,1.7261,65.0,1500,8210,0.0,0xe0000,0.00312,0.21959,0.31312,0.31925,0.00241,0.00222,0.19972,0.05059,0.08898,0.00000,0.06597,0.46113
2026-09-13T20:55:47.586,1789307747.586,,1.5872,66.1,1500,8205,0.0,0xe0000,0.00297,0.21997,0.20781,0.32679,0.00241,0.00322,0.17672,0.04349,0.08429,0.00000,0.06540,0.45412
2026-09-13T20:55:48.613,1789307748.613,,1.5871,65.0,1500,8201,0.2,0xe0000,0.00312,0.21653,0.20584,0.31698,0.00241,0.00322,0.18019,0.05055,0.08756,0.00000,0.06661,0.45412
2026-09-13T20:55:49.640,1789307749.641,,1.6044,66.1,1500,8212,0.0,0xe0000,0.00311,0.21959,0.27888,0.32803,0.00402,0.00222,0.15115,0.01086,0.08591,0.00000,0.06590,0.45477
2026-09-13T20:55:50.667,1789307750.667,,1.5376,65.5,1500,8212,0.0,0xe0000,0.00302,0.21665,0.20847,0.32310,0.00241,0.00322,0.16075,0.01088,0.09075,0.00000,0.06406,0.45428
2026-09-13T20:55:51.693,1789307751.693,,1.5365,65.0,1500,8216,0.0,0xe0000,0.00316,0.22319,0.21863,0.31976,0.00241,0.00322,0.16052,0.00000,0.09033,0.00000,0.06784,0.44744
2026-09-13T20:55:52.721,1789307752.721,,1.8710,65.0,1500,8212,0.7,0xe0000,0.00302,0.21969,0.34002,0.32448,0.00261,0.00322,0.18741,0.19180,0.07236,0.00000,0.06526,0.46113
2026-09-13T20:55:53.749,1789307753.749,,1.7511,64.5,1500,8198,1.2,0xe0000,0.00316,0.22057,0.20875,0.31958,0.00241,0.00322,0.17687,0.20921,0.08704,0.00000,0.06597,0.45428
2026-09-13T20:55:54.776,1789307754.777,,1.7513,65.0,1500,8207,0.0,0xe0000,0.00297,0.21655,0.22066,0.31916,0.00261,0.00222,0.17395,0.20524,0.09664,0.00000,0.06407,0.44728
2026-09-13T20:55:55.803,1789307755.803,,1.8219,65.0,1500,8201,0.2,0xe0000,0.00287,0.21636,0.27949,0.31783,0.00241,0.00242,0.17707,0.20958,0.08600,0.00000,0.06640,0.46146
2026-09-13T20:55:56.829,1789307756.829,,1.6952,65.0,1500,8207,0.0,0xe0000,0.00307,0.21861,0.20875,0.31415,0.00281,0.00282,0.20956,0.13018,0.08447,0.00000,0.06597,0.45477
2026-09-13T20:55:57.856,1789307757.857,,1.5933,65.0,1500,8210,0.0,0xe0000,0.00297,0.21936,0.20788,0.31750,0.00261,0.00322,0.17732,0.05445,0.09455,0.00000,0.06603,0.44744
2026-09-13T20:55:58.884,1789307758.884,,1.6402,65.0,1500,8210,0.0,0xe0000,0.00302,0.21821,0.27823,0.31624,0.00282,0.00282,0.19938,0.00724,0.08456,0.00059,0.06596,0.46113
2026-09-13T20:55:59.911,1789307759.912,,1.5305,64.5,1500,8210,0.2,0xe0000,0.00306,0.21919,0.20660,0.32310,0.00282,0.00282,0.17063,0.00000,0.08704,0.00000,0.06782,0.44744
2026-09-13T20:56:01.039,1789307761.039,,1.5415,65.0,1500,8210,0.2,0xe0000,0.00316,0.21343,0.20733,0.32448,0.00322,0.00322,0.18075,0.00723,0.08456,0.00000,0.06603,0.44808
2026-09-13T20:56:02.070,1789307762.071,,3.1167,64.5,1500,8210,0.0,0xe0000,0.00306,0.21851,0.20612,0.32803,0.00322,0.00242,0.17667,0.00000,0.08698,0.00000,0.07042,2.02131
2026-09-13T20:56:03.098,1789307763.098,,1.7940,66.1,1700,8212,1.2,0xe0000,0.00297,0.21919,0.20934,0.32836,0.00241,0.00242,0.15758,0.21277,0.08937,0.00000,0.06651,0.50310
2026-09-13T20:56:04.124,1789307764.125,,1.7405,65.5,1500,8205,1.0,0xe0000,0.00306,0.21811,0.22504,0.31916,0.00322,0.00242,0.17044,0.19161,0.08672,0.00000,0.06656,0.45412
2026-09-13T20:56:05.151,1789307765.151,,1.7741,63.9,1500,8201,0.0,0xe0000,0.00312,0.21693,0.20816,0.32448,0.00241,0.00282,0.19938,0.21544,0.08611,0.00000,0.06782,0.44744
2026-09-13T20:56:06.177,1789307766.178,,1.5997,64.5,1500,8198,0.0,0xe0000,0.00311,0.21851,0.20875,0.32803,0.00282,0.00282,0.17677,0.05439,0.08614,0.00059,0.07033,0.44744
2026-09-13T20:56:07.204,1789307767.204,,1.7479,65.5,1500,8201,0.2,0xe0000,0.00302,0.22496,0.20691,0.32099,0.00241,0.00242,0.17054,0.21000,0.09485,0.00000,0.06417,0.44760
2026-09-13T20:56:08.230,1789307768.231,,1.8997,63.9,1500,8198,0.0,0xe0000,0.00311,0.21783,0.33991,0.32564,0.00282,0.00222,0.19966,0.20581,0.08373,0.00000,0.06417,0.45477
2026-09-13T20:56:09.257,1789307769.257,,1.7609,64.5,1500,8201,0.0,0xe0000,0.00302,0.21705,0.20747,0.31750,0.00262,0.00242,0.17039,0.23807,0.09075,0.00000,0.06407,0.44760
2026-09-13T20:56:10.283,1789307770.283,,1.7305,65.0,1500,8201,0.0,0xe0000,0.00297,0.21636,0.21900,0.32679,0.00281,0.00282,0.16429,0.18818,0.09225,0.00000,0.06777,0.44728
2026-09-13T20:56:11.309,1789307771.310,,1.5390,65.0,1500,8203,0.2,0xe0000,0.00312,0.21929,0.20733,0.32271,0.00262,0.00222,0.17044,0.00721,0.09327,0.00000,0.06340,0.44744
2026-09-13T20:56:12.336,1789307772.336,,1.5767,63.9,1500,8198,0.2,0xe0000,0.00311,0.24381,0.20740,0.32093,0.00322,0.00322,0.18642,0.00724,0.08809,0.00000,0.06596,0.44728
2026-09-13T20:56:13.362,1789307773.363,,1.9027,63.9,1500,8207,1.0,0xe0000,0.00297,0.21869,0.27897,0.32643,0.00282,0.00282,0.25084,0.20921,0.08551,0.00000,0.07033,0.45412
2026-09-13T20:56:14.392,1789307774.392,,1.7890,65.5,1500,8196,1.0,0xe0000,0.00311,0.22085,0.20767,0.32093,0.00402,0.00242,0.21843,0.21330,0.08477,0.00000,0.06589,0.44760
2026-09-13T20:56:15.418,1789307775.419,,1.7212,63.9,1500,8194,0.0,0xe0000,0.00307,0.21939,0.20733,0.31925,0.00281,0.00282,0.17361,0.20200,0.08611,0.00000,0.06417,0.44060
2026-09-13T20:56:16.445,1789307776.445,,1.9188,63.9,1500,8201,0.2,0xe0000,0.00306,0.22017,0.33946,0.32625,0.00261,0.00483,0.19922,0.20942,0.09513,0.00000,0.06392,0.45477
2026-09-13T20:56:17.471,1789307777.472,,1.7146,63.4,1500,8192,0.0,0xe0000,0.00297,0.21881,0.20889,0.31800,0.00281,0.00282,0.16479,0.20628,0.07567,0.00000,0.06530,0.44824
2026-09-13T20:56:18.498,1789307778.498,,1.5230,63.9,1500,8198,0.0,0xe0000,0.00297,0.22017,0.20660,0.32335,0.00282,0.00282,0.16996,0.00000,0.08716,0.00000,0.06589,0.44124
2026-09-13T20:56:19.524,1789307779.524,,1.5371,64.5,1500,8196,0.2,0xe0000,0.00297,0.21919,0.20996,0.31941,0.00282,0.00282,0.18330,0.00000,0.08611,0.00000,0.06291,0.44760
2026-09-13T20:56:20.550,1789307780.551,,1.5276,63.4,1500,8214,0.0,0xe0000,0.00312,0.21959,0.20591,0.32151,0.00241,0.00322,0.15833,0.00361,0.09453,0.00000,0.06727,0.44808
2026-09-13T20:56:21.577,1789307781.577,,1.6128,64.5,1500,8203,0.2,0xe0000,0.00312,0.21841,0.27930,0.31976,0.00241,0.00484,0.17687,0.01087,0.08324,0.00000,0.06592,0.44808
2026-09-13T20:56:22.603,1789307782.604,,1.5376,65.0,1500,8205,0.0,0xe0000,0.00311,0.21811,0.20882,0.32625,0.00262,0.00242,0.17672,0.00000,0.08492,0.00000,0.06720,0.44744
2026-09-13T20:56:23.630,1789307783.630,,1.7736,63.9,1500,8210,1.0,0xe0000,0.00312,0.22017,0.20660,0.31958,0.00282,0.00242,0.17682,0.24246,0.08402,0.00000,0.06782,0.44776
2026-09-13T20:56:24.659,1789307784.660,,1.7577,65.0,1500,8192,1.5,0xe0000,0.00316,0.21929,0.20781,0.31958,0.00241,0.00483,0.18325,0.20989,0.09675,0.00000,0.06965,0.44108
2026-09-13T20:56:25.685,1789307785.686,,1.8175,63.9,1500,8205,0.2,0xe0000,0.00302,0.30705,0.20760,0.32448,0.00402,0.00242,0.17087,0.18396,0.09694,0.00000,0.06715,0.45001
2026-09-13T20:56:26.712,1789307786.712,,1.5706,63.4,1500,8207,0.2,0xe0000,0.00307,0.22007,0.22188,0.31750,0.00322,0.00242,0.17336,0.02893,0.09011,0.00000,0.06978,0.44029
2026-09-13T20:56:27.738,1789307787.739,,1.5857,63.4,1500,8214,0.0,0xe0000,0.00312,0.21919,0.20854,0.32661,0.00241,0.00242,0.17395,0.06132,0.07952,0.00000,0.06786,0.44076
2026-09-13T20:56:28.766,1789307788.766,,1.7347,63.9,1500,8205,0.2,0xe0000,0.00307,0.22153,0.20684,0.32047,0.00282,0.00242,0.19700,0.18752,0.08826,0.00000,0.06404,0.44076
2026-09-13T20:56:29.792,1789307789.793,,1.7943,63.4,1500,8203,0.0,0xe0000,0.00311,0.21773,0.20875,0.31750,0.00302,0.00242,0.25056,0.19166,0.08911,0.00000,0.06971,0.44076
2026-09-13T20:56:30.819,1789307790.819,,1.6488,63.4,1500,8207,0.0,0xe0000,0.00287,0.21831,0.20747,0.32485,0.00241,0.00322,0.17380,0.00362,0.07657,0.00000,0.06725,0.56846
2026-09-13T20:56:31.846,1789307791.846,,1.7330,62.8,1500,8203,0.0,0xe0000,0.00297,0.21783,0.20605,0.31942,0.00281,0.00282,0.17371,0.20953,0.09081,0.00000,0.06596,0.44108
2026-09-13T20:56:32.873,1789307792.874,,1.8373,63.9,1500,8214,0.0,0xe0000,0.00297,0.21655,0.27888,0.32448,0.00322,0.00282,0.19938,0.21757,0.08611,0.00000,0.06409,0.44124
2026-09-13T20:56:33.900,1789307793.900,,1.7397,63.4,1500,8205,0.5,0xe0000,0.00297,0.21695,0.21995,0.31958,0.00282,0.00282,0.17385,0.20932,0.08274,0.00000,0.06702,0.44171
2026-09-13T20:56:34.926,1789307794.927,,1.7178,63.4,1500,8201,2.9,0xe0000,0.00302,0.21705,0.21914,0.32134,0.00242,0.00242,0.15497,0.20628,0.08390,0.00030,0.06637,0.44060
2026-09-13T20:56:35.954,1789307795.954,,1.7202,63.9,1500,8212,0.0,0xe0000,0.00292,0.21811,0.20733,0.32803,0.00402,0.00242,0.17351,0.20648,0.07057,0.00000,0.06592,0.44092
2026-09-13T20:56:36.981,1789307796.982,,1.5288,63.4,1500,8212,0.0,0xe0000,0.00302,0.21831,0.20875,0.31925,0.00282,0.00242,0.17346,0.00724,0.08594,0.00000,0.06601,0.44155
2026-09-13T20:56:38.011,1789307798.012,,1.8863,63.4,1500,8214,0.2,0xe0000,0.00311,0.21861,0.20868,0.31925,0.00261,0.00484,0.17054,0.01087,0.11520,0.00000,0.06715,0.76546
2026-09-13T20:56:39.038,1789307799.038,,1.8821,63.9,1500,8205,0.0,0xe0000,0.00312,0.21939,0.23158,0.33335,0.00322,0.00322,0.15740,0.00724,0.08492,0.00000,0.06589,0.77273
2026-09-13T20:56:40.064,1789307800.065,,2.0769,62.8,1500,8205,0.5,0xe0000,0.00302,0.22434,0.20806,0.32271,0.00261,0.00242,0.19938,0.19542,0.08269,0.00000,0.06400,0.77227
2026-09-13T20:56:41.094,1789307801.095,,1.8020,63.4,1500,8207,0.0,0xe0000,0.00312,0.26743,0.20948,0.31576,0.00402,0.00242,0.18942,0.21713,0.08277,0.00000,0.06969,0.44076
2026-09-13T20:56:42.121,1789307802.121,,1.5468,62.8,1500,8205,0.2,0xe0000,0.00316,0.21851,0.21055,0.32099,0.00241,0.00483,0.15749,0.05065,0.07625,0.00000,0.06724,0.43471
2026-09-13T20:56:43.147,1789307803.148,,1.6104,63.9,1500,8205,0.0,0xe0000,0.00306,0.22037,0.20767,0.32349,0.00282,0.00222,0.20260,0.05422,0.08628,0.00000,0.06660,0.44108
2026-09-13T20:56:44.174,1789307804.174,,1.7558,63.4,1500,7526,0.7,0xe0000,0.00307,0.21939,0.20840,0.32274,0.00322,0.00483,0.16107,0.23161,0.09374,0.00030,0.06603,0.44139
2026-09-13T20:56:45.200,1789307805.201,,1.7098,62.8,1500,6492,1.0,0xe0000,0.00311,0.21939,0.20767,0.32271,0.00282,0.00242,0.17371,0.18818,0.08432,0.00000,0.06421,0.44124
2026-09-13T20:56:46.227,1789307806.227,,1.8706,63.4,1500,6364,0.0,0xe0000,0.00302,0.21693,0.20719,0.36809,0.00262,0.00242,0.28878,0.19527,0.08713,0.00000,0.06526,0.43393
2026-09-13T20:56:47.254,1789307807.255,,1.5351,62.8,1500,6329,0.0,0xe0000,0.00307,0.21959,0.20799,0.32980,0.00282,0.00222,0.18952,0.00362,0.07825,0.00000,0.06427,0.43393
2026-09-13T20:56:48.281,1789307808.281,,1.6760,63.9,1500,6343,0.2,0xe0000,0.00311,0.26845,0.20767,0.31698,0.00262,0.00322,0.15744,0.00000,0.09650,0.00000,0.06547,0.55449
2026-09-13T20:56:49.307,1789307809.307,,1.6490,62.8,1500,6333,0.0,0xe0000,0.00312,0.21889,0.23288,0.31768,0.00241,0.00242,0.23535,0.04712,0.09020,0.00000,0.06419,0.43471
2026-09-13T20:56:50.334,1789307810.335,,1.5402,62.8,1500,6339,0.0,0xe0000,0.00317,0.21773,0.20552,0.31925,0.00261,0.00242,0.15744,0.05066,0.08266,0.00000,0.06422,0.43455
2026-09-13T20:56:51.362,1789307811.362,,1.5835,62.8,1500,6338,0.2,0xe0000,0.00311,0.21859,0.20444,0.31942,0.00241,0.00201,0.18029,0.05770,0.09195,0.00089,0.06797,0.43471
2026-09-13T20:56:52.388,1789307812.389,,1.7203,62.8,1500,6353,0.0,0xe0000,0.00307,0.21773,0.27995,0.32803,0.00402,0.00242,0.22807,0.05436,0.09460,0.00000,0.06667,0.44139
2026-09-13T20:56:53.415,1789307813.415,,1.5670,63.4,1500,6351,0.0,0xe0000,0.00316,0.21763,0.20660,0.32564,0.00282,0.00242,0.16401,0.05424,0.08313,0.00030,0.06615,0.44092
2026-09-13T20:56:54.441,1789307814.442,,1.5845,62.8,1500,6349,0.2,0xe0000,0.00312,0.21861,0.20625,0.31576,0.00262,0.00483,0.18019,0.06506,0.08762,0.00000,0.06604,0.43439
2026-09-13T20:56:55.468,1789307815.468,,1.7025,63.4,1500,6364,2.0,0xe0000,0.00316,0.21539,0.21951,0.32271,0.00322,0.00322,0.17087,0.17345,0.08895,0.00029,0.06784,0.43393
2026-09-13T20:56:56.494,1789307816.495,,1.7169,63.9,1500,6370,0.0,0xe0000,0.00331,0.22095,0.21010,0.32271,0.00402,0.00222,0.18320,0.18031,0.08898,0.00059,0.06608,0.43439
2026-09-13T20:56:57.521,1789307817.521,,1.6949,62.8,1500,6353,0.2,0xe0000,0.00297,0.21841,0.21024,0.32387,0.00282,0.00282,0.18351,0.17719,0.07200,0.00000,0.06651,0.43455
2026-09-13T20:56:58.548,1789307818.548,,1.8495,63.9,1500,6369,0.0,0xe0000,0.00311,0.29343,0.20767,0.33626,0.00241,0.00322,0.20903,0.20968,0.08515,0.00000,0.06596,0.43361
2026-09-13T20:56:59.575,1789307819.576,,1.5665,62.8,1500,6380,0.0,0xe0000,0.00312,0.21871,0.20465,0.32271,0.00322,0.00483,0.17030,0.04701,0.08996,0.00059,0.06672,0.43471
2026-09-13T20:57:00.602,1789307820.602,,1.5961,63.4,1500,6376,0.0,0xe0000,0.00307,0.21929,0.20673,0.32634,0.00282,0.00322,0.17107,0.06147,0.09554,0.00000,0.06606,0.44044
2026-09-13T20:57:01.628,1789307821.629,,1.5495,63.9,1500,6376,0.2,0xe0000,0.00302,0.21558,0.20767,0.31607,0.00282,0.00282,0.15449,0.05799,0.08477,0.00000,0.06976,0.43455
2026-09-13T20:57:02.656,1789307822.656,,1.5678,62.8,1500,6376,0.0,0xe0000,0.00302,0.21617,0.21162,0.32448,0.00241,0.00222,0.17361,0.04703,0.08498,0.00000,0.06768,0.43455
2026-09-13T20:57:03.683,1789307823.684,,1.5278,62.8,1500,6378,0.0,0xe0000,0.00307,0.21967,0.20660,0.32625,0.00322,0.00282,0.17672,0.00000,0.08823,0.00000,0.06667,0.43455
2026-09-13T20:57:04.710,1789307824.711,,1.5156,62.8,1500,6384,0.0,0xe0000,0.00306,0.21861,0.20955,0.32274,0.00241,0.00242,0.17054,0.00000,0.08884,0.00000,0.06353,0.43393
2026-09-13T20:57:05.738,1789307825.738,,1.7115,62.8,1500,6376,2.4,0xe0000,0.00311,0.22173,0.20875,0.32099,0.00262,0.00322,0.18004,0.18813,0.08404,0.00000,0.06416,0.43471
2026-09-13T20:57:06.765,1789307826.766,,1.7974,63.4,1500,6387,0.0,0xe0000,0.00302,0.30223,0.20868,0.32803,0.00241,0.00242,0.17366,0.19839,0.08382,0.00000,0.06668,0.42802
2026-09-13T20:57:07.792,1789307827.792,,1.7377,62.2,1500,6392,0.5,0xe0000,0.00311,0.21929,0.21900,0.32271,0.00282,0.00242,0.17429,0.20669,0.08876,0.00000,0.06422,0.43439
2026-09-13T20:57:08.818,1789307828.819,,1.5663,63.4,1500,6393,0.0,0xe0000,0.00312,0.21881,0.20733,0.31958,0.00241,0.00222,0.15753,0.06524,0.08307,0.00000,0.06604,0.44092
2026-09-13T20:57:09.845,1789307829.845,,1.5533,62.2,1500,6400,0.0,0xe0000,0.00297,0.21967,0.20719,0.32387,0.00282,0.00322,0.17097,0.04712,0.08385,0.00000,0.06360,0.42802
2026-09-13T20:57:10.872,1789307830.872,,1.5663,62.8,1500,6393,0.0,0xe0000,0.00307,0.21695,0.20673,0.32448,0.00261,0.00483,0.17044,0.05066,0.08724,0.00030,0.06422,0.43471
2026-09-13T20:57:11.899,1789307831.900,,1.5810,62.8,1500,6403,0.5,0xe0000,0.00306,0.22261,0.20809,0.32093,0.00322,0.00322,0.18009,0.04700,0.08827,0.00000,0.06984,0.43471
2026-09-13T20:57:12.927,1789307832.927,,1.5061,62.2,1500,6391,0.0,0xe0000,0.00287,0.22017,0.20504,0.32099,0.00261,0.00322,0.16387,0.00361,0.08346,0.00000,0.06603,0.43424
2026-09-13T20:57:13.954,1789307833.955,,1.5671,62.8,1500,6400,0.0,0xe0000,0.00307,0.21568,0.21041,0.32503,0.00282,0.00282,0.23265,0.00361,0.06662,0.00000,0.06980,0.43455
2026-09-13T20:57:14.982,1789307834.982,,1.5185,62.2,1500,6396,0.0,0xe0000,0.00302,0.21831,0.20712,0.31958,0.00242,0.00242,0.17687,0.00000,0.08800,0.00030,0.06604,0.43439
2026-09-13T20:57:16.009,1789307836.010,,2.2331,63.4,1500,6380,2.7,0xe0000,0.00316,0.21695,0.34521,0.32803,0.00261,0.00483,0.19295,0.21713,0.08233,0.00000,0.06718,0.77273
2026-09-13T20:57:17.036,1789307837.036,,2.0429,62.8,1500,6377,0.2,0xe0000,0.00331,0.21821,0.20639,0.32563,0.00322,0.00322,0.15776,0.21325,0.08841,0.00000,0.06711,0.75635
2026-09-13T20:57:18.063,1789307838.064,,1.9372,63.4,1500,6381,0.0,0xe0000,0.00302,0.21861,0.20767,0.32918,0.00402,0.00242,0.19617,0.05428,0.09018,0.00000,0.06667,0.76500
2026-09-13T20:57:19.093,1789307839.094,,1.5548,62.8,1500,6393,0.0,0xe0000,0.00297,0.21861,0.20584,0.31739,0.00322,0.00282,0.17366,0.04701,0.07655,0.00000,0.06549,0.44124
2026-09-13T20:57:20.120,1789307840.120,,1.5610,63.4,1500,6377,0.0,0xe0000,0.00311,0.21851,0.20660,0.31916,0.00262,0.00242,0.16713,0.05434,0.09542,0.00000,0.06414,0.42756
2026-09-13T20:57:21.146,1789307841.147,,1.5335,62.2,1500,6384,0.2,0xe0000,0.00297,0.22553,0.21885,0.32151,0.00241,0.00242,0.17049,0.00361,0.08534,0.00059,0.06542,0.43439
2026-09-13T20:57:22.172,1789307842.173,,1.7956,62.8,1500,6392,0.2,0xe0000,0.00312,0.21695,0.27869,0.37590,0.00261,0.00483,0.32654,0.00000,0.09494,0.00000,0.06412,0.42786
2026-09-13T20:57:23.199,1789307843.199,,1.5391,62.8,1500,6393,0.0,0xe0000,0.00317,0.21891,0.20788,0.31401,0.00262,0.00322,0.20254,0.00000,0.08602,0.00000,0.06606,0.43471
2026-09-13T20:57:24.225,1789307844.226,,1.4864,62.8,1500,6391,0.0,0xe0000,0.00302,0.21811,0.20712,0.31418,0.00241,0.00222,0.15493,0.00000,0.08368,0.00000,0.06665,0.43408
2026-09-13T20:57:25.252,1789307845.252,,1.5737,62.8,1500,6384,0.0,0xe0000,0.00311,0.21733,0.21270,0.32803,0.00241,0.00242,0.16079,0.05422,0.08973,0.00000,0.06844,0.43455
2026-09-13T20:57:26.278,1789307846.279,,1.7577,62.8,1500,6365,2.2,0xe0000,0.00312,0.27104,0.20875,0.31227,0.00282,0.00242,0.15436,0.20989,0.08895,0.00000,0.06984,0.43424
2026-09-13T20:57:27.305,1789307847.305,,1.8188,63.4,1500,6380,0.2,0xe0000,0.00307,0.21987,0.21104,0.32274,0.00241,0.00282,0.25070,0.21303,0.09067,0.00000,0.06788,0.43455
2026-09-13T20:57:28.331,1789307848.332,,1.5534,62.8,1500,6387,0.2,0xe0000,0.00297,0.21744,0.20875,0.32093,0.00322,0.00242,0.16102,0.05052,0.08844,0.00000,0.06978,0.42786
2026-09-13T20:57:29.358,1789307849.358,,1.5917,62.8,1500,6388,0.0,0xe0000,0.00307,0.21889,0.20875,0.31750,0.00241,0.00322,0.19933,0.04694,0.09084,0.00000,0.06609,0.43471
2026-09-13T20:57:30.384,1789307850.384,,1.5077,62.8,1500,6385,0.2,0xe0000,0.00311,0.22037,0.20660,0.32625,0.00282,0.00242,0.17449,0.00000,0.07607,0.00000,0.06804,0.42756
2026-09-13T20:57:31.410,1789307851.411,,1.7147,61.7,1500,6399,0.0,0xe0000,0.00307,0.24593,0.20781,0.31925,0.00322,0.00322,0.17044,0.18076,0.08922,0.00000,0.06417,0.42756
2026-09-13T20:57:32.437,1789307852.437,,1.6864,62.8,1500,6382,0.0,0xe0000,0.00302,0.22075,0.21003,0.32803,0.00262,0.00322,0.16694,0.18415,0.06994,0.00000,0.06969,0.42802
2026-09-13T20:57:33.463,1789307853.464,,1.7197,62.8,1500,6395,0.0,0xe0000,0.00302,0.21979,0.23288,0.31783,0.00241,0.00242,0.17035,0.18776,0.08870,0.00030,0.06665,0.42756
2026-09-13T20:57:34.490,1789307854.490,,1.5792,62.2,1500,6395,0.0,0xe0000,0.00321,0.22173,0.20691,0.32099,0.00261,0.00242,0.18377,0.05059,0.08919,0.00000,0.06980,0.42802
2026-09-13T20:57:35.516,1789307855.516,,1.5508,61.7,1500,6393,0.2,0xe0000,0.00312,0.21901,0.20625,0.31925,0.00261,0.00222,0.17366,0.04701,0.08410,0.00030,0.06542,0.42786
2026-09-13T20:57:36.542,1789307856.543,,1.7154,61.1,1500,6395,2.2,0xe0000,0.00306,0.21871,0.20767,0.31768,0.00282,0.00242,0.17772,0.20200,0.08285,0.00000,0.06597,0.43455
2026-09-13T20:57:37.569,1789307857.569,,1.7111,62.2,1500,6397,0.0,0xe0000,0.00307,0.21861,0.20840,0.32625,0.00242,0.00242,0.17999,0.18818,0.07727,0.00029,0.06969,0.43455
2026-09-13T20:57:38.595,1789307858.596,,1.5798,61.7,1500,6388,0.0,0xe0000,0.00312,0.21929,0.20976,0.32099,0.00262,0.00322,0.16732,0.06158,0.08812,0.00000,0.06969,0.43408
2026-09-13T20:57:39.622,1789307859.622,,1.5154,62.2,1500,6400,0.0,0xe0000,0.00302,0.21773,0.21914,0.32093,0.00242,0.00222,0.15758,0.00000,0.09115,0.00000,0.06670,0.43455
2026-09-13T20:57:40.649,1789307860.649,,1.5363,62.2,1500,6387,0.2,0xe0000,0.00306,0.21871,0.22836,0.32271,0.00322,0.00222,0.17390,0.00000,0.08841,0.00000,0.06788,0.42786
2026-09-13T20:57:41.676,1789307861.677,,1.5189,62.8,1500,6411,0.0,0xe0000,0.00297,0.21919,0.20660,0.32271,0.00241,0.00222,0.17336,0.00361,0.09164,0.00000,0.06604,0.42817
2026-09-13T20:57:42.703,1789307862.703,,1.5282,62.8,1500,6415,0.0,0xe0000,0.00307,0.22044,0.20598,0.32279,0.00242,0.00322,0.20000,0.00000,0.08521,0.00000,0.06419,0.42088
2026-09-13T20:57:43.730,1789307863.731,,1.7482,62.2,1500,6414,0.0,0xe0000,0.00311,0.21967,0.20625,0.32271,0.00262,0.00322,0.20657,0.20607,0.08404,0.00000,0.06667,0.42725
2026-09-13T20:57:44.758,1789307864.758,,1.7056,60.6,1500,6395,0.2,0xe0000,0.00302,0.21939,0.20948,0.32093,0.00322,0.00322,0.15802,0.20974,0.08432,0.00000,0.06668,0.42756
2026-09-13T20:57:45.784,1789307865.784,,1.6366,62.2,1500,6388,0.0,0xe0000,0.00297,0.29421,0.20875,0.32093,0.00242,0.00222,0.16723,0.05411,0.08332,0.00000,0.06604,0.43439
2026-09-13T20:57:46.811,1789307866.812,,1.7233,61.7,1500,6393,2.2,0xe0000,0.00302,0.21803,0.20673,0.31750,0.00262,0.00322,0.18055,0.20628,0.08898,0.00000,0.06852,0.42786
2026-09-13T20:57:47.839,1789307867.839,,1.6722,61.7,1500,6377,0.0,0xe0000,0.00311,0.21461,0.20625,0.32038,0.00282,0.00242,0.17025,0.18054,0.08478,0.00000,0.06590,0.42118
2026-09-13T20:57:48.866,1789307868.867,,1.5039,61.1,1500,6388,0.0,0xe0000,0.00307,0.21891,0.21076,0.31750,0.00322,0.00322,0.16401,0.00000,0.08291,0.00000,0.06603,0.43424
2026-09-13T20:57:49.894,1789307869.894,,1.6977,60.0,1500,6404,0.2,0xe0000,0.00311,0.21929,0.20673,0.38310,0.00261,0.00323,0.28565,0.01443,0.08608,0.00000,0.06596,0.42756
2026-09-13T20:57:50.921,1789307870.921,,1.5440,60.6,1500,6396,0.0,0xe0000,0.00321,0.24348,0.20733,0.32271,0.00261,0.00483,0.17030,0.00000,0.08829,0.00000,0.06665,0.43455
2026-09-13T20:57:51.948,1789307871.949,,1.5691,61.1,1500,6408,0.0,0xe0000,0.00312,0.21607,0.21055,0.32271,0.00262,0.00322,0.18075,0.05066,0.08611,0.00000,0.06604,0.42725
2026-09-13T20:57:52.976,1789307872.976,,1.5632,62.2,1500,6417,0.2,0xe0000,0.00297,0.22044,0.21807,0.31513,0.00282,0.00222,0.17687,0.05436,0.07745,0.00000,0.06549,0.42740
2026-09-13T20:57:54.007,1789307874.008,,1.8979,62.2,1500,6411,0.2,0xe0000,0.00311,0.21783,0.20767,0.32803,0.00261,0.00242,0.18034,0.05427,0.08934,0.00000,0.06347,0.74884
2026-09-13T20:57:55.034,1789307875.035,,1.8908,61.7,1500,6395,0.0,0xe0000,0.00297,0.21695,0.20982,0.32625,0.00282,0.00222,0.17410,0.05434,0.07907,0.00000,0.06526,0.75703
2026-09-13T20:57:56.061,1789307876.061,,1.8511,62.8,1500,6392,0.0,0xe0000,0.00297,0.21861,0.20653,0.32274,0.00262,0.00242,0.18398,0.00000,0.08719,0.00000,0.06768,0.75635
2026-09-13T20:57:57.088,1789307877.089,,1.6715,61.7,1500,6380,2.4,0xe0000,0.00312,0.21529,0.20982,0.31811,0.00282,0.00242,0.17044,0.17009,0.08800,0.00000,0.06412,0.42725
2026-09-13T20:57:58.115,1789307878.115,,1.6808,62.2,1500,6380,0.0,0xe0000,0.00311,0.21929,0.20767,0.32271,0.00402,0.00222,0.16713,0.17750,0.08189,0.00030,0.06725,0.42771
2026-09-13T20:57:59.141,1789307879.142,,1.6885,62.8,1500,6385,0.0,0xe0000,0.00312,0.21731,0.20719,0.32634,0.00262,0.00483,0.16378,0.18433,0.08492,0.00000,0.06606,0.42802
2026-09-13T20:58:00.168,1789307880.168,,1.7368,62.2,1500,6388,0.5,0xe0000,0.00311,0.22085,0.21198,0.32099,0.00262,0.00322,0.18741,0.20602,0.08324,0.00000,0.06903,0.42833
2026-09-13T20:58:01.194,1789307881.195,,1.5083,62.2,1500,6388,0.2,0xe0000,0.00302,0.21841,0.20573,0.32210,0.00282,0.00242,0.17677,0.00000,0.08481,0.00000,0.06421,0.42802
2026-09-13T20:58:02.221,1789307882.221,,1.7997,62.2,1700,6393,2.4,0xe0000,0.00307,0.21851,0.20854,0.32099,0.00241,0.00222,0.19595,0.20581,0.09472,0.00000,0.06599,0.48152
2026-09-13T20:58:03.247,1789307883.248,,1.7177,62.2,1500,6397,0.0,0xe0000,0.00302,0.21861,0.20660,0.33060,0.00282,0.00222,0.17687,0.19904,0.08274,0.00000,0.06791,0.42725
2026-09-13T20:58:04.274,1789307884.274,,1.5435,62.2,1500,6388,0.0,0xe0000,0.00311,0.21537,0.20653,0.32704,0.00282,0.00222,0.16419,0.05063,0.08233,0.00000,0.06795,0.42133
2026-09-13T20:58:05.300,1789307885.301,,1.5984,62.8,1500,6399,0.2,0xe0000,0.00311,0.22065,0.22237,0.31925,0.00261,0.00242,0.17687,0.05796,0.08973,0.00000,0.06907,0.43439
2026-09-13T20:58:06.327,1789307886.327,,1.6095,61.7,1500,6410,0.5,0xe0000,0.00302,0.27014,0.20875,0.32151,0.00242,0.00201,0.17366,0.00362,0.09563,0.00000,0.06731,0.46146
2026-09-13T20:58:07.354,1789307887.355,,1.7976,62.2,1500,6396,2.4,0xe0000,0.00311,0.21627,0.28182,0.32625,0.00241,0.00242,0.19295,0.17693,0.09115,0.00000,0.06978,0.43455
2026-09-13T20:58:08.381,1789307888.381,,1.6794,61.7,1500,6407,0.2,0xe0000,0.00307,0.21959,0.20680,0.32271,0.00322,0.00483,0.15758,0.18054,0.08756,0.00000,0.06592,0.42756
2026-09-13T20:58:09.408,1789307889.408,,1.5652,62.2,1500,6408,0.0,0xe0000,0.00307,0.21753,0.20584,0.32134,0.00241,0.00242,0.17697,0.05799,0.09129,0.00000,0.06547,0.42088
2026-09-13T20:58:10.435,1789307890.436,,1.5535,61.1,1500,6399,0.0,0xe0000,0.00312,0.21665,0.20552,0.32625,0.00262,0.00242,0.16718,0.05420,0.08285,0.00059,0.06421,0.42786
2026-09-13T20:58:11.463,1789307891.463,,1.6964,62.2,1500,6399,0.0,0xe0000,0.00312,0.21703,0.20639,0.31925,0.00261,0.00222,0.17356,0.20200,0.08566,0.00000,0.06417,0.42042
2026-09-13T20:58:12.489,1789307892.490,,1.8277,60.6,1500,6397,0.0,0xe0000,0.00307,0.22183,0.28126,0.32099,0.00261,0.00242,0.20599,0.21330,0.07607,0.00030,0.06596,0.43393
2026-09-13T20:58:13.516,1789307893.516,,1.5161,61.7,1500,6408,0.2,0xe0000,0.00302,0.22027,0.22007,0.31925,0.00261,0.00242,0.17356,0.00000,0.08148,0.00000,0.06616,0.42725
2026-09-13T20:58:14.542,1789307894.543,,1.4942,61.1,1500,6407,0.0,0xe0000,0.00311,0.22095,0.20673,0.32625,0.00402,0.00242,0.15093,0.00723,0.08574,0.00000,0.06545,0.42133
2026-09-13T20:58:15.568,1789307895.569,,1.5488,62.2,1500,6410,0.0,0xe0000,0.00302,0.21899,0.20889,0.31750,0.00261,0.00483,0.20891,0.00000,0.09143,0.00000,0.06471,0.42786
2026-09-13T20:58:16.595,1789307896.595,,1.5032,61.7,1500,6402,0.2,0xe0000,0.00321,0.21959,0.20444,0.32271,0.00322,0.00322,0.17351,0.00361,0.08277,0.00000,0.06604,0.42088
2026-09-13T20:58:17.622,1789307897.623,,1.7295,61.7,1500,6404,2.2,0xe0000,0.00297,0.22075,0.20840,0.32803,0.00261,0.00322,0.19689,0.18776,0.08518,0.00000,0.06596,0.42771
2026-09-13T20:58:18.650,1789307898.650,,1.7170,61.1,1500,6407,0.2,0xe0000,0.00312,0.21666,0.20639,0.32038,0.00282,0.00242,0.17772,0.21692,0.08580,0.00000,0.06411,0.42073
2026-09-13T20:58:19.676,1789307899.677,,1.7232,61.7,1500,6407,0.0,0xe0000,0.00302,0.21936,0.20916,0.32503,0.00241,0.00222,0.17039,0.20958,0.08614,0.00177,0.06609,0.42802
2026-09-13T20:58:20.703,1789307900.703,,1.8057,61.7,1500,6411,0.0,0xe0000,0.00302,0.21881,0.28252,0.32271,0.00322,0.00222,0.18699,0.06504,0.08733,0.00000,0.06542,0.56846
2026-09-13T20:58:21.729,1789307901.730,,1.5864,60.6,1500,6410,0.0,0xe0000,0.00312,0.22163,0.21914,0.32741,0.00282,0.00222,0.17351,0.05424,0.08823,0.00000,0.06608,0.42802
2026-09-13T20:58:22.758,1789307902.758,,1.5441,61.1,1500,6411,0.0,0xe0000,0.00312,0.21539,0.21055,0.31688,0.00241,0.00322,0.16713,0.04690,0.08648,0.00089,0.06978,0.42133
2026-09-13T20:58:23.784,1789307903.785,,1.6984,62.2,1500,6407,0.2,0xe0000,0.00312,0.23266,0.21649,0.31916,0.00322,0.00483,0.15753,0.18081,0.09567,0.00000,0.06355,0.42133
2026-09-13T20:58:24.811,1789307904.811,,1.8587,61.1,1500,6407,0.0,0xe0000,0.00312,0.22027,0.33268,0.33095,0.00262,0.00322,0.18678,0.18429,0.08739,0.00000,0.06601,0.44139
2026-09-13T20:58:25.837,1789307905.837,,1.6725,60.6,1500,6411,0.0,0xe0000,0.00307,0.21831,0.20840,0.32643,0.00241,0.00242,0.16039,0.18031,0.08362,0.00000,0.06661,0.42058
2026-09-13T20:58:26.863,1789307906.864,,1.6815,61.1,1500,6410,0.0,0xe0000,0.00302,0.22004,0.20740,0.31800,0.00241,0.00242,0.17682,0.18035,0.08385,0.00000,0.06599,0.42118
2026-09-13T20:58:27.890,1789307907.890,,1.7022,61.1,1500,6406,2.0,0xe0000,0.00306,0.21656,0.20719,0.31750,0.00282,0.00242,0.17030,0.20560,0.08600,0.00000,0.06974,0.42103
2026-09-13T20:58:28.916,1789307908.917,,1.7268,61.7,1500,6412,0.2,0xe0000,0.00302,0.22720,0.21721,0.32093,0.00322,0.00222,0.16392,0.20638,0.08748,0.00000,0.06732,0.42786
2026-09-13T20:58:29.943,1789307909.943,,1.7193,60.6,1500,6415,0.0,0xe0000,0.00287,0.21773,0.22022,0.32099,0.00322,0.00242,0.16401,0.20560,0.08779,0.00000,0.06644,0.42802
2026-09-13T20:58:30.970,1789307910.971,,1.5273,61.7,1500,6406,0.0,0xe0000,0.00297,0.21753,0.20660,0.31925,0.00322,0.00242,0.15740,0.04697,0.08413,0.00000,0.06545,0.42133
2026-09-13T20:58:31.998,1789307911.998,,1.6029,61.7,1500,6414,0.0,0xe0000,0.00297,0.22085,0.20875,0.31976,0.00282,0.00282,0.19938,0.06158,0.08964,0.00000,0.06603,0.42833
2026-09-13T20:58:33.028,1789307913.028,,1.8299,61.7,1500,6412,0.0,0xe0000,0.00306,0.21851,0.21757,0.31750,0.00322,0.00242,0.17044,0.00721,0.08399,0.00000,0.06533,0.74065
2026-09-13T20:58:34.054,1789307914.055,,1.8212,60.6,1500,6400,0.2,0xe0000,0.00306,0.21285,0.20767,0.31925,0.00241,0.00222,0.17371,0.00000,0.08354,0.00000,0.06789,0.74861
2026-09-13T20:58:35.084,1789307915.085,,1.7243,61.7,1500,6403,0.2,0xe0000,0.00297,0.21881,0.21162,0.32310,0.00241,0.00242,0.16699,0.20984,0.08949,0.00000,0.06892,0.42771
2026-09-13T20:58:36.110,1789307916.111,,1.8606,61.1,1500,6407,0.0,0xe0000,0.00302,0.22095,0.21951,0.32213,0.00242,0.00322,0.15749,0.20942,0.08520,0.00000,0.06982,0.56744
2026-09-13T20:58:37.137,1789307917.137,,1.5405,60.6,1500,6403,0.0,0xe0000,0.00297,0.22037,0.20444,0.32448,0.00362,0.00282,0.16093,0.04687,0.08739,0.00000,0.06601,0.42058
2026-09-13T20:58:38.163,1789307918.164,,1.6982,61.7,1500,6400,2.0,0xe0000,0.00312,0.21851,0.20552,0.31925,0.00261,0.00322,0.17107,0.20245,0.08696,0.00000,0.06412,0.42133
2026-09-13T20:58:39.190,1789307919.190,,1.7040,60.6,1500,6400,0.0,0xe0000,0.00311,0.21665,0.20719,0.32448,0.00402,0.00242,0.17068,0.20245,0.08585,0.00000,0.06609,0.42103
2026-09-13T20:58:40.216,1789307920.217,,1.5686,61.1,1500,6411,0.5,0xe0000,0.00312,0.21811,0.22881,0.32271,0.00362,0.00222,0.15749,0.05063,0.08881,0.00000,0.06542,0.42771
2026-09-13T20:58:41.243,1789307921.243,,1.5936,61.1,1500,6404,0.0,0xe0000,0.00307,0.30825,0.20680,0.32448,0.00322,0.00483,0.17025,0.00000,0.08719,0.00000,0.06421,0.42133
2026-09-13T20:58:42.269,1789307922.270,,1.7811,60.6,1500,6399,0.0,0xe0000,0.00302,0.21939,0.28220,0.32271,0.00261,0.00322,0.19950,0.18094,0.07358,0.00000,0.06603,0.42786
2026-09-13T20:58:43.296,1789307923.296,,1.6709,61.1,1500,6407,0.0,0xe0000,0.00312,0.21627,0.20875,0.32271,0.00261,0.00483,0.15753,0.18072,0.08694,0.00000,0.06608,0.42133
2026-09-13T20:58:44.322,1789307924.323,,1.7149,61.1,1500,6400,0.2,0xe0000,0.00312,0.21773,0.20875,0.32569,0.00241,0.00222,0.18636,0.18392,0.09260,0.00000,0.06409,0.42802
2026-09-13T20:58:45.348,1789307925.349,,1.7074,61.1,1500,6389,0.2,0xe0000,0.00312,0.21871,0.20767,0.31750,0.00262,0.00322,0.17087,0.19904,0.09406,0.00000,0.06969,0.42088
2026-09-13T20:58:46.375,1789307926.375,,1.6939,61.1,1500,6395,0.0,0xe0000,0.00307,0.22007,0.20875,0.31925,0.00403,0.00222,0.15753,0.20560,0.08489,0.00000,0.06789,0.42058
2026-09-13T20:58:47.401,1789307927.402,,1.7022,61.1,1500,6397,0.0,0xe0000,0.00312,0.21695,0.21003,0.32564,0.00282,0.00242,0.16718,0.20200,0.08477,0.00000,0.06667,0.42058
2026-09-13T20:58:48.428,1789307928.428,,1.7341,61.1,1500,6396,2.2,0xe0000,0.00312,0.21929,0.22619,0.31925,0.00262,0.00242,0.17687,0.20989,0.08782,0.00000,0.06606,0.42058
2026-09-13T20:58:49.454,1789307929.455,,1.7289,60.0,1500,6392,0.2,0xe0000,0.00331,0.21499,0.20840,0.32564,0.00282,0.00242,0.19916,0.20240,0.08373,0.00000,0.06542,0.42058
2026-09-13T20:58:50.481,1789307930.481,,1.6776,60.6,1500,6399,0.2,0xe0000,0.00312,0.22132,0.20712,0.32047,0.00241,0.00242,0.15780,0.18415,0.08803,0.00000,0.06976,0.42103
2026-09-13T20:58:51.507,1789307931.508,,1.6818,61.7,1500,6399,0.0,0xe0000,0.00321,0.21653,0.20593,0.31925,0.00262,0.00242,0.16732,0.19180,0.08745,0.00000,0.06421,0.42103
2026-09-13T20:58:52.534,1789307932.534,,1.5282,61.1,1500,6399,0.0,0xe0000,0.00307,0.21617,0.22881,0.31976,0.00282,0.00222,0.17390,0.00000,0.08655,0.00000,0.06768,0.42725
2026-09-13T20:58:53.560,1789307933.560,,1.8736,61.1,1500,6395,0.2,0xe0000,0.00311,0.21685,0.20875,0.38477,0.00322,0.00222,0.29207,0.19180,0.08441,0.00000,0.06587,0.42058
2026-09-13T20:58:54.586,1789307934.587,,1.7146,61.1,1500,6392,0.0,0xe0000,0.00307,0.21811,0.21922,0.31916,0.00322,0.00242,0.17135,0.18813,0.09837,0.00000,0.07040,0.42118
2026-09-13T20:58:55.613,1789307935.613,,1.5726,61.1,1500,6389,0.0,0xe0000,0.00302,0.21889,0.22426,0.31750,0.00322,0.00242,0.18647,0.04694,0.07865,0.00030,0.06962,0.42133
2026-09-13T20:58:56.640,1789307936.641,,1.7224,61.1,1500,6400,0.0,0xe0000,0.00297,0.21783,0.20896,0.32271,0.00241,0.00242,0.18320,0.20245,0.09021,0.00000,0.06611,0.42314
2026-09-13T20:58:57.668,1789307937.668,,1.7334,61.1,1500,6404,0.0,0xe0000,0.00307,0.21929,0.20896,0.32448,0.00241,0.00222,0.20570,0.19834,0.08916,0.00000,0.06480,0.41494
2026-09-13T20:58:58.795,1789307938.796,,1.7072,61.1,1500,6387,2.4,0xe0000,0.00311,0.21969,0.20701,0.33272,0.00402,0.00242,0.16704,0.19879,0.08722,0.00000,0.06402,0.42118
2026-09-13T20:58:59.822,1789307939.822,,1.7446,61.1,1500,6399,0.0,0xe0000,0.00311,0.21470,0.20733,0.32527,0.00282,0.00242,0.20903,0.20602,0.08943,0.00059,0.06973,0.41420
2026-09-13T20:59:00.849,1789307940.850,,1.6841,61.7,1500,6396,0.5,0xe0000,0.00311,0.22044,0.20982,0.31750,0.00322,0.00181,0.16138,0.20245,0.08324,0.00000,0.06734,0.41375
2026-09-13T20:59:01.876,1789307941.877,,1.8859,61.1,1500,6384,0.0,0xe0000,0.00306,0.22017,0.20691,0.37682,0.00241,0.00282,0.28853,0.18700,0.11213,0.00000,0.06406,0.42194
2026-09-13T20:59:02.903,1789307942.903,,1.4674,60.6,1500,6396,0.0,0xe0000,0.00312,0.21695,0.20733,0.31950,0.00282,0.00222,0.15454,0.00000,0.06851,0.00000,0.06486,0.42756
2026-09-13T20:59:03.930,1789307943.931,,1.5211,60.0,1500,6407,0.0,0xe0000,0.00311,0.21949,0.20625,0.32704,0.00282,0.00222,0.17672,0.00000,0.09238,0.00000,0.06985,0.42118
2026-09-13T20:59:04.957,1789307944.958,,1.5816,61.1,1500,6403,0.0,0xe0000,0.00307,0.30527,0.20518,0.31925,0.00342,0.00322,0.16713,0.00000,0.08324,0.00030,0.06431,0.42725
2026-09-13T20:59:06.084,1789307946.085,,1.4899,60.0,1500,6414,0.2,0xe0000,0.00312,0.21929,0.20719,0.31985,0.00282,0.00242,0.16419,0.00000,0.08396,0.00000,0.06545,0.42163
2026-09-13T20:59:07.113,1789307947.113,,1.4943,61.1,1500,6407,0.0,0xe0000,0.00302,0.22193,0.20840,0.32310,0.00282,0.00242,0.16057,0.00361,0.08334,0.00000,0.06419,0.42088
2026-09-13T20:59:08.139,1789307948.140,,1.5198,60.6,1500,6407,0.0,0xe0000,0.00307,0.21811,0.23181,0.32271,0.00261,0.00322,0.17030,0.00000,0.08751,0.00000,0.06582,0.41464
2026-09-13T20:59:09.166,1789307949.166,,1.7526,61.7,1500,6404,2.2,0xe0000,0.00307,0.27092,0.20868,0.32625,0.00322,0.00242,0.17928,0.18465,0.08676,0.00000,0.06604,0.42133
2026-09-13T20:59:10.192,1789307950.193,,1.9197,60.6,1500,6397,0.5,0xe0000,0.00297,0.22017,0.22935,0.38104,0.00241,0.00242,0.30413,0.20560,0.08495,0.00000,0.06528,0.42133
2026-09-13T20:59:11.219,1789307951.219,,1.5513,61.1,1500,6403,0.0,0xe0000,0.00312,0.21646,0.20875,0.32387,0.00282,0.00483,0.16452,0.05060,0.08841,0.00000,0.06677,0.42118
2026-09-13T20:59:12.246,1789307952.247,,1.5620,61.7,1500,6399,0.0,0xe0000,0.00302,0.22183,0.20733,0.32271,0.00262,0.00322,0.17672,0.05059,0.08911,0.00059,0.06367,0.42058
2026-09-13T20:59:13.273,1789307953.274,,1.5612,60.6,1500,6406,0.0,0xe0000,0.00297,0.21617,0.20566,0.32811,0.00282,0.00242,0.18418,0.05409,0.08410,0.00000,0.06615,0.41449
2026-09-13T20:59:14.301,1789307954.301,,1.7339,60.0,1500,6393,0.0,0xe0000,0.00297,0.23422,0.20781,0.32625,0.00322,0.00222,0.20903,0.18442,0.08295,0.00029,0.06604,0.41449
2026-09-13T20:59:15.328,1789307955.329,,1.6593,61.1,1500,6392,0.0,0xe0000,0.00297,0.21841,0.20552,0.31590,0.00282,0.00242,0.15753,0.17732,0.08470,0.00059,0.06976,0.42133
2026-09-13T20:59:16.356,1789307956.356,,1.6788,60.6,1500,6400,0.0,0xe0000,0.00321,0.21373,0.20982,0.32093,0.00322,0.00282,0.16479,0.18433,0.08934,0.00000,0.06537,0.42118
2026-09-13T20:59:17.382,1789307957.383,,1.4841,60.6,1500,6389,0.0,0xe0000,0.00311,0.21733,0.20948,0.31925,0.00282,0.00242,0.15798,0.00361,0.08277,0.00000,0.06416,0.42118
2026-09-13T20:59:18.408,1789307958.409,,1.5583,61.1,1500,6393,0.5,0xe0000,0.00312,0.21773,0.21162,0.32099,0.00402,0.00242,0.18009,0.04701,0.08724,0.00000,0.06969,0.41435
2026-09-13T20:59:19.436,1789307959.436,,1.7588,60.6,1500,6407,2.2,0xe0000,0.00312,0.29512,0.20934,0.31750,0.00282,0.00282,0.17356,0.19839,0.06851,0.00000,0.06599,0.42163
2026-09-13T20:59:20.463,1789307960.464,,1.7199,60.0,1500,6397,0.2,0xe0000,0.00321,0.21803,0.20691,0.31916,0.00402,0.00222,0.20311,0.18757,0.08812,0.00000,0.06606,0.42148
2026-09-13T20:59:21.490,1789307961.490,,1.5350,60.6,1500,6393,0.0,0xe0000,0.00317,0.21939,0.20691,0.31750,0.00261,0.00242,0.16143,0.05424,0.08713,0.00000,0.06603,0.41420
2026-09-13T20:59:22.517,1789307962.518,,1.5479,60.6,1500,6403,0.2,0xe0000,0.00312,0.21967,0.20680,0.32457,0.00402,0.00242,0.15480,0.05434,0.08820,0.00059,0.06802,0.42133
2026-09-13T20:59:23.545,1789307963.545,,1.5065,60.0,1500,6408,0.0,0xe0000,0.00312,0.22163,0.21807,0.31925,0.00262,0.00322,0.16447,0.00000,0.08498,0.00000,0.06857,0.42058
2026-09-13T20:59:24.571,1789307964.572,,1.5497,60.6,1500,6411,0.0,0xe0000,0.00322,0.27120,0.20691,0.32099,0.00262,0.00483,0.16102,0.00724,0.08694,0.00030,0.06980,0.41464
2026-09-13T20:59:25.598,1789307965.598,,1.5521,60.6,1500,6408,0.0,0xe0000,0.00316,0.21881,0.20625,0.32388,0.00242,0.00322,0.21279,0.00000,0.09538,0.00059,0.06424,0.42133
2026-09-13T20:59:26.625,1789307966.625,,1.5006,60.0,1500,6402,0.2,0xe0000,0.00312,0.21577,0.20660,0.32171,0.00262,0.00322,0.17410,0.00362,0.07889,0.00000,0.06982,0.42118
2026-09-13T20:59:27.652,1789307967.653,,1.5322,61.1,1500,6408,0.0,0xe0000,0.00311,0.22496,0.20705,0.31750,0.00261,0.00242,0.17732,0.04712,0.06877,0.00000,0.06668,0.41464
2026-09-13T20:59:28.680,1789307968.680,,1.5452,59.5,1500,6404,0.0,0xe0000,0.00297,0.21793,0.20660,0.32803,0.00262,0.00322,0.16424,0.04712,0.08643,0.00000,0.06416,0.42194
2026-09-13T20:59:29.807,1789307969.808,,1.6656,60.6,1500,6404,2.2,0xe0000,0.00307,0.21763,0.20660,0.32151,0.00241,0.00322,0.15767,0.18054,0.09054,0.00000,0.06782,0.41464
2026-09-13T20:59:30.834,1789307970.834,,1.7130,60.6,1500,6404,0.2,0xe0000,0.00306,0.21673,0.20733,0.32448,0.00261,0.00322,0.17687,0.20276,0.08719,0.00000,0.06789,0.42088
2026-09-13T20:59:31.861,1789307971.861,,1.7790,60.0,1500,6402,0.2,0xe0000,0.00307,0.22163,0.28435,0.32803,0.00322,0.00201,0.17772,0.18818,0.08413,0.00000,0.06604,0.42058
2026-09-13T20:59:32.888,1789307972.889,,1.6568,60.0,1500,6407,0.0,0xe0000,0.00312,0.22115,0.20826,0.32448,0.00242,0.00242,0.17087,0.15511,0.08961,0.00000,0.06549,0.41390
2026-09-13T20:59:33.916,1789307973.916,,1.6834,61.1,1500,6408,0.0,0xe0000,0.00311,0.22102,0.20673,0.31925,0.00261,0.00322,0.15458,0.20607,0.08551,0.00000,0.06665,0.41464
2026-09-13T20:59:34.942,1789307974.943,,1.6809,60.6,1500,6395,0.0,0xe0000,0.00302,0.21607,0.20552,0.31750,0.00261,0.00483,0.16401,0.20154,0.08393,0.00000,0.06661,0.41524
2026-09-13T20:59:35.970,1789307975.970,,3.5969,62.2,2400,6385,14.4,0xe0000,0.00297,0.27079,0.20753,0.33206,0.00262,0.00484,0.16424,0.19561,0.08600,0.00000,0.06914,2.26108
2026-09-13T20:59:36.995,1789307976.996,,3.4343,63.4,2400,6370,27.0,0xe0000,0.00307,0.27042,0.23027,0.34417,0.00241,0.00322,0.15753,0.00724,0.15392,0.00148,0.06983,2.19074
2026-09-13T20:59:38.022,1789307978.022,,2.8782,63.4,2400,6355,30.9,0xe0000,0.00292,0.24381,0.20660,0.34037,0.00282,0.00282,0.20260,0.00000,0.13137,0.00177,0.06916,1.67394
2026-09-13T20:59:39.048,1789307979.048,,3.0241,63.4,2400,6358,24.9,0xe0000,0.00297,0.30187,0.20383,0.33314,0.00282,0.00242,0.16479,0.00000,0.09063,0.00000,0.06377,1.85783
2026-09-13T20:59:40.076,1789307980.076,,2.8607,65.5,2400,6318,48.3,0xe0000,0.00307,0.25128,0.20767,0.35100,0.00282,0.00282,0.15255,0.19914,0.15505,0.00178,0.06549,1.46801
2026-09-13T20:59:41.106,1789307981.107,,6.7950,68.3,2400,6298,82.8,0xe0000,0.00297,0.30605,0.20625,0.38455,0.00281,0.00282,0.15480,0.20245,0.42156,0.01986,0.06256,5.02827
2026-09-13T20:59:42.143,1789307982.143,,4.9134,68.3,2400,7903,92.5,0xe0000,0.00311,0.30279,0.20826,0.42693,0.00241,0.00181,0.18678,0.20195,0.55957,0.01335,0.06504,2.94135
2026-09-13T20:59:43.174,1789307983.175,,4.8671,68.8,2400,7995,91.5,0xe0000,0.00292,0.29550,0.21198,0.42647,0.00241,0.00262,0.15798,0.00000,0.52312,0.01630,0.06650,3.16132
2026-09-13T20:59:44.207,1789307984.208,,4.5160,71.0,2400,8012,92.4,0xe0000,0.00302,0.32108,0.20497,0.37856,0.00261,0.00262,0.17989,0.00000,0.33771,0.01630,0.06410,3.00512
2026-09-13T20:59:45.241,1789307985.241,,7.0807,71.6,2400,7997,93.3,0xe0000,0.00287,0.31845,0.20632,0.36153,0.00282,0.00242,0.22177,0.23172,0.44026,0.03906,0.06426,5.18921
2026-09-13T20:59:46.274,1789307986.275,,3.2288,70.5,2400,7995,91.5,0xe0000,0.00302,0.29390,0.20584,0.38299,0.00261,0.00181,0.16713,0.23493,0.38275,0.00030,0.06382,1.48971
2026-09-13T20:59:47.302,1789307987.302,,6.3540,71.6,2400,8004,91.9,0xe0000,0.00316,0.21821,0.20747,0.33345,0.00282,0.00282,0.18974,0.18438,0.07288,0.00000,0.06392,5.07516
2026-09-13T20:59:48.337,1789307988.337,,6.9738,72.7,2400,8002,91.7,0xe0000,0.00302,0.25519,0.20673,0.41769,0.00281,0.00242,0.15144,0.19498,0.24353,0.00504,0.06262,5.42834
2026-09-13T20:59:49.375,1789307989.376,,5.5949,72.2,2400,8014,92.0,0xe0000,0.00292,0.31747,0.20673,0.35249,0.00242,0.00242,0.17742,0.24945,0.25039,0.00387,0.06411,3.96523
2026-09-13T20:59:50.410,1789307990.411,,8.8094,72.7,2400,8025,91.2,0xe0000,0.00273,0.29313,0.20733,0.35462,0.00241,0.00181,0.18979,0.21692,0.30508,0.01006,0.06401,7.16148
2026-09-13T20:59:51.447,1789307991.447,,5.2938,73.2,2400,8021,91.5,0xe0000,0.00306,0.29916,0.20753,0.32854,0.00281,0.00242,0.26677,0.18818,0.08722,0.00000,0.06488,3.84324
2026-09-13T20:59:52.478,1789307992.479,,6.2243,72.7,2400,8027,92.5,0xe0000,0.00311,0.27991,0.20673,0.35451,0.00282,0.00282,0.17366,0.00000,0.15668,0.00000,0.06857,4.97549
2026-09-13T20:59:53.514,1789307993.515,,8.7968,73.2,2400,8021,90.5,0xe0000,0.00306,0.22440,0.20612,0.36526,0.00281,0.00282,0.17717,0.04337,0.31905,0.00059,0.06510,7.38702
2026-09-13T20:59:54.550,1789307994.550,,6.8762,73.8,2400,8029,92.0,0xe0000,0.00302,0.22007,0.22429,0.33363,0.00241,0.00242,0.19989,0.04349,0.08904,0.00000,0.06657,5.69139
2026-09-13T20:59:55.583,1789307995.584,,8.3044,73.8,2400,8019,90.3,0xe0000,0.00287,0.26071,0.20760,0.36355,0.00281,0.00242,0.17078,0.05071,0.16441,0.00740,0.06547,7.00566
2026-09-13T20:59:56.611,1789307996.612,,4.4272,73.2,2400,8017,90.7,0xe0000,0.00306,0.25957,0.20868,0.38341,0.00301,0.00322,0.18974,0.00000,0.51043,0.01011,0.06521,2.79074
2026-09-13T20:59:57.646,1789307997.647,,6.5930,73.2,2400,8034,90.3,0xe0000,0.00316,0.22075,0.34025,0.37733,0.00282,0.00282,0.18974,0.17310,0.45008,0.00889,0.06474,4.75937
2026-09-13T20:59:58.678,1789307998.678,,6.6535,74.9,2400,8014,92.0,0xe0000,0.00297,0.27120,0.22404,0.38631,0.00281,0.00242,0.25427,0.22437,0.24490,0.00563,0.06356,4.97099
2026-09-13T20:59:59.708,1789307999.709,,6.1099,73.2,2400,8008,90.9,0xe0000,0.00302,0.28211,0.20847,0.37465,0.00281,0.00181,0.17449,0.22053,0.28467,0.00860,0.06479,4.48392
2026-09-13T21:00:00.736,1789308000.737,,8.5887,74.3,2400,8025,89.2,0xe0000,0.00302,0.28922,0.20680,0.40441,0.00281,0.00161,0.17015,0.18790,0.24556,0.00771,0.06333,7.00615
2026-09-13T21:00:01.771,1789308001.771,,3.1457,73.2,2400,8038,90.5,0xe0000,0.00302,0.24426,0.20680,0.35997,0.00282,0.00181,0.20903,0.19218,0.19463,0.00060,0.06410,1.66647
2026-09-13T21:00:02.798,1789308002.799,,5.5537,74.9,2400,8034,92.3,0xe0000,0.00307,0.29227,0.22396,0.40996,0.00302,0.00161,0.34575,0.17004,0.13504,0.00651,0.06438,3.89811
2026-09-13T21:00:03.835,1789308003.835,,6.9905,73.8,2400,8036,91.7,0xe0000,0.00312,0.26726,0.20733,0.35927,0.00281,0.00242,0.17697,0.06504,0.12271,0.00355,0.06296,5.71702
2026-09-13T21:00:04.872,1789308004.872,,4.8714,74.3,2400,8058,89.5,0xe0000,0.00297,0.30960,0.20792,0.39216,0.00281,0.00282,0.17035,0.11235,0.17159,0.00089,0.06240,3.43556
2026-09-13T21:00:05.899,1789308005.900,,5.6400,75.5,2400,8047,89.3,0xe0000,0.00311,0.28549,0.20868,0.38453,0.00282,0.00282,0.17410,0.04690,0.30972,0.00921,0.06091,4.15171
2026-09-13T21:00:06.925,1789308006.926,,8.2246,73.8,2400,8726,90.8,0xe0000,0.00306,0.24103,0.20660,0.34930,0.00362,0.00282,0.17015,0.01087,0.17261,0.00917,0.06256,6.99279
2026-09-13T21:00:07.955,1789308007.956,,6.4744,75.5,2400,9740,92.9,0xe0000,0.00311,0.26455,0.20660,0.33449,0.00282,0.00242,0.21546,0.00000,0.08481,0.00119,0.06459,5.29442
2026-09-13T21:00:08.991,1789308008.992,,8.7900,75.5,2400,9781,91.5,0xe0000,0.00302,0.24359,0.20566,0.34314,0.00302,0.00181,0.16723,0.03626,0.20594,0.00000,0.06466,7.51569
2026-09-13T21:00:10.023,1789308010.024,,5.3694,76.0,2400,9765,92.7,0xe0000,0.00297,0.31874,0.20740,0.40266,0.00281,0.00322,0.17697,0.27121,0.45238,0.01244,0.06325,3.45531
2026-09-13T21:00:11.061,1789308011.061,,7.3413,76.0,2400,9752,92.2,0xe0000,0.00302,0.31874,0.20788,0.46988,0.00302,0.00181,0.28894,0.23161,0.55148,0.01419,0.06469,5.18609
2026-09-13T21:00:12.095,1789308012.095,,6.4976,75.5,2400,9768,91.5,0xe0000,0.00297,0.28471,0.20733,0.39179,0.00281,0.00161,0.17126,0.20974,0.43063,0.02297,0.06229,4.70952
2026-09-13T21:00:13.131,1789308013.131,,6.6928,74.9,2400,9756,91.7,0xe0000,0.00292,0.22183,0.22215,0.33789,0.00281,0.00242,0.17092,0.18818,0.15484,0.00118,0.06293,5.32472
2026-09-13T21:00:14.160,1789308014.161,,7.4619,75.5,2400,9771,91.2,0xe0000,0.00306,0.23881,0.21069,0.37165,0.00643,0.00181,0.17366,0.25694,0.28732,0.00800,0.06415,5.83939
2026-09-13T21:00:15.190,1789308015.190,,5.2843,76.0,2400,9759,92.7,0xe0000,0.00307,0.29079,0.20691,0.37015,0.00281,0.00282,0.18947,0.19113,0.14771,0.00954,0.06080,3.80906
2026-09-13T21:00:16.219,1789308016.220,,9.2493,76.0,2400,9743,89.7,0xe0000,0.00297,0.31655,0.20740,0.35539,0.00281,0.00282,0.17697,0.18442,0.48430,0.00502,0.06661,7.44404
2026-09-13T21:00:17.251,1789308017.252,,8.7173,76.5,2400,9733,92.7,0xe0000,0.00302,0.26209,0.21642,0.36704,0.00281,0.00242,0.19268,0.18456,0.40795,0.02360,0.06453,6.99023
2026-09-13T21:00:18.280,1789308018.280,,9.0200,76.5,2400,9746,90.9,0xe0000,0.00311,0.22756,0.20923,0.33844,0.00281,0.00241,0.16443,0.20235,0.24782,0.00000,0.06748,7.55436
2026-09-13T21:00:19.307,1789308019.307,,7.4555,77.1,2400,9749,91.4,0xe0000,0.00297,0.35860,0.20861,0.37519,0.00301,0.00242,0.18963,0.03981,0.28303,0.01567,0.06195,5.91458
2026-09-13T21:00:20.343,1789308020.343,,6.2612,77.7,2400,9759,92.1,0xe0000,0.00302,0.26833,0.20424,0.34260,0.00281,0.00242,0.24811,0.23534,0.17278,0.00327,0.06360,4.71465
2026-09-13T21:00:21.374,1789308021.374,,6.4879,77.7,2400,9759,91.7,0xe0000,0.00287,0.25406,0.20868,0.35548,0.00281,0.00161,0.17049,0.21643,0.31062,0.00148,0.06408,4.89930
2026-09-13T21:00:22.406,1789308022.407,,4.5514,76.5,2400,9759,91.0,0xe0000,0.00316,0.31723,0.20955,0.35451,0.00281,0.00282,0.19573,0.18837,0.37003,0.01122,0.06618,2.82975
2026-09-13T21:00:23.435,1789308023.435,,5.1555,77.1,2400,9787,89.8,0xe0000,0.00302,0.24648,0.20982,0.35370,0.00302,0.00181,0.17366,0.18035,0.33816,0.01595,0.06279,3.56677
2026-09-13T21:00:24.474,1789308024.475,,6.3762,76.5,2400,9791,91.4,0xe0000,0.00301,0.22122,0.27366,0.39137,0.00282,0.00242,0.18356,0.19889,0.20315,0.00474,0.06815,4.82326
2026-09-13T21:00:25.506,1789308025.507,,8.8484,77.1,2400,9791,92.7,0xe0000,0.00297,0.26669,0.20397,0.35451,0.00282,0.00242,0.17346,0.25250,0.45465,0.01177,0.06658,7.05605
2026-09-13T21:00:26.538,1789308026.539,,4.3428,76.0,2400,9778,90.7,0xe0000,0.00306,0.31334,0.20847,0.37600,0.00301,0.00181,0.16382,0.20266,0.26954,0.02726,0.06279,2.71100
2026-09-13T21:00:27.572,1789308027.573,,8.3462,76.0,2400,9794,90.2,0xe0000,0.00306,0.31392,0.20927,0.34837,0.00302,0.00242,0.17341,0.18790,0.30892,0.01388,0.06278,6.71923
2026-09-13T21:00:28.603,1789308028.603,,6.5949,75.5,2400,9794,89.6,0xe0000,0.00297,0.30407,0.20767,0.35640,0.00282,0.00242,0.17020,0.19161,0.27457,0.01338,0.06445,5.00437
2026-09-13T21:00:29.635,1789308029.635,,9.1494,76.5,2400,9794,89.8,0xe0000,0.00302,0.22631,0.20747,0.36526,0.00222,0.00282,0.17989,0.05409,0.44358,0.00000,0.06161,7.60312
2026-09-13T21:00:30.674,1789308030.674,,6.0946,79.3,2400,9800,91.9,0xe0000,0.00301,0.31464,0.22274,0.35841,0.00281,0.00161,0.16737,0.26438,0.29981,0.00503,0.06403,4.39072
2026-09-13T21:00:31.706,1789308031.707,,8.2167,77.1,2400,9803,90.1,0xe0000,0.00301,0.27176,0.20976,0.39009,0.00141,0.00242,0.20260,0.18094,0.15183,0.00474,0.06286,6.73530
2026-09-13T21:00:32.742,1789308032.743,,4.3491,77.7,2400,9810,91.3,0xe0000,0.00297,0.32074,0.20854,0.39289,0.00281,0.00201,0.24099,0.18424,0.28290,0.01628,0.06660,2.62810
2026-09-13T21:00:33.771,1789308033.772,,8.7121,77.7,2400,9823,92.0,0xe0000,0.00297,0.31513,0.20625,0.35890,0.00281,0.00161,0.17732,0.00000,0.14044,0.01246,0.06287,7.43133
2026-09-13T21:00:34.800,1789308034.801,,9.4468,77.1,2400,9813,91.9,0xe0000,0.00297,0.26533,0.21463,0.37115,0.00282,0.00282,0.18024,0.05784,0.43975,0.00000,0.06155,7.84771
2026-09-13T21:00:35.832,1789308035.832,,9.1781,77.1,2400,9810,92.4,0xe0000,0.00311,0.31392,0.21291,0.36881,0.00382,0.00282,0.16713,0.00000,0.27566,0.00000,0.06275,7.76718
2026-09-13T21:00:36.862,1789308036.863,,8.2770,77.7,2400,9813,93.2,0xe0000,0.00297,0.27070,0.22188,0.37557,0.00282,0.00242,0.17107,0.00363,0.34540,0.02688,0.06266,6.79096
2026-09-13T21:00:37.892,1789308037.893,,4.5055,78.2,2400,9810,92.0,0xe0000,0.00297,0.26443,0.20691,0.36117,0.00141,0.00282,0.15127,0.18790,0.30713,0.00471,0.06459,2.95021
2026-09-13T21:00:38.925,1789308038.925,,6.6717,78.8,2400,9807,91.7,0xe0000,0.00302,0.22274,0.21055,0.36809,0.00301,0.00161,0.16746,0.18818,0.42805,0.03785,0.06866,4.97249
2026-09-13T21:00:39.956,1789308039.957,,4.7573,79.3,2400,9829,90.9,0xe0000,0.00306,0.30663,0.20875,0.33146,0.00302,0.00242,0.16723,0.05782,0.13702,0.00207,0.06457,3.47332
2026-09-13T21:00:40.991,1789308040.991,,8.9652,78.8,2400,9823,90.7,0xe0000,0.00306,0.24281,0.20691,0.39363,0.00262,0.00201,0.18325,0.19839,0.44307,0.00030,0.06146,7.22764
2026-09-13T21:00:42.022,1789308042.023,,9.3864,78.2,2400,9836,92.2,0xe0000,0.00306,0.34056,0.19746,0.39186,0.00301,0.00201,0.21856,0.18818,0.47206,0.01001,0.06207,7.49758
2026-09-13T21:00:43.058,1789308043.059,,8.2710,79.3,2400,9826,91.2,0xe0000,0.00311,0.28055,0.20962,0.37071,0.00141,0.00242,0.16718,0.19166,0.13675,0.00059,0.06038,6.84662
2026-09-13T21:00:44.091,1789308044.091,,4.3188,77.7,2400,9816,91.0,0xe0000,0.00297,0.31956,0.21069,0.40072,0.00302,0.00181,0.18647,0.00721,0.44688,0.01736,0.06458,2.65755
2026-09-13T21:00:45.122,1789308045.122,,4.6710,78.8,2400,9813,91.1,0xe0000,0.00311,0.30215,0.20819,0.38299,0.00302,0.00141,0.19290,0.06504,0.45794,0.01384,0.06458,2.97582
2026-09-13T21:00:46.159,1789308046.160,,6.8425,79.3,2400,9810,91.3,0xe0000,0.00301,0.32844,0.20497,0.33146,0.00301,0.00161,0.16723,0.21681,0.10000,0.00000,0.06557,5.42037
2026-09-13T21:00:47.190,1789308047.190,,8.3232,79.8,2400,9826,92.0,0xe0000,0.00306,0.22590,0.20653,0.34221,0.00282,0.00242,0.18710,0.19420,0.17149,0.00415,0.06301,6.92028
2026-09-13T21:00:48.221,1789308048.222,,5.5166,78.2,2400,9816,91.1,0xe0000,0.00297,0.26545,0.21219,0.39103,0.00221,0.00282,0.15758,0.00721,0.46942,0.01269,0.06449,3.92859
2026-09-13T21:00:49.250,1789308049.250,,5.1046,78.2,2400,9810,91.0,0xe0000,0.00297,0.29146,0.20639,0.36153,0.00282,0.00242,0.18330,0.00000,0.34268,0.00000,0.06350,3.64748
2026-09-13T21:00:50.278,1789308050.279,,5.1367,79.3,2400,9816,91.9,0xe0000,0.00306,0.31548,0.26972,0.38425,0.00282,0.00242,0.23797,0.05074,0.53034,0.01094,0.06185,3.26706
2026-09-13T21:00:51.314,1789308051.315,,7.0305,79.3,2400,9816,91.2,0xe0000,0.00306,0.25250,0.20781,0.36349,0.00323,0.00201,0.18377,0.23831,0.23586,0.00888,0.06315,5.46844
2026-09-13T21:00:52.343,1789308052.343,,5.0738,79.8,2400,9823,90.8,0xe0000,0.00301,0.31674,0.20868,0.39196,0.00282,0.00161,0.16784,0.18475,0.51872,0.01836,0.06382,3.19546
2026-09-13T21:00:53.373,1789308053.374,,9.3607,78.8,2400,9829,91.0,0xe0000,0.00306,0.30761,0.26999,0.38477,0.00301,0.00282,0.23784,0.18112,0.35915,0.01098,0.06646,7.53389
2026-09-13T21:00:54.410,1789308054.410,,6.2345,79.3,2400,9845,91.3,0xe0000,0.00306,0.22095,0.20538,0.37206,0.00282,0.00161,0.17025,0.04688,0.28102,0.00888,0.06359,4.85800
2026-09-13T21:00:55.443,1789308055.443,,6.1955,79.3,2400,9845,91.0,0xe0000,0.00311,0.26394,0.20847,0.33512,0.00341,0.00242,0.17039,0.04712,0.09122,0.00533,0.06316,5.00177
2026-09-13T21:00:56.478,1789308056.479,,8.3397,78.2,2400,9826,91.0,0xe0000,0.00306,0.25117,0.34002,0.35470,0.00322,0.00242,0.19312,0.02526,0.11968,0.00178,0.06397,6.98132
2026-09-13T21:00:57.515,1789308057.515,,6.7769,79.3,2400,9826,91.8,0xe0000,0.00306,0.22417,0.20889,0.36705,0.00281,0.00242,0.18947,0.00000,0.43796,0.03551,0.06405,5.24152
2026-09-13T21:00:58.558,1789308058.558,,6.3535,79.8,2400,9813,93.0,0xe0000,0.00306,0.22024,0.20719,0.33314,0.00281,0.00242,0.16382,0.05782,0.09343,0.00000,0.06283,5.20672
2026-09-13T21:00:59.586,1789308059.586,,3.5713,79.3,2400,9807,91.4,0xe0000,0.00287,0.22132,0.20962,0.37590,0.00141,0.00242,0.17657,0.20395,0.27706,0.00768,0.06288,2.02958
2026-09-13T21:01:00.618,1789308060.618,,6.6800,79.8,2400,9813,91.0,0xe0000,0.00297,0.31450,0.20962,0.34753,0.00302,0.00242,0.17361,0.21697,0.28089,0.00089,0.06439,5.06319
2026-09-13T21:01:01.660,1789308061.661,,7.3147,79.8,2400,9816,91.6,0xe0000,0.00307,0.33356,0.20753,0.38913,0.00301,0.00241,0.17039,0.20837,0.49762,0.01122,0.06148,5.42690
2026-09-13T21:01:02.690,1789308062.690,,5.2354,79.3,2400,9819,92.5,0xe0000,0.00297,0.26322,0.20934,0.36765,0.00281,0.00241,0.19284,0.18072,0.49596,0.00471,0.06410,3.44871
2026-09-13T21:01:03.722,1789308063.723,,5.6648,81.0,2400,9810,93.0,0xe0000,0.00297,0.31893,0.20767,0.39895,0.00141,0.00322,0.18055,0.19839,0.09327,0.00000,0.06540,4.19408
2026-09-13T21:01:04.758,1789308064.759,,6.0315,81.0,2400,9826,91.7,0xe0000,0.00311,0.22024,0.20996,0.33867,0.00221,0.00241,0.18004,0.05770,0.09919,0.00000,0.06522,4.85278
2026-09-13T21:01:05.790,1789308065.791,,6.2711,79.8,2400,9816,91.3,0xe0000,0.00340,0.25270,0.22073,0.37778,0.00321,0.00242,0.15115,0.04346,0.30090,0.00030,0.06274,4.85228
2026-09-13T21:01:06.823,1789308066.824,,7.2296,81.0,2400,9816,92.4,0xe0000,0.00287,0.36249,0.20861,0.39502,0.00281,0.00181,0.15419,0.18452,0.47605,0.00830,0.06504,5.36789
2026-09-13T21:01:07.859,1789308067.859,,7.8422,82.0,2400,9810,91.7,0xe0000,0.00302,0.40231,0.20149,0.40755,0.00281,0.00181,0.17049,0.27469,0.49671,0.01331,0.06327,5.80473
2026-09-13T21:01:08.885,1789308068.886,,4.6522,80.4,2400,9803,91.2,0xe0000,0.00311,0.31179,0.20767,0.37557,0.00141,0.00242,0.18968,0.04329,0.15116,0.00383,0.06320,3.29906
2026-09-13T21:01:09.914,1789308069.915,,4.8319,79.3,2400,9810,90.4,0xe0000,0.00297,0.30513,0.33494,0.37579,0.00282,0.00262,0.18974,0.21261,0.41673,0.01589,0.06325,2.90946
2026-09-13T21:01:10.951,1789308070.952,,6.2293,79.3,2400,9816,91.3,0xe0000,0.00297,0.30081,0.21034,0.34018,0.00221,0.00242,0.16699,0.22364,0.24270,0.01338,0.06336,4.66031
2026-09-13T21:01:11.988,1789308071.988,,9.3236,81.0,2400,9819,91.0,0xe0000,0.00297,0.32356,0.20982,0.45168,0.00301,0.00242,0.28845,0.18438,0.44351,0.00888,0.06487,7.34006
2026-09-13T21:01:13.018,1789308073.018,,7.1504,81.0,2400,9813,91.4,0xe0000,0.00301,0.23500,0.21865,0.37158,0.00301,0.00181,0.18034,0.20581,0.27912,0.00000,0.06469,5.58732
2026-09-13T21:01:14.048,1789308074.049,,5.3246,80.4,2400,9813,89.2,0xe0000,0.00331,0.22954,0.20927,0.38205,0.00301,0.00181,0.17410,0.07575,0.24476,0.00118,0.06323,3.93656
2026-09-13T21:01:15.078,1789308075.078,,6.8311,81.0,2400,9826,90.8,0xe0000,0.00301,0.29861,0.20962,0.37333,0.00301,0.00181,0.18699,0.05064,0.27357,0.00743,0.06350,5.35961
2026-09-13T21:01:16.110,1789308076.110,,9.0818,81.5,2400,9829,93.2,0xe0000,0.00311,0.33807,0.33929,0.39601,0.00362,0.00242,0.18936,0.19113,0.40592,0.01063,0.06530,7.13692
2026-09-13T21:01:17.142,1789308077.143,,4.7550,81.0,2400,9832,92.4,0xe0000,0.00311,0.22543,0.20982,0.40250,0.00221,0.00242,0.17006,0.22437,0.46054,0.01420,0.06274,2.97762
2026-09-13T21:01:18.174,1789308078.174,,4.9908,81.0,2400,9826,90.9,0xe0000,0.00302,0.30931,0.20799,0.34018,0.00301,0.00201,0.18325,0.06143,0.13723,0.00650,0.06434,3.67248
2026-09-13T21:01:19.207,1789308079.207,,7.1308,81.0,2400,9845,90.6,0xe0000,0.00302,0.29770,0.20819,0.33844,0.00141,0.00242,0.17697,0.01446,0.30544,0.00059,0.06408,5.71811
2026-09-13T21:01:20.239,1789308080.239,,6.2213,80.4,2400,9836,92.0,0xe0000,0.00321,0.26389,0.22000,0.45183,0.00221,0.00242,0.29207,0.05051,0.10103,0.00119,0.06399,4.76896
2026-09-13T21:01:21.271,1789308081.272,,8.8650,81.5,2400,9836,91.5,0xe0000,0.00307,0.30507,0.21104,0.39775,0.00302,0.00201,0.17712,0.05411,0.14775,0.00443,0.06215,7.49751
2026-09-13T21:01:22.314,1789308082.315,,4.3938,81.0,2400,9832,90.0,0xe0000,0.00292,0.31620,0.21944,0.33164,0.00302,0.00242,0.16429,0.18790,0.08710,0.00000,0.06309,3.01581
2026-09-13T21:01:23.351,1789308083.351,,6.3861,81.5,2400,9823,91.2,0xe0000,0.00297,0.31528,0.20819,0.33530,0.00221,0.00242,0.17989,0.20555,0.44288,0.01063,0.06172,4.61908
2026-09-13T21:01:24.379,1789308084.380,,8.4971,81.5,2400,9816,92.2,0xe0000,0.00316,0.26232,0.27044,0.35276,0.00302,0.00141,0.18995,0.20286,0.21048,0.01215,0.06446,6.92405
2026-09-13T21:01:25.409,1789308085.410,,7.1666,82.0,2400,9819,92.5,0xe0008,0.00306,0.22027,0.20653,0.34930,0.00302,0.00262,0.16396,0.20628,0.20208,0.00913,0.06462,5.73576
2026-09-13T21:01:26.443,1789308086.444,,7.7384,82.6,2400,9832,92.0,0xe0000,0.00307,0.26083,0.20102,0.35481,0.00281,0.00181,0.18356,0.00000,0.28335,0.00890,0.06324,6.37499
2026-09-13T21:01:27.474,1789308087.474,,5.9733,82.0,2400,9832,91.4,0xe0008,0.00311,0.22481,0.20653,0.36161,0.00281,0.00161,0.18367,0.11207,0.20155,0.00954,0.06418,4.60177
2026-09-13T21:01:28.506,1789308088.506,,7.5822,81.5,2400,9829,92.9,0xe0008,0.00302,0.26436,0.22037,0.33376,0.00301,0.00242,0.18356,0.07588,0.13396,0.00089,0.06337,6.29758
2026-09-13T21:01:29.537,1789308089.538,,6.3430,82.0,2400,9832,93.4,0xe0008,0.00301,0.25909,0.20740,0.37897,0.00281,0.00181,0.17682,0.03614,0.28341,0.01126,0.06324,4.91908
2026-09-13T21:01:30.571,1789308090.571,,5.2379,81.5,2400,9829,93.2,0xe0000,0.00301,0.27419,0.23111,0.36306,0.00221,0.00241,0.17336,0.00000,0.46960,0.01270,0.06453,3.64171
2026-09-13T21:01:31.597,1789308091.598,,6.5791,82.0,2400,9829,90.5,0xe0008,0.00311,0.22163,0.20819,0.33908,0.00301,0.00141,0.17049,0.18752,0.10972,0.00714,0.06359,5.26416
2026-09-13T21:01:32.630,1789308092.631,,7.9439,81.5,2400,9829,90.5,0xe0008,0.00316,0.29949,0.21003,0.39718,0.00342,0.00241,0.16699,0.18776,0.46253,0.02629,0.06096,6.12367
2026-09-13T21:01:33.663,1789308093.664,,7.3144,82.6,2400,9816,91.2,0xe0008,0.00302,0.36244,0.20969,0.39273,0.00261,0.00242,0.15758,0.22448,0.57574,0.01213,0.06282,5.30878
2026-09-13T21:01:34.697,1789308094.698,,5.7299,81.5,2400,9819,91.7,0xe0008,0.00301,0.24559,0.22166,0.38379,0.00302,0.00181,0.17657,0.05074,0.26999,0.00324,0.06197,4.30849
2026-09-13T21:01:35.727,1789308095.728,,4.4446,81.5,2400,9826,89.8,0xe0000,0.00311,0.26927,0.20497,0.33669,0.00141,0.00242,0.17039,0.00000,0.23379,0.00000,0.06500,3.15752
2026-09-13T21:01:36.762,1789308096.763,,5.3458,81.5,2400,9842,90.5,0xe0000,0.00306,0.22122,0.20982,0.35314,0.00141,0.00242,0.17015,0.01445,0.11832,0.00000,0.06403,4.18777
2026-09-13T21:01:37.802,1789308097.803,,8.6405,82.0,2400,9832,91.4,0xe0008,0.00306,0.31236,0.20969,0.35608,0.00221,0.00242,0.19711,0.04701,0.23058,0.00889,0.06159,7.20954
2026-09-13T21:01:38.838,1789308098.839,,8.3366,83.2,2400,9816,91.7,0xe0008,0.00306,0.26268,0.21041,0.36173,0.00281,0.00262,0.21577,0.04348,0.23596,0.00207,0.06195,6.93410
2026-09-13T21:01:39.867,1789308099.867,,7.5067,82.0,2400,9819,90.5,0xe0008,0.00306,0.26071,0.21090,0.34944,0.00281,0.00181,0.16424,0.20566,0.30431,0.02595,0.06325,5.91458
2026-09-13T21:01:40.895,1789308100.895,,4.9679,81.5,2400,9829,90.8,0xe0008,0.00302,0.28691,0.21076,0.34367,0.00301,0.00242,0.17989,0.19137,0.55957,0.00619,0.06490,3.11622
2026-09-13T21:01:41.925,1789308101.925,,7.4493,82.0,2400,9819,91.7,0xe0008,0.00306,0.29356,0.21013,0.39252,0.00342,0.00241,0.17356,0.17666,0.43970,0.02297,0.06269,5.66862
2026-09-13T21:01:42.959,1789308102.959,,7.3566,81.0,2400,9829,90.2,0xe0000,0.00287,0.22813,0.33991,0.39509,0.00302,0.00121,0.18346,0.22358,0.46192,0.01272,0.06491,5.43978
2026-09-13T21:01:43.990,1789308103.990,,3.2674,79.8,2400,9836,83.0,0xe0000,0.00316,0.25628,0.20847,0.35114,0.00141,0.00141,0.17989,0.22097,0.31658,0.00651,0.06410,1.65750
2026-09-13T21:01:45.016,1789308105.017,,3.3785,77.1,2400,9914,25.2,0xe0000,0.00311,0.23326,0.20989,0.34245,0.00141,0.00141,0.21546,0.20911,0.20310,0.00059,0.06333,1.89542
2026-09-13T21:01:46.042,1789308106.043,,2.4035,75.5,2400,9943,1.7,0xe0000,0.00302,0.31059,0.20792,0.33146,0.00221,0.00242,0.17030,0.22437,0.08916,0.00000,0.06686,0.99519
2026-09-13T21:01:47.068,1789308107.068,,2.3455,74.9,2400,9933,0.0,0xe0000,0.00307,0.22007,0.27053,0.33495,0.00141,0.00242,0.17366,0.21664,0.07719,0.00000,0.06605,0.97956
2026-09-13T21:01:48.096,1789308108.096,,2.2043,74.9,2400,9937,0.0,0xe0000,0.00297,0.22085,0.27223,0.33867,0.00221,0.00282,0.18320,0.19137,0.08800,0.00000,0.06625,0.83571
2026-09-13T21:01:49.121,1789308109.122,,2.0999,73.8,2400,9937,0.0,0xe0000,0.00316,0.21549,0.22080,0.33843,0.00302,0.00141,0.17039,0.18442,0.08791,0.00000,0.06251,0.81232
2026-09-13T21:01:50.147,1789308110.147,,1.9584,72.7,2400,9943,0.2,0xe0000,0.00287,0.21919,0.21111,0.33521,0.00302,0.00141,0.21546,0.00000,0.09380,0.00000,0.06380,0.81257
2026-09-13T21:01:51.173,1789308111.173,,1.8148,72.2,1500,9940,0.0,0xe0000,0.00316,0.23646,0.20767,0.32080,0.00302,0.00242,0.17068,0.20266,0.09042,0.00000,0.06328,0.51422
2026-09-13T21:01:52.199,1789308112.200,,1.8252,72.2,1500,9950,0.0,0xe0000,0.00316,0.21821,0.21003,0.31766,0.00302,0.00141,0.18330,0.22053,0.09006,0.00000,0.06525,0.51256
2026-09-13T21:01:53.225,1789308113.226,,1.8981,71.6,1700,9956,2.7,0xe0000,0.00316,0.21977,0.23673,0.32643,0.00281,0.00242,0.16723,0.21362,0.08722,0.00000,0.06570,0.57299
2026-09-13T21:01:54.252,1789308114.252,,1.8240,70.5,1500,9946,0.0,0xe0000,0.00307,0.22014,0.21090,0.31985,0.00141,0.00242,0.18931,0.21351,0.09288,0.00000,0.06338,0.50718
2026-09-13T21:01:55.278,1789308115.279,,3.1993,71.6,1500,9943,0.2,0xe0000,0.00297,0.21929,0.27466,0.31985,0.00301,0.00282,0.21225,0.05796,0.09027,0.00030,0.06589,1.95003
2026-09-13T21:01:56.305,1789308116.305,,1.8280,71.0,1500,9953,0.2,0xe0000,0.00297,0.21959,0.20962,0.37722,0.00282,0.00282,0.29347,0.04709,0.09732,0.00000,0.06773,0.50736
2026-09-13T21:01:57.331,1789308117.332,,1.6046,71.0,1500,9953,0.0,0xe0000,0.00311,0.21831,0.21111,0.32468,0.00281,0.00121,0.18647,0.00361,0.08191,0.00000,0.06367,0.50772
2026-09-13T21:01:58.357,1789308118.358,,1.5837,71.0,1500,9953,0.0,0xe0000,0.00297,0.22200,0.20982,0.31619,0.00141,0.00141,0.16396,0.00362,0.09214,0.00000,0.06278,0.50736
2026-09-13T21:01:59.384,1789308119.385,,1.5922,70.0,1500,9749,0.0,0xe0000,0.00302,0.22204,0.22144,0.32327,0.00282,0.00242,0.17025,0.00724,0.07975,0.00000,0.06537,0.49454
2026-09-13T21:02:00.410,1789308120.411,,1.6672,69.4,1500,8342,0.2,0xe0000,0.00297,0.22214,0.21535,0.31415,0.00281,0.00282,0.25084,0.00000,0.08911,0.00000,0.06597,0.50104
2026-09-13T21:02:01.437,1789308121.437,,1.8324,71.0,1500,8266,0.0,0xe0000,0.00306,0.22044,0.21069,0.32327,0.00281,0.00282,0.20886,0.21351,0.08864,0.00000,0.06411,0.49419
2026-09-13T21:02:02.463,1789308122.464,,1.8067,70.5,1500,8248,0.0,0xe0000,0.00311,0.21771,0.20781,0.31985,0.00282,0.00242,0.19322,0.20921,0.09189,0.00000,0.06409,0.49454
2026-09-13T21:02:03.490,1789308123.491,,1.9980,70.5,1600,8246,1.7,0xe0000,0.00287,0.21783,0.21198,0.34223,0.00141,0.00242,0.16479,0.24222,0.21470,0.00296,0.06392,0.53070
2026-09-13T21:02:04.518,1789308124.519,,1.8442,69.4,1500,8237,0.7,0xe0000,0.00287,0.21861,0.21062,0.32961,0.00141,0.00141,0.16746,0.20612,0.08126,0.00000,0.06402,0.56077
2026-09-13T21:02:05.546,1789308125.546,,1.5728,69.4,1500,8241,0.0,0xe0000,0.00302,0.21939,0.20875,0.32117,0.00282,0.00282,0.16723,0.00000,0.08911,0.00000,0.06417,0.49436
2026-09-13T21:02:06.573,1789308126.574,,1.5945,68.8,1500,8248,0.2,0xe0000,0.00302,0.21936,0.20976,0.32327,0.00282,0.00282,0.17707,0.00362,0.09346,0.00000,0.06473,0.49454
2026-09-13T21:02:07.600,1789308127.600,,1.5818,69.4,1500,8241,0.2,0xe0000,0.00306,0.21939,0.21076,0.32117,0.00282,0.00282,0.17419,0.00000,0.08973,0.00000,0.07033,0.48751
2026-09-13T21:02:08.627,1789308128.628,,1.5970,69.4,1500,8234,0.0,0xe0000,0.00297,0.22823,0.22107,0.32117,0.00282,0.00282,0.17341,0.00361,0.08707,0.00000,0.06597,0.48786
2026-09-13T21:02:09.655,1789308129.655,,1.6500,69.4,1500,8234,0.0,0xe0000,0.00297,0.21851,0.22188,0.32161,0.00281,0.00282,0.17068,0.06514,0.09189,0.00000,0.06414,0.48751
2026-09-13T21:02:10.782,1789308130.782,,1.5672,68.8,1500,8248,0.2,0xe0000,0.00297,0.21851,0.20875,0.32117,0.00282,0.00282,0.16737,0.00000,0.08958,0.00000,0.06590,0.48733
2026-09-13T21:02:11.808,1789308131.809,,1.5697,68.8,1500,8248,0.2,0xe0000,0.00311,0.22047,0.20889,0.32117,0.00242,0.00242,0.17390,0.00723,0.08340,0.00000,0.06604,0.48066
2026-09-13T21:02:12.835,1789308132.835,,1.9080,69.4,1500,8244,0.0,0xe0000,0.00297,0.21781,0.21513,0.32468,0.00281,0.00282,0.29355,0.20245,0.08600,0.00000,0.06575,0.49401
2026-09-13T21:02:13.861,1789308133.861,,1.8645,69.4,1700,8234,2.2,0xe0000,0.00311,0.22075,0.21034,0.32159,0.00282,0.00322,0.19306,0.20989,0.09245,0.00000,0.06945,0.53781
2026-09-13T21:02:14.887,1789308134.888,,1.7896,68.8,1500,8237,0.0,0xe0000,0.00311,0.21899,0.20673,0.32291,0.00241,0.00322,0.17697,0.21697,0.09237,0.00030,0.06404,0.48152
2026-09-13T21:02:15.915,1789308135.915,,1.7702,68.8,1500,8244,0.0,0xe0000,0.00302,0.21881,0.21104,0.32099,0.00302,0.00242,0.15762,0.21031,0.08844,0.00000,0.06720,0.48733
2026-09-13T21:02:16.942,1789308136.943,,1.6105,68.8,1500,8248,0.2,0xe0000,0.00312,0.21695,0.20889,0.31958,0.00282,0.00242,0.17059,0.05061,0.09057,0.00000,0.06411,0.48083
2026-09-13T21:02:17.969,1789308137.969,,1.6566,68.3,1500,8248,0.0,0xe0000,0.00311,0.30357,0.20781,0.31986,0.00241,0.00242,0.18009,0.00000,0.09040,0.00000,0.06606,0.48083
2026-09-13T21:02:18.995,1789308138.996,,1.6310,68.8,1500,8248,0.0,0xe0000,0.00306,0.25206,0.22022,0.32485,0.00282,0.00282,0.17063,0.00726,0.09564,0.00000,0.06416,0.48751
2026-09-13T21:02:20.022,1789308140.023,,1.9523,68.3,1500,8244,0.0,0xe0000,0.00316,0.22037,0.23350,0.32819,0.00282,0.00242,0.17682,0.00724,0.09161,0.00000,0.06611,0.82004
2026-09-13T21:02:21.049,1789308141.049,,1.9443,68.8,1500,8244,0.2,0xe0000,0.00287,0.21693,0.20799,0.32117,0.00282,0.00242,0.20289,0.00725,0.08812,0.00000,0.06389,0.82800
2026-09-13T21:02:22.079,1789308142.079,,1.6227,68.8,1500,8246,0.0,0xe0000,0.00312,0.21821,0.21822,0.32117,0.00282,0.00242,0.17692,0.04705,0.08554,0.00000,0.06604,0.48118
2026-09-13T21:02:23.105,1789308143.106,,1.6185,68.8,1500,8244,0.0,0xe0000,0.00297,0.21705,0.21041,0.32476,0.00281,0.00141,0.17049,0.06509,0.08588,0.00000,0.06417,0.47347
2026-09-13T21:02:24.134,1789308144.135,,1.8639,67.8,1500,8234,2.0,0xe0000,0.00307,0.21715,0.24186,0.31925,0.00302,0.00221,0.24748,0.20942,0.08014,0.00000,0.06583,0.47449
2026-09-13T21:02:25.161,1789308145.161,,1.7645,68.3,1500,8237,0.2,0xe0000,0.00312,0.22085,0.20795,0.32661,0.00241,0.00322,0.16392,0.20648,0.08934,0.00000,0.06660,0.47398
2026-09-13T21:02:26.187,1789308146.188,,1.7611,68.3,1500,8241,0.0,0xe0000,0.00297,0.21848,0.20875,0.32503,0.00241,0.00322,0.18330,0.18818,0.08864,0.00000,0.06590,0.47415
2026-09-13T21:02:27.214,1789308147.214,,1.7569,67.2,1500,8241,0.0,0xe0000,0.00306,0.22221,0.21148,0.31872,0.00282,0.00282,0.17366,0.18429,0.09593,0.00000,0.06713,0.47483
2026-09-13T21:02:28.241,1789308148.241,,1.5530,67.8,1500,8250,0.2,0xe0000,0.00311,0.21881,0.20605,0.32503,0.00282,0.00242,0.17742,0.00000,0.08407,0.00000,0.06597,0.46731
2026-09-13T21:02:29.268,1789308149.269,,1.5699,68.3,1500,8239,0.0,0xe0000,0.00311,0.21891,0.20948,0.32327,0.00282,0.00242,0.18014,0.00361,0.08585,0.00000,0.06597,0.47432
2026-09-13T21:02:30.295,1789308150.295,,1.6152,67.2,1500,8246,0.0,0xe0000,0.00312,0.21851,0.20896,0.32327,0.00241,0.00322,0.16699,0.05799,0.09158,0.00000,0.06480,0.47432
2026-09-13T21:02:31.321,1789308151.322,,1.6318,67.8,1500,8241,0.2,0xe0000,0.00312,0.26419,0.20875,0.31069,0.00282,0.00242,0.17722,0.04349,0.08687,0.00000,0.06411,0.46815
2026-09-13T21:02:32.349,1789308152.349,,1.6138,67.2,1500,8234,0.0,0xe0000,0.00297,0.21967,0.20969,0.32134,0.00282,0.00282,0.17419,0.05409,0.09245,0.00000,0.06599,0.46781
2026-09-13T21:02:33.376,1789308153.376,,1.5928,67.2,1500,8237,0.0,0xe0000,0.00297,0.21567,0.20854,0.32151,0.00282,0.00242,0.16443,0.05059,0.09036,0.00000,0.06535,0.46815
2026-09-13T21:02:34.402,1789308154.403,,1.8260,67.8,1700,8219,1.7,0xe0000,0.00302,0.22163,0.23272,0.32448,0.00282,0.00282,0.18009,0.19156,0.08620,0.00000,0.06387,0.51675
2026-09-13T21:02:35.430,1789308155.430,,1.7136,66.7,1500,8223,0.5,0xe0000,0.00302,0.21861,0.20680,0.31958,0.00241,0.00242,0.15187,0.19527,0.07281,0.00000,0.06661,0.47415
2026-09-13T21:02:36.457,1789308156.458,,1.5277,67.8,1500,8232,0.0,0xe0000,0.00307,0.21881,0.20875,0.32047,0.00241,0.00222,0.15153,0.00000,0.08694,0.00000,0.06539,0.46815
2026-09-13T21:02:37.484,1789308157.484,,1.5993,67.2,1500,8230,0.0,0xe0000,0.00297,0.21909,0.20996,0.32117,0.00281,0.00282,0.19633,0.00362,0.10857,0.00000,0.06412,0.46781
2026-09-13T21:02:38.510,1789308158.510,,1.7372,67.2,1500,8237,0.0,0xe0000,0.00297,0.22027,0.21212,0.31766,0.00282,0.00282,0.16737,0.18442,0.09140,0.00000,0.06654,0.46882
2026-09-13T21:02:39.536,1789308159.537,,1.7618,66.1,1500,8237,0.2,0xe0000,0.00311,0.21871,0.20788,0.32634,0.00282,0.00242,0.17692,0.21362,0.08566,0.00000,0.06400,0.46030
2026-09-13T21:02:40.564,1789308160.564,,1.7988,67.2,1500,8239,0.2,0xe0000,0.00307,0.22278,0.20875,0.37767,0.00281,0.00282,0.30645,0.05420,0.08640,0.00000,0.06651,0.46731
2026-09-13T21:02:41.590,1789308161.591,,1.6252,67.2,1500,8232,0.0,0xe0000,0.00331,0.21773,0.22037,0.32349,0.00282,0.00222,0.17044,0.05424,0.09164,0.00000,0.06407,0.47483
2026-09-13T21:02:42.617,1789308162.617,,1.6416,66.7,1500,8244,0.2,0xe0000,0.00302,0.24270,0.20799,0.31925,0.00322,0.00282,0.19295,0.05434,0.08277,0.00059,0.06414,0.46781
2026-09-13T21:02:43.644,1789308163.645,,1.5752,67.2,1500,8228,0.0,0xe0000,0.00297,0.21773,0.20840,0.32117,0.00281,0.00282,0.19366,0.00361,0.08745,0.00000,0.06731,0.46731
2026-09-13T21:02:44.672,1789308164.672,,1.8372,66.7,1600,8228,2.4,0xe0000,0.00311,0.21803,0.20896,0.32661,0.00241,0.00222,0.19617,0.21330,0.08440,0.00000,0.06458,0.51744
2026-09-13T21:02:45.700,1789308165.700,,1.8503,67.2,1500,8239,0.0,0xe0000,0.00311,0.30555,0.20747,0.32468,0.00241,0.00322,0.19273,0.18392,0.09346,0.00000,0.06597,0.46781
2026-09-13T21:02:46.726,1789308166.727,,1.5509,67.2,1500,8241,0.0,0xe0000,0.00307,0.21743,0.20781,0.32221,0.00282,0.00242,0.16690,0.00723,0.08815,0.00000,0.06537,0.46747
2026-09-13T21:02:47.754,1789308167.754,,1.5982,65.5,1500,8241,0.0,0xe0000,0.00297,0.21655,0.20996,0.32485,0.00282,0.00282,0.16718,0.05771,0.08730,0.00000,0.06542,0.46063
2026-09-13T21:02:48.781,1789308168.781,,1.7702,66.7,1500,8237,0.2,0xe0000,0.00297,0.21625,0.20767,0.32117,0.00281,0.00282,0.18085,0.21664,0.09245,0.00000,0.06542,0.46113
2026-09-13T21:02:49.807,1789308169.808,,1.8582,66.1,1500,8232,0.0,0xe0000,0.00311,0.22485,0.27672,0.32134,0.00282,0.00282,0.19933,0.20921,0.08631,0.00000,0.06409,0.46764
2026-09-13T21:02:50.834,1789308170.834,,1.7370,66.1,1500,8239,0.2,0xe0000,0.00306,0.21725,0.20639,0.31750,0.00282,0.00282,0.17682,0.20942,0.07417,0.00000,0.06594,0.46080
2026-09-13T21:02:51.860,1789308171.861,,1.7428,65.0,1500,8237,0.0,0xe0000,0.00307,0.21936,0.20896,0.32099,0.00282,0.00282,0.17087,0.20220,0.08486,0.00000,0.06594,0.46096
2026-09-13T21:02:52.887,1789308172.887,,1.7091,66.1,1500,8230,0.2,0xe0000,0.00307,0.21811,0.23481,0.32274,0.00281,0.00282,0.17712,0.18818,0.08895,0.00000,0.06962,0.40084
2026-09-13T21:02:53.913,1789308173.914,,1.7604,66.1,1500,8234,0.0,0xe0000,0.00311,0.23131,0.20861,0.32271,0.00282,0.00282,0.19595,0.17990,0.08698,0.00000,0.06526,0.46096
2026-09-13T21:02:55.027,1789308175.028,,1.7748,66.1,1700,8225,2.7,0xe0000,0.00311,0.21773,0.20809,0.32661,0.00241,0.00483,0.16429,0.18438,0.08756,0.00000,0.06582,0.51002
2026-09-13T21:02:56.058,1789308176.058,,2.1273,66.7,1500,8223,0.2,0xe0000,0.00297,0.21861,0.20962,0.31942,0.00241,0.00242,0.17732,0.20581,0.11440,0.00000,0.06952,0.80484
2026-09-13T21:02:57.088,1789308177.088,,1.5543,66.7,1500,8237,0.0,0xe0000,0.00311,0.22125,0.20660,0.31925,0.00262,0.00483,0.17697,0.00361,0.08815,0.00000,0.06729,0.46063
2026-09-13T21:02:58.114,1789308178.114,,1.5816,66.7,1500,8241,0.0,0xe0000,0.00312,0.21773,0.20916,0.32099,0.00261,0.00322,0.20915,0.00000,0.08540,0.00000,0.06976,0.46046
2026-09-13T21:02:59.140,1789308179.141,,1.5665,65.5,1500,8237,0.5,0xe0000,0.00302,0.22136,0.20747,0.31607,0.00241,0.00242,0.18689,0.00723,0.09302,0.00000,0.06603,0.46063
2026-09-13T21:03:00.167,1789308180.167,,1.5112,66.1,1500,8230,0.0,0xe0000,0.00297,0.21695,0.20868,0.32327,0.00282,0.00282,0.15123,0.00000,0.07205,0.00000,0.06965,0.46080
2026-09-13T21:03:01.193,1789308181.194,,1.6212,66.7,1500,8241,0.0,0xe0000,0.00307,0.22241,0.22059,0.32271,0.00403,0.00242,0.17044,0.05782,0.08922,0.00149,0.06604,0.46096
2026-09-13T21:03:02.220,1789308182.220,,1.7424,66.1,1500,8230,0.0,0xe0000,0.00306,0.21929,0.20840,0.31925,0.00241,0.00242,0.17346,0.20638,0.08640,0.00118,0.06589,0.45428
2026-09-13T21:03:03.246,1789308183.247,,1.7858,66.1,1500,8225,0.0,0xe0000,0.00306,0.21793,0.20673,0.31942,0.00282,0.00282,0.21279,0.20989,0.08875,0.00000,0.06729,0.45428
2026-09-13T21:03:04.272,1789308184.273,,1.6716,65.5,1500,8232,0.2,0xe0000,0.00307,0.29305,0.21055,0.32151,0.00282,0.00282,0.17097,0.05789,0.08481,0.00000,0.06980,0.45428
2026-09-13T21:03:05.299,1789308185.300,,1.8254,65.5,1600,8225,2.7,0xe0000,0.00297,0.22017,0.21951,0.32448,0.00282,0.00282,0.17429,0.21335,0.09161,0.00000,0.07007,0.50328
2026-09-13T21:03:06.328,1789308186.329,,1.7449,65.0,1500,8232,0.0,0xe0000,0.00297,0.21470,0.20747,0.31925,0.00282,0.00282,0.18325,0.19151,0.09460,0.00030,0.06414,0.46113
2026-09-13T21:03:07.355,1789308187.355,,1.5420,65.5,1500,8228,0.0,0xe0000,0.00312,0.21577,0.20747,0.31925,0.00322,0.00484,0.17390,0.00000,0.08693,0.00000,0.06604,0.46146
2026-09-13T21:03:08.381,1789308188.382,,1.8689,66.1,1500,8230,0.0,0xe0000,0.00311,0.21705,0.32764,0.32274,0.00261,0.00242,0.19279,0.18438,0.08812,0.00059,0.06596,0.46146
2026-09-13T21:03:09.407,1789308189.408,,1.7373,65.5,1500,8232,0.0,0xe0000,0.00297,0.21841,0.21003,0.32448,0.00322,0.00242,0.17346,0.18776,0.09260,0.00000,0.06784,0.45412
2026-09-13T21:03:10.434,1789308190.434,,1.7749,65.0,1500,8228,0.2,0xe0000,0.00302,0.22044,0.23296,0.31925,0.00261,0.00242,0.18678,0.21330,0.07437,0.00000,0.06533,0.45444
2026-09-13T21:03:11.460,1789308191.461,,1.7851,65.5,1500,8230,0.2,0xe0000,0.00312,0.21773,0.21714,0.32271,0.00281,0.00282,0.19611,0.20921,0.09051,0.00000,0.06899,0.45395
2026-09-13T21:03:12.487,1789308192.487,,1.5898,65.0,1500,8230,0.0,0xe0000,0.00302,0.22397,0.20781,0.31401,0.00262,0.00242,0.17044,0.05424,0.09152,0.00000,0.06609,0.45363
2026-09-13T21:03:13.513,1789308193.514,,1.5897,65.5,1500,8237,0.0,0xe0000,0.00302,0.21851,0.20781,0.32448,0.00241,0.00242,0.17366,0.05074,0.08520,0.00059,0.06604,0.45477
2026-09-13T21:03:14.539,1789308194.540,,1.5641,65.0,1500,8237,0.0,0xe0000,0.00311,0.21851,0.20854,0.32564,0.00282,0.00222,0.15815,0.03984,0.08719,0.00000,0.06416,0.45395
2026-09-13T21:03:15.566,1789308195.567,,2.5071,63.9,1600,8237,1.2,0xe0000,0.00321,0.25036,0.23326,0.33669,0.00302,0.00242,0.17608,0.22725,0.24724,0.00592,0.06333,0.95829
2026-09-13T21:03:16.593,1789308196.593,,1.7213,65.5,1500,8223,0.7,0xe0000,0.00302,0.21823,0.20660,0.31768,0.00241,0.00242,0.16784,0.18776,0.09513,0.00000,0.06596,0.45428
2026-09-13T21:03:17.619,1789308197.620,,1.7641,65.0,1500,8221,0.0,0xe0000,0.00302,0.21811,0.20733,0.32803,0.00281,0.00282,0.21540,0.18081,0.08864,0.00000,0.06969,0.44744
2026-09-13T21:03:18.646,1789308198.646,,1.5315,65.5,1500,8223,0.0,0xe0000,0.00306,0.21773,0.20875,0.32310,0.00282,0.00242,0.17732,0.00000,0.07422,0.00000,0.06782,0.45428
2026-09-13T21:03:19.672,1789308199.673,,1.5827,66.1,1500,8234,0.2,0xe0000,0.00317,0.21919,0.20889,0.31942,0.00241,0.00322,0.16424,0.05427,0.09396,0.00000,0.06597,0.44792
2026-09-13T21:03:20.699,1789308200.699,,1.9795,65.0,1500,8232,0.0,0xe0000,0.00312,0.21783,0.27977,0.31925,0.00261,0.00322,0.19290,0.21330,0.11209,0.00000,0.06713,0.56826
2026-09-13T21:03:21.725,1789308201.725,,1.7331,64.5,1500,8219,0.0,0xe0000,0.00311,0.21861,0.20896,0.31401,0.00261,0.00322,0.17732,0.19904,0.08594,0.00000,0.06616,0.45412
2026-09-13T21:03:22.752,1789308202.753,,1.5901,65.0,1500,8219,0.0,0xe0000,0.00297,0.21625,0.21951,0.32134,0.00241,0.00242,0.17087,0.05050,0.09088,0.00030,0.06540,0.44728
2026-09-13T21:03:23.780,1789308203.780,,1.7571,65.0,1500,8228,0.0,0xe0000,0.00311,0.21773,0.22237,0.32625,0.00262,0.00242,0.16704,0.21303,0.08707,0.00000,0.06782,0.44760
2026-09-13T21:03:24.806,1789308204.807,,1.7172,65.5,1500,8237,0.2,0xe0000,0.00297,0.21705,0.20889,0.32151,0.00282,0.00282,0.16322,0.19070,0.08594,0.00000,0.06654,0.45477
2026-09-13T21:03:25.834,1789308205.834,,1.9756,65.0,1600,8216,2.0,0xe0000,0.00297,0.21821,0.33968,0.31576,0.00322,0.00242,0.22246,0.23161,0.08017,0.00000,0.06949,0.48964
2026-09-13T21:03:26.861,1789308206.862,,1.8298,63.9,1500,8214,0.2,0xe0000,0.00311,0.30619,0.20896,0.32448,0.00262,0.00242,0.19295,0.18818,0.08259,0.00000,0.06283,0.45542
2026-09-13T21:03:27.888,1789308207.888,,1.7090,65.0,1500,8223,0.0,0xe0000,0.00297,0.21725,0.21111,0.32271,0.00402,0.00222,0.17035,0.18108,0.08148,0.00000,0.06791,0.44792
2026-09-13T21:03:28.915,1789308208.916,,1.7771,64.5,1500,8234,0.0,0xe0000,0.00312,0.26845,0.20840,0.32448,0.00281,0.00242,0.17687,0.18072,0.09573,0.00000,0.06601,0.44808
2026-09-13T21:03:29.943,1789308209.943,,1.7200,63.4,1500,8234,0.2,0xe0000,0.00306,0.22007,0.27995,0.31916,0.00322,0.00242,0.22165,0.05771,0.08867,0.00000,0.06978,0.45428
2026-09-13T21:03:30.970,1789308210.971,,1.7335,65.0,1500,8219,0.2,0xe0000,0.00311,0.22017,0.20889,0.31750,0.00261,0.00242,0.17054,0.20916,0.08753,0.00000,0.06416,0.44744
2026-09-13T21:03:31.997,1789308211.997,,1.7180,64.5,1500,8232,0.0,0xe0000,0.00307,0.21939,0.20781,0.31783,0.00241,0.00242,0.16713,0.20220,0.08373,0.00000,0.06412,0.44792
2026-09-13T21:03:33.024,1789308213.025,,2.0129,63.9,1500,8228,0.0,0xe0000,0.00311,0.21861,0.28005,0.32803,0.00262,0.00242,0.18055,0.04689,0.09472,0.00000,0.06768,0.78819
2026-09-13T21:03:34.051,1789308214.051,,1.7830,63.9,1500,8221,0.0,0xe0000,0.00306,0.22115,0.22129,0.32625,0.00322,0.00282,0.17667,0.00000,0.08532,0.00000,0.06587,0.67734
2026-09-13T21:03:35.080,1789308215.081,,1.6174,65.0,1500,8221,0.0,0xe0000,0.00311,0.21949,0.20747,0.32625,0.00261,0.00242,0.17667,0.05066,0.11362,0.00000,0.06720,0.44792
2026-09-13T21:03:36.107,1789308216.108,,2.2004,64.5,1600,8228,1.2,0xe0000,0.00312,0.21695,0.20819,0.32448,0.00241,0.00282,0.19273,0.21588,0.09352,0.00000,0.06590,0.87435
2026-09-13T21:03:37.134,1789308217.135,,1.8161,64.5,1500,8225,1.7,0xe0000,0.00302,0.21899,0.22322,0.32625,0.00261,0.00242,0.24441,0.19859,0.08600,0.00000,0.06284,0.44776
2026-09-13T21:03:38.161,1789308218.161,,1.7261,65.0,1500,8210,0.2,0xe0000,0.00312,0.21949,0.20781,0.31916,0.00282,0.00242,0.17035,0.20200,0.08512,0.00000,0.06589,0.44792
2026-09-13T21:03:39.187,1789308219.188,,1.7844,65.5,1500,8219,0.0,0xe0000,0.00321,0.22007,0.20691,0.32099,0.00282,0.00282,0.20933,0.21643,0.08895,0.00000,0.06532,0.44760
2026-09-13T21:03:40.213,1789308220.214,,1.7400,63.9,1500,8221,0.0,0xe0000,0.00302,0.21861,0.20962,0.31576,0.00402,0.00242,0.17772,0.20942,0.08019,0.00000,0.07163,0.44760
2026-09-13T21:03:41.240,1789308221.240,,1.5880,63.9,1500,8210,0.5,0xe0000,0.00302,0.22428,0.20840,0.32047,0.00261,0.00242,0.17390,0.05774,0.08046,0.00000,0.06658,0.44808
2026-09-13T21:03:42.267,1789308222.268,,1.5241,63.9,1500,8210,0.0,0xe0000,0.00312,0.21705,0.20819,0.31783,0.00241,0.00483,0.16424,0.01087,0.08368,0.00000,0.06416,0.44776
2026-09-13T21:03:43.294,1789308223.294,,1.5151,64.5,1500,8212,0.0,0xe0000,0.00297,0.21549,0.21083,0.31576,0.00282,0.00242,0.16392,0.00000,0.08762,0.00000,0.06603,0.44728
2026-09-13T21:03:44.320,1789308224.320,,1.6072,64.5,1500,8219,0.0,0xe0000,0.00312,0.26952,0.21700,0.32625,0.00402,0.00242,0.17978,0.00362,0.08676,0.00000,0.06732,0.44744
2026-09-13T21:03:45.346,1789308225.347,,1.5266,64.5,1500,8207,0.5,0xe0000,0.00312,0.21977,0.20625,0.31925,0.00282,0.00242,0.17006,0.00723,0.08663,0.00000,0.06788,0.44124
2026-09-13T21:03:46.373,1789308226.373,,2.1260,63.4,1500,8212,0.7,0xe0000,0.00302,0.21655,0.20840,0.31925,0.00282,0.00242,0.19922,0.21708,0.08142,0.00000,0.06658,0.80922
2026-09-13T21:03:47.399,1789308227.400,,1.7158,65.0,1500,8205,1.2,0xe0000,0.00301,0.21813,0.20875,0.31925,0.00262,0.00242,0.15106,0.21351,0.08252,0.00000,0.06658,0.44792
2026-09-13T21:03:48.426,1789308228.426,,1.7428,63.9,1500,8203,0.0,0xe0000,0.00297,0.21499,0.20840,0.32093,0.00241,0.00242,0.17978,0.20942,0.08716,0.00029,0.06594,0.44808
2026-09-13T21:03:49.452,1789308229.453,,1.5754,63.9,1500,8201,0.2,0xe0000,0.00297,0.21771,0.21843,0.31750,0.00262,0.00222,0.17375,0.05424,0.08694,0.00000,0.06433,0.43471
2026-09-13T21:03:50.479,1789308230.479,,1.5818,63.4,1500,8212,0.0,0xe0000,0.00307,0.21977,0.21535,0.32292,0.00282,0.00282,0.17346,0.04336,0.08815,0.00000,0.06280,0.44728
2026-09-13T21:03:51.505,1789308231.506,,1.5521,63.4,1500,8207,0.0,0xe0000,0.00306,0.21929,0.20733,0.32448,0.00322,0.00242,0.19711,0.00000,0.08724,0.00088,0.06616,0.44092
2026-09-13T21:03:52.531,1789308232.532,,1.6937,63.4,1500,8219,0.0,0xe0000,0.00316,0.21519,0.20889,0.37753,0.00241,0.00242,0.28164,0.00000,0.09482,0.00000,0.06597,0.44171
2026-09-13T21:03:53.559,1789308233.559,,1.5483,63.9,1500,8232,0.0,0xe0000,0.00297,0.22047,0.20625,0.32625,0.00322,0.00242,0.17672,0.00361,0.08895,0.00000,0.06969,0.44776
2026-09-13T21:03:54.586,1789308234.587,,1.5729,63.9,1500,8228,0.2,0xe0000,0.00302,0.24504,0.20875,0.32625,0.00322,0.00242,0.18418,0.00000,0.09115,0.00000,0.06795,0.44092
2026-09-13T21:03:55.614,1789308235.614,,1.7308,63.4,1500,8223,0.2,0xe0000,0.00306,0.22017,0.20518,0.31750,0.00262,0.00242,0.17667,0.20560,0.08982,0.00000,0.06656,0.44124
2026-09-13T21:03:56.641,1789308236.642,,1.7502,64.5,1500,8228,0.7,0xe0000,0.00311,0.21627,0.20781,0.32448,0.00261,0.00242,0.17356,0.23045,0.08540,0.00000,0.06289,0.44124
2026-09-13T21:03:57.672,1789308237.672,,1.7444,63.4,1500,8219,1.5,0xe0000,0.00321,0.21926,0.20625,0.32310,0.00241,0.00242,0.19628,0.20266,0.08259,0.00000,0.06530,0.44092
2026-09-13T21:03:58.699,1789308238.700,,1.7882,62.8,1500,8219,0.0,0xe0000,0.00311,0.21861,0.20767,0.32271,0.00261,0.00242,0.22498,0.21643,0.08385,0.00000,0.06485,0.44092
2026-09-13T21:03:59.727,1789308239.727,,1.7150,63.4,1500,8223,0.2,0xe0000,0.00311,0.21781,0.20962,0.32274,0.00242,0.00242,0.16713,0.19118,0.09115,0.00000,0.06601,0.44139
2026-09-13T21:04:00.754,1789308240.755,,1.6881,63.9,1500,8225,0.0,0xe0000,0.00302,0.21889,0.33991,0.32271,0.00282,0.00242,0.19916,0.00362,0.08346,0.00000,0.06417,0.44792
2026-09-13T21:04:01.781,1789308241.782,,1.5212,62.8,1500,8219,0.2,0xe0000,0.00316,0.21734,0.20767,0.32448,0.00402,0.00222,0.17044,0.00000,0.08489,0.00000,0.06604,0.44092
2026-09-13T21:04:02.808,1789308242.808,,1.5272,63.4,1500,8223,0.2,0xe0000,0.00302,0.21693,0.20774,0.32980,0.00241,0.00242,0.17385,0.00362,0.08898,0.00000,0.06407,0.43439
2026-09-13T21:04:03.835,1789308243.836,,1.6647,63.4,1500,8230,0.0,0xe0000,0.00311,0.21871,0.27930,0.32741,0.00302,0.00242,0.18652,0.05060,0.08716,0.00000,0.06589,0.44060
2026-09-13T21:04:04.863,1789308244.863,,1.7319,63.4,1500,8230,0.0,0xe0000,0.00307,0.21461,0.20840,0.32625,0.00242,0.00201,0.17063,0.20974,0.09213,0.00059,0.06777,0.43424
2026-09-13T21:04:05.889,1789308245.890,,1.7407,63.4,1500,8221,0.2,0xe0000,0.00297,0.22044,0.20767,0.31925,0.00282,0.00201,0.17375,0.20921,0.09567,0.00000,0.06587,0.44108
2026-09-13T21:04:06.917,1789308246.917,,2.7664,63.9,1500,8223,0.7,0xe0000,0.00306,0.23213,0.20809,0.33512,0.00241,0.00282,0.16704,0.73028,0.18263,0.00235,0.06394,0.83657
2026-09-13T21:04:07.947,1789308247.947,,1.7082,63.4,1500,8216,1.7,0xe0000,0.00311,0.21811,0.20584,0.32803,0.00261,0.00322,0.16156,0.18475,0.09723,0.00000,0.06969,0.43408
2026-09-13T21:04:08.973,1789308248.974,,1.6915,62.8,1500,8210,0.0,0xe0000,0.00302,0.22095,0.20781,0.31750,0.00261,0.00242,0.16479,0.18081,0.08501,0.00000,0.06594,0.44060
2026-09-13T21:04:10.003,1789308250.004,,1.9554,63.4,1500,8210,0.0,0xe0000,0.00311,0.27301,0.20733,0.32803,0.00322,0.00322,0.18034,0.00000,0.08919,0.00000,0.06333,0.80460
2026-09-13T21:04:11.030,1789308251.030,,1.8599,63.9,1500,8205,0.0,0xe0000,0.00307,0.21646,0.20788,0.32625,0.00322,0.00222,0.17030,0.00000,0.08812,0.00000,0.06962,0.77273
2026-09-13T21:04:12.056,1789308252.057,,1.9177,62.8,1500,8205,0.2,0xe0000,0.00311,0.21851,0.20875,0.32448,0.00262,0.00322,0.18014,0.05424,0.09195,0.00000,0.06594,0.76477
2026-09-13T21:04:13.086,1789308253.087,,1.5850,63.4,1500,8207,0.0,0xe0000,0.00302,0.21771,0.20882,0.32038,0.00282,0.00242,0.18418,0.05436,0.08600,0.00030,0.06411,0.44092
2026-09-13T21:04:14.113,1789308254.113,,1.5827,63.4,1500,8205,0.2,0xe0000,0.00312,0.21889,0.20767,0.32093,0.00322,0.00222,0.18315,0.05063,0.09402,0.00000,0.06417,0.43471
2026-09-13T21:04:15.139,1789308255.140,,1.6604,63.4,1500,8203,0.0,0xe0000,0.00311,0.30868,0.20747,0.32093,0.00322,0.00222,0.17390,0.05060,0.09005,0.00000,0.06611,0.43408
2026-09-13T21:04:16.166,1789308256.166,,1.5660,63.9,1500,8207,0.2,0xe0000,0.00307,0.21939,0.20719,0.31925,0.00261,0.00483,0.17346,0.05060,0.07837,0.00000,0.06603,0.44124
2026-09-13T21:04:17.192,1789308257.193,,2.1871,62.8,1600,8198,0.7,0xe0000,0.00312,0.21997,0.21728,0.32134,0.00241,0.00201,0.17682,0.19874,0.08637,0.00000,0.06400,0.89503
2026-09-13T21:04:18.219,1789308258.219,,1.7164,63.4,1500,8210,1.7,0xe0000,0.00302,0.22007,0.21069,0.31593,0.00261,0.00242,0.18356,0.18415,0.08982,0.00000,0.07016,0.43393
2026-09-13T21:04:19.245,1789308259.246,,1.7163,63.4,1500,8210,0.0,0xe0000,0.00302,0.23287,0.20896,0.31401,0.00261,0.00242,0.18325,0.18054,0.08911,0.00059,0.06409,0.43486
2026-09-13T21:04:20.273,1789308260.273,,1.7180,63.9,1500,8207,0.0,0xe0000,0.00331,0.21617,0.20518,0.32741,0.00282,0.00483,0.17126,0.19527,0.09045,0.00000,0.06711,0.43424
2026-09-13T21:04:21.299,1789308261.300,,1.7020,63.4,1500,8205,0.0,0xe0000,0.00307,0.22085,0.20747,0.32271,0.00242,0.00242,0.15758,0.20560,0.08126,0.00000,0.06411,0.43455
2026-09-13T21:04:22.327,1789308262.327,,1.8621,63.4,1500,8212,0.0,0xe0000,0.00307,0.23255,0.20698,0.31976,0.00241,0.00242,0.16111,0.21303,0.08704,0.00000,0.06528,0.56846
2026-09-13T21:04:23.354,1789308263.354,,1.7322,62.2,1500,8205,0.5,0xe0000,0.00302,0.21733,0.33357,0.32271,0.00282,0.00282,0.17687,0.05424,0.11239,0.00000,0.06535,0.44108
2026-09-13T21:04:24.380,1789308264.381,,1.5866,64.5,1500,8228,0.0,0xe0000,0.00302,0.21929,0.21700,0.32448,0.00282,0.00222,0.17742,0.05051,0.08492,0.00000,0.06434,0.44060
2026-09-13T21:04:25.407,1789308265.407,,1.5126,63.4,1500,8230,0.2,0xe0000,0.00297,0.21871,0.20747,0.31925,0.00302,0.00242,0.17366,0.00000,0.07805,0.00000,0.06613,0.44092
2026-09-13T21:04:26.433,1789308266.434,,1.6209,62.2,1500,8228,0.0,0xe0000,0.00312,0.21734,0.28145,0.31925,0.00322,0.00242,0.21534,0.00722,0.06923,0.00000,0.06775,0.43455
2026-09-13T21:04:27.460,1789308267.460,,1.7914,62.8,1600,6952,0.7,0xe0000,0.00307,0.24504,0.20646,0.33030,0.00282,0.00282,0.16732,0.20989,0.08922,0.00000,0.06597,0.46849
2026-09-13T21:04:28.486,1789308268.487,,1.8601,63.4,1500,6387,1.2,0xe0000,0.00302,0.21793,0.21034,0.37702,0.00242,0.00484,0.28276,0.17693,0.08477,0.00000,0.06582,0.43424
2026-09-13T21:04:29.514,1789308269.514,,1.8121,62.2,1500,6306,0.0,0xe0000,0.00306,0.29577,0.20781,0.32980,0.00322,0.00242,0.16996,0.20989,0.08922,0.00000,0.06667,0.43424
2026-09-13T21:04:30.541,1789308270.542,,1.5621,63.4,1500,6266,0.5,0xe0000,0.00292,0.21909,0.20889,0.31637,0.00282,0.00242,0.17361,0.04703,0.09081,0.00000,0.06362,0.43455
2026-09-13T21:04:31.568,1789308271.569,,1.5637,62.2,1500,6273,0.0,0xe0000,0.00312,0.21539,0.20847,0.32033,0.00403,0.00242,0.17677,0.05059,0.09081,0.00000,0.06427,0.42756
2026-09-13T21:04:32.595,1789308272.595,,1.5830,62.8,1500,6290,0.0,0xe0000,0.00302,0.22584,0.20753,0.31750,0.00241,0.00242,0.17989,0.05799,0.08628,0.00000,0.06603,0.43408
2026-09-13T21:04:33.621,1789308273.622,,1.5626,62.8,1500,6302,0.0,0xe0000,0.00311,0.21811,0.21973,0.32274,0.00262,0.00242,0.16410,0.04694,0.08441,0.00000,0.06422,0.43424
2026-09-13T21:04:34.649,1789308274.649,,1.5184,62.8,1500,6309,0.0,0xe0000,0.00297,0.21831,0.22073,0.32271,0.00322,0.00222,0.16084,0.00000,0.08660,0.00000,0.06611,0.43471
2026-09-13T21:04:35.676,1789308275.677,,1.5256,62.2,1500,6305,0.0,0xe0000,0.00302,0.21929,0.20799,0.32625,0.00322,0.00222,0.17429,0.00000,0.08973,0.00119,0.06417,0.43424
2026-09-13T21:04:36.702,1789308276.703,,1.5276,63.9,1500,6305,0.0,0xe0000,0.00297,0.21851,0.20660,0.32271,0.00362,0.00282,0.19290,0.00000,0.08684,0.00000,0.06296,0.42771
2026-09-13T21:04:37.730,1789308277.731,,2.9033,62.8,1600,6329,1.2,0xe0000,0.00316,0.24359,0.20781,0.33266,0.00241,0.00483,0.20289,0.73298,0.18402,0.00207,0.07027,0.91664
2026-09-13T21:04:38.759,1789308278.759,,1.8896,62.2,1500,6327,1.2,0xe0000,0.00307,0.22319,0.33912,0.31925,0.00322,0.00242,0.19295,0.21330,0.08815,0.00000,0.06417,0.44076
2026-09-13T21:04:39.785,1789308279.786,,1.7192,62.2,1500,6330,0.0,0xe0000,0.00297,0.21705,0.20593,0.32625,0.00402,0.00242,0.17083,0.21293,0.08611,0.00000,0.06984,0.42088
2026-09-13T21:04:40.811,1789308280.812,,1.7111,62.2,1500,6345,0.2,0xe0000,0.00311,0.21733,0.20903,0.32271,0.00261,0.00222,0.15419,0.20989,0.08815,0.00000,0.06791,0.43393
2026-09-13T21:04:41.839,1789308281.839,,1.7078,62.8,1500,6358,0.0,0xe0000,0.00297,0.21919,0.20767,0.31750,0.00322,0.00242,0.16382,0.20560,0.09081,0.00059,0.06601,0.42802
2026-09-13T21:04:42.866,1789308282.867,,1.6027,62.2,1500,6355,0.0,0xe0000,0.00302,0.26845,0.20896,0.31576,0.00262,0.00242,0.17667,0.05071,0.07020,0.00000,0.06982,0.43408
2026-09-13T21:04:43.893,1789308283.893,,1.5218,62.8,1500,6368,0.2,0xe0000,0.00302,0.21851,0.21807,0.32210,0.00282,0.00242,0.15767,0.00721,0.08390,0.00000,0.06545,0.44060
2026-09-13T21:04:44.920,1789308284.920,,1.5163,61.7,1500,6374,0.0,0xe0000,0.00297,0.21695,0.21914,0.32527,0.00282,0.00222,0.15749,0.00000,0.08733,0.00000,0.06789,0.43424
2026-09-13T21:04:45.947,1789308285.948,,1.5371,62.2,1500,6378,0.0,0xe0000,0.00307,0.22122,0.23111,0.31925,0.00261,0.00242,0.17126,0.00000,0.08486,0.00000,0.06658,0.43471
2026-09-13T21:04:46.975,1789308286.975,,1.5589,63.4,1500,6380,0.0,0xe0000,0.00312,0.21956,0.20840,0.32271,0.00402,0.00222,0.15758,0.05436,0.08701,0.00000,0.06603,0.43393
2026-09-13T21:04:48.007,1789308288.007,,2.7023,62.2,1500,6382,0.7,0xe0000,0.00297,0.22319,0.21069,0.33157,0.00322,0.00222,0.23509,0.23109,0.15021,0.00147,0.06704,1.24350
2026-09-13T21:04:49.034,1789308289.034,,2.0529,62.8,1500,6373,2.0,0xe0000,0.00312,0.22085,0.20673,0.32625,0.00322,0.00322,0.17672,0.20266,0.09152,0.00000,0.06160,0.75703
2026-09-13T21:04:50.064,1789308290.064,,1.7153,62.8,1500,6376,0.2,0xe0000,0.00302,0.21597,0.21003,0.31942,0.00241,0.00242,0.17025,0.21271,0.08360,0.00000,0.06789,0.42756
2026-09-13T21:04:51.090,1789308291.091,,1.7462,62.8,1500,6376,0.2,0xe0000,0.00311,0.21997,0.20854,0.32271,0.00261,0.00484,0.19617,0.19166,0.09006,0.00000,0.06609,0.44044
2026-09-13T21:04:52.117,1789308292.117,,1.5974,62.8,1500,6370,0.0,0xe0000,0.00312,0.30711,0.20660,0.32171,0.00261,0.00322,0.17737,0.00000,0.07437,0.00000,0.06608,0.43517
2026-09-13T21:04:53.143,1789308293.144,,1.5130,61.7,1500,6374,0.0,0xe0000,0.00321,0.21655,0.20639,0.31783,0.00241,0.00242,0.17697,0.00000,0.08964,0.00000,0.06291,0.43471
2026-09-13T21:04:54.169,1789308294.170,,1.5183,62.8,1500,6380,0.0,0xe0000,0.00312,0.22204,0.22827,0.32038,0.00262,0.00322,0.15767,0.01088,0.07825,0.00000,0.06429,0.42756
2026-09-13T21:04:55.196,1789308295.196,,2.0301,61.7,1500,6382,0.2,0xe0000,0.00297,0.23635,0.20812,0.31688,0.00362,0.00222,0.18320,0.05771,0.08625,0.00000,0.06429,0.86848
2026-09-13T21:04:56.222,1789308296.223,,1.8543,62.2,1500,6391,0.2,0xe0000,0.00307,0.22115,0.28084,0.37333,0.00241,0.00181,0.32240,0.05066,0.09177,0.00000,0.06606,0.44076
2026-09-13T21:04:57.248,1789308297.249,,1.5624,63.4,1500,6377,0.0,0xe0000,0.00311,0.22007,0.20840,0.31925,0.00262,0.00242,0.17068,0.04349,0.09237,0.00000,0.06603,0.43393
2026-09-13T21:04:58.275,1789308298.275,,1.5827,62.2,1500,6370,0.0,0xe0000,0.00312,0.23177,0.20753,0.31925,0.00342,0.00484,0.17336,0.05424,0.09093,0.00000,0.06672,0.42756
2026-09-13T21:04:59.301,1789308299.302,,1.7916,62.2,1500,6368,1.7,0xe0000,0.00297,0.21470,0.21219,0.32448,0.00402,0.00242,0.25712,0.20220,0.08362,0.00000,0.06670,0.42118
2026-09-13T21:05:00.328,1789308300.328,,1.7006,62.2,1500,6387,0.2,0xe0000,0.00302,0.21783,0.21900,0.31401,0.00261,0.00242,0.17361,0.18387,0.08922,0.00059,0.06658,0.42786
2026-09-13T21:05:01.354,1789308301.355,,1.5304,61.7,1500,6388,0.0,0xe0000,0.00297,0.21848,0.20747,0.32093,0.00322,0.00222,0.17989,0.00723,0.08597,0.00000,0.06732,0.43471
2026-09-13T21:05:02.380,1789308302.381,,1.5329,62.8,1500,6388,0.2,0xe0000,0.00321,0.21733,0.20875,0.32448,0.00241,0.00222,0.19711,0.00000,0.08197,0.00000,0.06736,0.42802
2026-09-13T21:05:03.407,1789308303.407,,1.5089,62.2,1500,6385,0.0,0xe0000,0.00312,0.21627,0.20660,0.32117,0.00242,0.00483,0.16447,0.00000,0.09393,0.00000,0.06857,0.42756
2026-09-13T21:05:04.434,1789308304.435,,1.6539,62.2,1500,6397,0.0,0xe0000,0.00306,0.30683,0.20719,0.31576,0.00261,0.00242,0.17356,0.05436,0.08919,0.00000,0.06416,0.43471
2026-09-13T21:05:05.461,1789308305.462,,1.7184,62.8,1500,6397,0.2,0xe0000,0.00302,0.21773,0.20701,0.31916,0.00282,0.00222,0.17667,0.20942,0.08554,0.00000,0.06663,0.42817
2026-09-13T21:05:06.488,1789308306.488,,1.7485,62.2,1500,6395,0.0,0xe0000,0.00307,0.21967,0.23004,0.31925,0.00262,0.00242,0.17346,0.21330,0.08614,0.00000,0.06402,0.43455
2026-09-13T21:05:07.515,1789308307.516,,1.5670,62.2,1500,6396,0.0,0xe0000,0.00312,0.21889,0.22597,0.32033,0.00282,0.00242,0.16479,0.04714,0.08628,0.00000,0.06736,0.42786
2026-09-13T21:05:08.542,1789308308.543,,1.5483,62.2,1500,6402,0.0,0xe0000,0.00312,0.21984,0.20781,0.31925,0.00261,0.00222,0.16392,0.04709,0.08849,0.00000,0.06609,0.42786
2026-09-13T21:05:09.569,1789308309.569,,1.7183,62.8,1500,6397,2.9,0xe0000,0.00297,0.21803,0.21069,0.32803,0.00241,0.00242,0.18330,0.18081,0.09137,0.00000,0.07037,0.42786
2026-09-13T21:05:10.595,1789308310.596,,1.6800,61.1,1500,6415,0.0,0xe0000,0.00311,0.21803,0.20660,0.32448,0.00402,0.00222,0.15687,0.18081,0.08949,0.00030,0.06596,0.42817
2026-09-13T21:05:11.622,1789308311.622,,1.4964,61.7,1500,6412,0.0,0xe0000,0.00297,0.21558,0.20660,0.31624,0.00282,0.00242,0.17044,0.00361,0.07805,0.00000,0.07031,0.42740
2026-09-13T21:05:12.649,1789308312.650,,1.5143,62.8,1500,6404,0.2,0xe0000,0.00307,0.22115,0.20691,0.32271,0.00242,0.00222,0.17687,0.00361,0.08059,0.00000,0.06677,0.42802
2026-09-13T21:05:13.676,1789308313.677,,1.8057,61.7,1500,6411,0.0,0xe0000,0.00311,0.29474,0.21024,0.32271,0.00282,0.00242,0.15815,0.23155,0.08733,0.00000,0.06540,0.42725
2026-09-13T21:05:14.703,1789308314.703,,1.7184,62.2,1500,6415,0.0,0xe0000,0.00311,0.22017,0.20518,0.32099,0.00261,0.00242,0.17732,0.19884,0.08922,0.00118,0.06976,0.42756
2026-09-13T21:05:15.730,1789308315.731,,1.7398,61.7,1500,6411,0.2,0xe0000,0.00302,0.21821,0.21305,0.31750,0.00402,0.00242,0.18310,0.21303,0.08800,0.00000,0.07024,0.42725
2026-09-13T21:05:16.757,1789308316.758,,1.5605,62.2,1500,6412,0.0,0xe0000,0.00312,0.22017,0.20875,0.32448,0.00241,0.00222,0.17111,0.04703,0.08719,0.00000,0.06615,0.42786
2026-09-13T21:05:17.785,1789308317.785,,1.5603,61.7,1500,6408,0.0,0xe0000,0.00297,0.21803,0.20639,0.31863,0.00282,0.00222,0.17657,0.05413,0.09152,0.00000,0.06611,0.42088
2026-09-13T21:05:18.812,1789308318.813,,1.5997,62.2,1500,6423,0.0,0xe0000,0.00307,0.21685,0.28192,0.32457,0.00282,0.00222,0.17366,0.00361,0.08733,0.00000,0.06978,0.43393
2026-09-13T21:05:19.840,1789308319.840,,1.7290,61.7,1500,6412,2.4,0xe0000,0.00302,0.21959,0.21843,0.32274,0.00322,0.00242,0.18418,0.18804,0.08898,0.00000,0.06417,0.43424
2026-09-13T21:05:20.867,1789308320.868,,1.7051,61.1,1500,6410,0.0,0xe0000,0.00312,0.21773,0.21914,0.32387,0.00282,0.00222,0.17682,0.18031,0.08520,0.00000,0.06597,0.42786
2026-09-13T21:05:21.893,1789308321.894,,1.5421,61.7,1500,6414,0.0,0xe0000,0.00297,0.21655,0.20781,0.31637,0.00282,0.00201,0.19950,0.01083,0.08722,0.00000,0.06848,0.42756
2026-09-13T21:05:22.921,1789308322.921,,1.5833,62.8,1500,6425,0.5,0xe0000,0.00302,0.22095,0.20625,0.32448,0.00262,0.00242,0.18974,0.05411,0.08637,0.00000,0.06615,0.42725
2026-09-13T21:05:23.948,1789308323.949,,1.7162,61.7,1500,6404,0.0,0xe0000,0.00312,0.21823,0.27939,0.32099,0.00261,0.00323,0.25098,0.05050,0.08588,0.00000,0.06672,0.43455
2026-09-13T21:05:24.976,1789308324.976,,1.7165,61.7,1500,6411,0.0,0xe0000,0.00317,0.21567,0.20781,0.31863,0.00282,0.00242,0.19344,0.19909,0.08625,0.00000,0.06601,0.42118
2026-09-13T21:05:26.007,1789308326.007,,2.0567,61.7,1500,6410,0.2,0xe0000,0.00297,0.21861,0.20673,0.32625,0.00322,0.00222,0.17928,0.20989,0.08495,0.00000,0.06597,0.75657
2026-09-13T21:05:27.033,1789308327.034,,2.0064,62.2,1500,6404,0.0,0xe0000,0.00297,0.21949,0.20948,0.31637,0.00282,0.00222,0.17073,0.16987,0.08768,0.00000,0.06773,0.75703
2026-09-13T21:05:28.061,1789308328.061,,2.0278,61.7,1500,6393,0.0,0xe0000,0.00321,0.21929,0.21858,0.32448,0.00322,0.00322,0.17449,0.18081,0.08600,0.00000,0.06616,0.74838
2026-09-13T21:05:29.090,1789308329.091,,1.5868,61.7,1500,6393,0.2,0xe0000,0.00297,0.21733,0.20719,0.32099,0.00241,0.00222,0.19938,0.05051,0.08283,0.00000,0.06668,0.43424
2026-09-13T21:05:30.117,1789308330.118,,1.7969,62.2,1500,6389,1.7,0xe0000,0.00302,0.30054,0.21807,0.32448,0.00322,0.00242,0.17385,0.19527,0.08815,0.00000,0.06667,0.42118
2026-09-13T21:05:31.144,1789308331.144,,1.7146,61.1,1500,6388,0.0,0xe0000,0.00312,0.21577,0.22166,0.31750,0.00322,0.00322,0.17712,0.19839,0.08046,0.00030,0.06644,0.42740
2026-09-13T21:05:32.170,1789308332.171,,1.7638,62.2,1500,6399,0.2,0xe0000,0.00297,0.23334,0.20491,0.37200,0.00282,0.00242,0.31203,0.05074,0.08859,0.00000,0.06597,0.42802
2026-09-13T21:05:33.197,1789308333.197,,1.5785,61.7,1500,6408,0.0,0xe0000,0.00302,0.21705,0.20605,0.32271,0.00242,0.00242,0.19595,0.04701,0.08360,0.00000,0.07044,0.42786
2026-09-13T21:05:34.223,1789308334.224,,1.5557,61.7,1500,6396,0.0,0xe0000,0.00311,0.21889,0.20767,0.32271,0.00262,0.00322,0.17989,0.03968,0.08818,0.00118,0.06738,0.42118
2026-09-13T21:05:35.249,1789308335.250,,1.6888,61.7,1500,6403,0.0,0xe0000,0.00297,0.21848,0.22073,0.31863,0.00282,0.00222,0.17044,0.18475,0.07868,0.00119,0.06674,0.42118
2026-09-13T21:05:36.276,1789308336.276,,1.7859,61.7,1500,6404,0.5,0xe0000,0.00312,0.21949,0.28435,0.32038,0.00241,0.00322,0.18029,0.19180,0.07873,0.00030,0.06729,0.43455
2026-09-13T21:05:37.302,1789308337.303,,1.5083,61.7,1500,6412,0.0,0xe0000,0.00312,0.21929,0.20767,0.32527,0.00282,0.00222,0.18325,0.00000,0.08600,0.00000,0.06416,0.41449
2026-09-13T21:05:38.329,1789308338.329,,1.5018,61.7,1500,6406,0.2,0xe0000,0.00297,0.21558,0.20660,0.32387,0.00282,0.00222,0.18075,0.00000,0.08191,0.00000,0.06424,0.42088
2026-09-13T21:05:39.355,1789308339.356,,1.6263,61.1,1500,6412,0.0,0xe0000,0.00302,0.29421,0.20733,0.32159,0.00282,0.00242,0.18009,0.04351,0.07933,0.00000,0.06416,0.42786
2026-09-13T21:05:40.383,1789308340.383,,1.6932,62.8,1500,6407,2.4,0xe0000,0.00297,0.21861,0.20767,0.31768,0.00241,0.00221,0.17059,0.20628,0.07064,0.00000,0.06609,0.42802
2026-09-13T21:05:41.410,1789308341.411,,1.7028,61.7,1500,6402,0.0,0xe0000,0.00297,0.21803,0.20733,0.32457,0.00282,0.00222,0.16382,0.20195,0.08515,0.00000,0.06604,0.42786
2026-09-13T21:05:42.438,1789308342.438,,1.5473,61.7,1500,6406,0.0,0xe0000,0.00312,0.21539,0.20788,0.32448,0.00261,0.00242,0.17346,0.05422,0.07892,0.00000,0.06424,0.42058
2026-09-13T21:05:43.465,1789308343.466,,1.5416,61.1,1500,6403,0.2,0xe0000,0.00302,0.21861,0.20747,0.32099,0.00261,0.00201,0.15758,0.05434,0.07952,0.00000,0.06791,0.42756
2026-09-13T21:05:44.492,1789308344.492,,1.5101,61.1,1500,6406,0.2,0xe0000,0.00312,0.21808,0.20639,0.32563,0.00242,0.00322,0.17434,0.00000,0.08594,0.00000,0.06982,0.42118
2026-09-13T21:05:45.518,1789308345.519,,1.6057,61.1,1500,6406,0.0,0xe0000,0.00307,0.21929,0.28192,0.32625,0.00242,0.00222,0.20570,0.00000,0.08447,0.00000,0.06616,0.41420
2026-09-13T21:05:46.546,1789308346.546,,1.5814,60.6,1500,6406,0.2,0xe0000,0.00307,0.22037,0.23288,0.32625,0.00241,0.00222,0.17410,0.04339,0.08913,0.00000,0.06667,0.42088
2026-09-13T21:05:47.573,1789308347.573,,1.6776,61.1,1500,6410,0.0,0xe0000,0.00307,0.21675,0.20962,0.32271,0.00242,0.00222,0.16382,0.16996,0.09217,0.00000,0.06667,0.42817
2026-09-13T21:05:48.600,1789308348.601,,1.5702,61.1,1500,6415,0.0,0xe0000,0.00302,0.21305,0.20875,0.32625,0.00322,0.00222,0.17687,0.06132,0.08739,0.00000,0.06674,0.42133
2026-09-13T21:05:49.628,1789308349.628,,1.5917,60.6,1500,6412,0.0,0xe0000,0.00321,0.27092,0.20573,0.31576,0.00322,0.00222,0.16713,0.05065,0.07858,0.00000,0.06674,0.42756
2026-09-13T21:05:50.654,1789308350.655,,1.7468,61.1,1500,6406,2.2,0xe0000,0.00321,0.21675,0.20809,0.32271,0.00322,0.00322,0.21534,0.19804,0.08379,0.00000,0.06422,0.42817
2026-09-13T21:05:51.681,1789308351.681,,1.7186,61.1,1500,6407,0.2,0xe0000,0.00297,0.21851,0.20840,0.32099,0.00403,0.00222,0.18004,0.20245,0.08913,0.00000,0.06857,0.42133
2026-09-13T21:05:52.707,1789308352.708,,1.6775,61.1,1500,6410,0.0,0xe0000,0.00302,0.22055,0.20552,0.32335,0.00282,0.00222,0.16424,0.18392,0.08611,0.00000,0.06417,0.42163
2026-09-13T21:05:53.735,1789308353.735,,1.6763,60.6,1500,6406,0.0,0xe0000,0.00302,0.21997,0.20799,0.32099,0.00402,0.00242,0.15740,0.18442,0.08812,0.00000,0.06667,0.42133
2026-09-13T21:05:54.762,1789308354.763,,1.5200,61.1,1500,6402,0.2,0xe0000,0.00307,0.23255,0.20861,0.32213,0.00282,0.00222,0.17732,0.00000,0.08566,0.00000,0.06427,0.42133
2026-09-13T21:05:55.788,1789308355.789,,1.4896,60.0,1500,6426,0.2,0xe0000,0.00312,0.21811,0.20840,0.31750,0.00262,0.00242,0.15749,0.00000,0.08826,0.00000,0.07035,0.42133
2026-09-13T21:05:56.816,1789308356.816,,1.5454,61.1,1500,6421,0.0,0xe0000,0.00316,0.21723,0.20747,0.32271,0.00262,0.00222,0.17687,0.05439,0.07135,0.00000,0.06623,0.42118
2026-09-13T21:05:57.843,1789308357.844,,1.5913,61.1,1500,6421,0.0,0xe0000,0.00312,0.24605,0.20726,0.31985,0.00241,0.00242,0.18626,0.04697,0.09140,0.00000,0.06427,0.42133
2026-09-13T21:05:58.871,1789308358.871,,1.5823,61.1,1500,6432,0.0,0xe0000,0.00297,0.21763,0.20889,0.32349,0.00282,0.00222,0.19655,0.04701,0.09335,0.00029,0.06606,0.42103
2026-09-13T21:05:59.898,1789308359.899,,1.7583,60.6,1500,6423,0.2,0xe0000,0.00312,0.21881,0.20896,0.37873,0.00262,0.00322,0.31141,0.05413,0.08895,0.00000,0.06729,0.42103
2026-09-13T21:06:00.926,1789308360.926,,1.7205,60.6,1500,6422,2.2,0xe0000,0.00307,0.21909,0.20518,0.31750,0.00262,0.00242,0.20306,0.20245,0.07847,0.00000,0.06542,0.42118
2026-09-13T21:06:01.952,1789308361.952,,1.6786,60.6,1500,6418,0.0,0xe0000,0.00312,0.21811,0.20889,0.32563,0.00282,0.00242,0.17732,0.17715,0.07902,0.00000,0.06298,0.42118
2026-09-13T21:06:02.979,1789308362.980,,1.7020,60.6,1500,6402,0.2,0xe0000,0.00302,0.22673,0.20591,0.32448,0.00262,0.00242,0.17667,0.18456,0.08920,0.00000,0.06547,0.42088
2026-09-13T21:06:04.010,1789308364.010,,2.0320,61.7,1500,6412,0.0,0xe0000,0.00311,0.21811,0.20691,0.31925,0.00403,0.00242,0.18705,0.18396,0.09146,0.00029,0.06656,0.74884
2026-09-13T21:06:05.036,1789308365.036,,1.9020,61.1,1500,6407,0.0,0xe0000,0.00317,0.21753,0.21750,0.32564,0.00241,0.00322,0.18009,0.05409,0.08600,0.00000,0.06395,0.74838
2026-09-13T21:06:06.063,1789308366.063,,1.6759,61.7,1500,6411,0.2,0xe0000,0.00321,0.22200,0.20646,0.32980,0.00262,0.00322,0.15749,0.05060,0.08457,0.00000,0.06604,0.54984
2026-09-13T21:06:07.092,1789308367.093,,1.5751,61.7,1500,6414,0.0,0xe0000,0.00297,0.21851,0.20788,0.31766,0.00241,0.00222,0.19344,0.05411,0.08520,0.00000,0.06980,0.42088
2026-09-13T21:06:08.119,1789308368.119,,1.5788,60.6,1500,6422,0.0,0xe0000,0.00312,0.21929,0.20774,0.32811,0.00282,0.00242,0.17429,0.06161,0.09383,0.00000,0.06424,0.42133
2026-09-13T21:06:09.145,1789308369.146,,1.5372,61.1,1500,6404,0.0,0xe0000,0.00297,0.21803,0.20948,0.32448,0.00282,0.00222,0.18315,0.01087,0.09225,0.00000,0.06982,0.42118
2026-09-13T21:06:10.172,1789308370.172,,1.5486,61.7,1500,6419,0.0,0xe0000,0.00312,0.27001,0.20518,0.32093,0.00262,0.00242,0.16396,0.00723,0.08614,0.00000,0.06608,0.42088
2026-09-13T21:06:11.198,1789308371.199,,1.8347,61.1,1500,6403,2.7,0xe0000,0.00297,0.21977,0.33346,0.32989,0.00282,0.00222,0.17707,0.18776,0.08534,0.00000,0.06604,0.42740
2026-09-13T21:06:12.225,1789308372.225,,1.7475,60.6,1500,6395,0.0,0xe0000,0.00297,0.26989,0.21757,0.32093,0.00322,0.00242,0.17346,0.18442,0.08492,0.00000,0.06667,0.42103
2026-09-13T21:06:13.251,1789308373.252,,1.6688,61.1,1500,6403,0.0,0xe0000,0.00312,0.21949,0.20465,0.31916,0.00322,0.00282,0.16401,0.18447,0.08736,0.00000,0.06603,0.41449
2026-09-13T21:06:14.378,1789308374.378,,1.6082,62.2,1500,6414,0.0,0xe0000,0.00312,0.30868,0.20733,0.32738,0.00241,0.00322,0.18429,0.00000,0.08492,0.00000,0.06549,0.42133
2026-09-13T21:06:15.404,1789308375.405,,1.4918,60.0,1500,6411,0.2,0xe0000,0.00302,0.21607,0.20847,0.32213,0.00282,0.00222,0.17044,0.00000,0.08594,0.00000,0.06604,0.41464
2026-09-13T21:06:16.431,1789308376.431,,1.4959,60.6,1500,6418,0.0,0xe0000,0.00302,0.21851,0.20767,0.31925,0.00322,0.00242,0.15833,0.00362,0.08631,0.00000,0.06603,0.42756
2026-09-13T21:06:17.457,1789308377.458,,1.5436,61.7,1500,6408,0.0,0xe0000,0.00312,0.21703,0.20660,0.32093,0.00262,0.00242,0.16401,0.05424,0.09161,0.00000,0.06609,0.41494
2026-09-13T21:06:18.484,1789308378.484,,1.5636,61.1,1500,6422,0.0,0xe0000,0.00297,0.21470,0.21069,0.32527,0.00282,0.00201,0.18387,0.04689,0.09183,0.00000,0.06788,0.41464
2026-09-13T21:06:19.510,1789308379.511,,1.6738,60.6,1500,6404,0.0,0xe0000,0.00297,0.31372,0.20788,0.32625,0.00242,0.00222,0.17989,0.05050,0.10064,0.00000,0.06604,0.42133
2026-09-13T21:06:20.536,1789308380.537,,1.5682,60.0,1500,6377,0.5,0xe0000,0.00307,0.21733,0.20639,0.31925,0.00322,0.00222,0.18055,0.05802,0.09137,0.00000,0.06547,0.42133
2026-09-13T21:06:21.563,1789308381.563,,1.7138,61.1,1500,6380,2.2,0xe0000,0.00311,0.21665,0.20774,0.32803,0.00262,0.00242,0.18310,0.20250,0.08648,0.00000,0.06670,0.41449
2026-09-13T21:06:22.589,1789308382.590,,1.6714,61.1,1500,6382,0.0,0xe0000,0.00312,0.21685,0.20781,0.32213,0.00262,0.00322,0.15758,0.18112,0.08928,0.00059,0.06604,0.42103
2026-09-13T21:06:23.617,1789308383.617,,1.6617,61.1,1500,6397,0.2,0xe0000,0.00312,0.21519,0.20458,0.32099,0.00322,0.00322,0.16443,0.16996,0.09164,0.00030,0.06421,0.42088
2026-09-13T21:06:24.644,1789308384.645,,1.6918,61.1,1500,6392,0.0,0xe0000,0.00307,0.21695,0.20660,0.32448,0.00241,0.00222,0.18330,0.16630,0.09944,0.00000,0.06611,0.42088
2026-09-13T21:06:25.672,1789308385.672,,1.5161,61.1,1500,6410,0.0,0xe0000,0.00297,0.21617,0.21413,0.32457,0.00362,0.00221,0.17035,0.00361,0.08829,0.00000,0.06899,0.42118
2026-09-13T21:06:26.698,1789308386.699,,1.5362,60.6,1500,6404,0.2,0xe0000,0.00311,0.21881,0.20625,0.32271,0.00262,0.00322,0.16443,0.04705,0.08313,0.00000,0.06427,0.42058
2026-09-13T21:06:27.726,1789308387.726,,1.5567,60.6,1500,6395,0.0,0xe0000,0.00307,0.22037,0.20948,0.32213,0.00282,0.00222,0.16727,0.05436,0.08748,0.00000,0.06618,0.42133
2026-09-13T21:06:28.753,1789308388.754,,1.7071,60.6,1500,6393,0.0,0xe0000,0.00321,0.21929,0.22073,0.31925,0.00402,0.00242,0.16479,0.20245,0.09088,0.00000,0.06542,0.41464
2026-09-13T21:06:29.779,1789308389.780,,1.6958,60.0,1500,6389,0.0,0xe0000,0.00312,0.22085,0.20799,0.31811,0.00262,0.00322,0.17059,0.20245,0.08922,0.00030,0.06289,0.41449
2026-09-13T21:06:30.806,1789308390.806,,1.7579,61.1,1500,6393,0.0,0xe0000,0.00312,0.22007,0.20660,0.32448,0.00262,0.00322,0.21923,0.20560,0.08600,0.00000,0.06609,0.42088
2026-09-13T21:06:31.833,1789308391.834,,1.6890,60.6,1500,6380,3.1,0xe0000,0.00302,0.21773,0.20639,0.31942,0.00261,0.00322,0.18398,0.18988,0.08233,0.00000,0.06609,0.41435
2026-09-13T21:06:32.861,1789308392.861,,1.6713,61.1,1500,6378,0.0,0xe0000,0.00312,0.21725,0.20889,0.32448,0.00403,0.00242,0.16447,0.17314,0.08628,0.00000,0.07227,0.41494
2026-09-13T21:06:33.989,1789308393.989,,1.6981,61.1,1500,6381,0.0,0xe0000,0.00312,0.21929,0.21785,0.32625,0.00242,0.00222,0.18315,0.17675,0.07933,0.00000,0.06667,0.42103
2026-09-13T21:06:35.016,1789308395.016,,1.9915,60.6,1500,6373,0.0,0xe0000,0.00297,0.21771,0.23042,0.32563,0.00282,0.00221,0.16443,0.16970,0.06919,0.00000,0.06532,0.74109
2026-09-13T21:06:36.042,1789308396.043,,2.0405,61.1,1500,6380,0.2,0xe0000,0.00316,0.21889,0.20660,0.32811,0.00322,0.00322,0.19595,0.18795,0.08812,0.00000,0.06417,0.74109
2026-09-13T21:06:37.072,1789308397.073,,1.6974,60.6,1500,6382,0.2,0xe0000,0.00297,0.21733,0.20889,0.32640,0.00241,0.00242,0.17341,0.18396,0.08829,0.00000,0.06980,0.42148
2026-09-13T21:06:38.099,1789308398.099,,1.5376,61.1,1500,6382,0.0,0xe0000,0.00302,0.21733,0.23042,0.31766,0.00241,0.00222,0.16061,0.04701,0.07645,0.00000,0.06603,0.41449
2026-09-13T21:06:39.125,1789308399.126,,1.5831,60.0,1500,6385,0.0,0xe0000,0.00312,0.22122,0.21592,0.32099,0.00402,0.00242,0.18310,0.06147,0.08526,0.00059,0.06409,0.42088
2026-09-13T21:06:40.152,1789308400.152,,1.7123,61.1,1500,6377,0.2,0xe0000,0.00297,0.21939,0.20767,0.32271,0.00322,0.00242,0.17989,0.20240,0.08503,0.00000,0.06604,0.42058
2026-09-13T21:06:41.178,1789308401.179,,1.7393,62.2,1500,6341,0.0,0xe0000,0.00321,0.22065,0.20653,0.32047,0.00241,0.00242,0.22190,0.19884,0.07562,0.00029,0.06668,0.42027
2026-09-13T21:06:42.205,1789308402.205,,1.7172,60.0,1500,6341,2.7,0xe0000,0.00311,0.21929,0.20788,0.32625,0.00322,0.00322,0.17366,0.20276,0.09045,0.00000,0.06604,0.42133
2026-09-13T21:06:43.231,1789308403.232,,1.6877,60.0,1500,6347,0.0,0xe0000,0.00302,0.21967,0.21327,0.33157,0.00322,0.00242,0.17677,0.17719,0.08059,0.00000,0.06608,0.41390
2026-09-13T21:06:44.258,1789308404.258,,1.5054,61.1,1500,6353,0.0,0xe0000,0.00311,0.21695,0.20667,0.32271,0.00262,0.00242,0.18418,0.00000,0.08062,0.00000,0.06485,0.42133
2026-09-13T21:06:45.284,1789308405.285,,1.4844,60.6,1500,6376,0.2,0xe0000,0.00311,0.21547,0.20660,0.32448,0.00262,0.00322,0.16746,0.00000,0.08768,0.00000,0.06609,0.40766
2026-09-13T21:06:46.311,1789308406.311,,1.7288,60.0,1500,6370,0.2,0xe0000,0.00297,0.21891,0.21177,0.32387,0.00282,0.00222,0.25498,0.00000,0.08362,0.00000,0.06431,0.56339
2026-09-13T21:06:47.337,1789308407.337,,1.5409,59.5,1500,6359,0.0,0xe0000,0.00312,0.21705,0.20584,0.31811,0.00241,0.00141,0.17054,0.05411,0.09060,0.00000,0.06303,0.41464
2026-09-13T21:06:48.363,1789308408.364,,1.5634,60.0,1500,6374,0.0,0xe0000,0.00307,0.21489,0.20982,0.32448,0.00322,0.00222,0.17989,0.05786,0.08803,0.00000,0.06603,0.41390
2026-09-13T21:06:49.390,1789308409.390,,1.5711,60.0,1500,6380,0.0,0xe0000,0.00307,0.21725,0.21607,0.32704,0.00282,0.00222,0.17375,0.05436,0.08518,0.00000,0.06798,0.42133
2026-09-13T21:06:50.416,1789308410.417,,1.6379,61.1,1500,6384,0.2,0xe0000,0.00297,0.30903,0.20733,0.32661,0.00241,0.00242,0.16382,0.05786,0.08042,0.00000,0.07042,0.41464
2026-09-13T21:06:51.443,1789308411.443,,1.5894,60.0,1500,6384,0.0,0xe0000,0.00312,0.21831,0.20625,0.32448,0.00403,0.00242,0.21540,0.05051,0.07765,0.00000,0.06608,0.42118
2026-09-13T21:06:52.469,1789308412.470,,1.8619,60.0,1500,6391,1.7,0xe0000,0.00322,0.21803,0.20781,0.38122,0.00322,0.00322,0.27923,0.20195,0.08574,0.00000,0.06347,0.41479
2026-09-13T21:06:53.496,1789308413.496,,1.6729,60.0,1500,6395,0.0,0xe0000,0.00311,0.21929,0.20646,0.32271,0.00262,0.00242,0.17044,0.17710,0.08803,0.00000,0.06606,0.41464
2026-09-13T21:06:54.522,1789308414.523,,1.6855,59.5,1500,6388,0.0,0xe0000,0.00297,0.22085,0.22022,0.32271,0.00261,0.00242,0.16419,0.18790,0.07892,0.00030,0.06857,0.41390
2026-09-13T21:06:55.549,1789308415.549,,1.6743,60.0,1500,6388,0.2,0xe0000,0.00322,0.22282,0.20625,0.32271,0.00322,0.00322,0.17390,0.19118,0.06660,0.00000,0.06670,0.41449
2026-09-13T21:06:56.575,1789308416.575,,1.6071,60.6,1500,6392,0.0,0xe0000,0.00331,0.21577,0.21312,0.32625,0.00262,0.00322,0.27641,0.00000,0.08393,0.00000,0.06797,0.41449
2026-09-13T21:06:57.601,1789308417.602,,1.5520,60.6,1500,6395,0.0,0xe0000,0.00331,0.21743,0.20896,0.32387,0.00362,0.00222,0.17366,0.05439,0.08379,0.00000,0.06611,0.41464
2026-09-13T21:06:58.628,1789308418.628,,1.5340,60.6,1500,6396,0.2,0xe0000,0.00317,0.21763,0.20875,0.32527,0.00282,0.00222,0.15475,0.05420,0.08467,0.00000,0.06604,0.41449
2026-09-13T21:06:59.655,1789308419.656,,1.5377,59.5,1500,6387,0.0,0xe0000,0.00311,0.21889,0.20767,0.31576,0.00402,0.00242,0.16718,0.06160,0.07675,0.00000,0.06609,0.41420
2026-09-13T21:07:00.782,1789308420.783,,1.7059,60.6,1500,6399,0.0,0xe0000,0.00312,0.22085,0.20444,0.38227,0.00282,0.00242,0.28992,0.05045,0.06909,0.00000,0.06604,0.41449
2026-09-13T21:07:01.808,1789308421.809,,1.5412,59.5,1500,6392,0.2,0xe0000,0.00306,0.21627,0.20767,0.32448,0.00362,0.00222,0.15789,0.05771,0.08042,0.00000,0.06732,0.42058
2026-09-13T21:07:02.835,1789308422.835,,1.7012,60.0,1500,6396,2.0,0xe0000,0.00307,0.21382,0.22073,0.32093,0.00322,0.00222,0.17772,0.19859,0.07978,0.00000,0.06667,0.41449
2026-09-13T21:07:03.862,1789308423.863,,1.7045,60.6,1500,6404,0.0,0xe0000,0.00302,0.22085,0.22344,0.32448,0.00242,0.00222,0.16382,0.19478,0.08321,0.00000,0.07142,0.41479
2026-09-13T21:07:04.889,1789308424.889,,1.5133,59.5,1500,6407,0.5,0xe0000,0.00311,0.21929,0.20625,0.31750,0.00261,0.00222,0.17662,0.01444,0.08722,0.00000,0.06984,0.41420
2026-09-13T21:07:05.915,1789308425.916,,1.4815,59.5,1500,6408,0.0,0xe0000,0.00307,0.21899,0.20719,0.31576,0.00302,0.00222,0.18325,0.00362,0.06378,0.00000,0.06609,0.41449
2026-09-13T21:07:06.942,1789308426.942,,1.5091,59.5,1500,6412,0.0,0xe0000,0.00297,0.22085,0.20733,0.32387,0.00282,0.00222,0.17772,0.00000,0.08895,0.00000,0.06798,0.41435
2026-09-13T21:07:07.969,1789308427.970,,1.4996,60.0,1500,6403,0.2,0xe0000,0.00297,0.21783,0.21024,0.32564,0.00282,0.00222,0.17366,0.00724,0.07520,0.00000,0.06732,0.41449
2026-09-13T21:07:08.996,1789308428.996,,1.9093,60.6,1500,6402,0.0,0xe0000,0.00297,0.23724,0.20854,0.32210,0.00362,0.00222,0.16713,0.05424,0.08313,0.00000,0.07239,0.75572
2026-09-13T21:07:10.026,1789308430.026,,1.8191,60.0,1500,6407,0.0,0xe0000,0.00297,0.21655,0.20781,0.31460,0.00282,0.00222,0.15798,0.05777,0.04950,0.00000,0.06601,0.74087
2026-09-13T21:07:11.052,1789308431.053,,1.8270,60.0,1500,6415,0.5,0xe0000,0.00311,0.21643,0.20532,0.31638,0.00262,0.00322,0.17682,0.05419,0.04422,0.00000,0.06400,0.74065
2026-09-13T21:07:12.082,1789308432.083,,1.5085,60.6,1500,6407,0.0,0xe0000,0.00312,0.21959,0.20875,0.31375,0.00241,0.00242,0.20582,0.04712,0.02593,0.00000,0.06493,0.41464
2026-09-13T21:07:13.109,1789308433.109,,1.7346,60.0,1500,6403,2.2,0xe0000,0.00312,0.21891,0.20819,0.30794,0.00282,0.00242,0.25105,0.21351,0.04000,0.00000,0.06549,0.42118
2026-09-13T21:07:14.135,1789308434.136,,1.6278,60.0,1500,6407,0.0,0xe0000,0.00312,0.22125,0.20840,0.30421,0.00241,0.00242,0.18100,0.17719,0.04865,0.00000,0.06424,0.41494
2026-09-13T21:07:15.162,1789308435.162,,1.4333,59.5,1500,6410,0.0,0xe0000,0.00312,0.21773,0.20788,0.31030,0.00402,0.00242,0.16704,0.00000,0.04685,0.00000,0.06615,0.40781
2026-09-13T21:07:16.188,1789308436.188,,1.6117,60.0,1500,6406,0.2,0xe0000,0.00302,0.21939,0.20390,0.30670,0.00242,0.00242,0.16443,0.18776,0.04836,0.00000,0.06539,0.40796
2026-09-13T21:07:17.214,1789308437.215,,1.6391,60.0,1500,6406,0.0,0xe0000,0.00297,0.21693,0.21929,0.30594,0.00281,0.00222,0.18320,0.18438,0.03742,0.00000,0.06973,0.41420
2026-09-13T21:07:18.241,1789308438.241,,1.6453,60.0,1500,6406,0.0,0xe0000,0.00312,0.21773,0.20889,0.30506,0.00282,0.00222,0.16396,0.20968,0.04710,0.00000,0.06974,0.41494
2026-09-13T21:07:19.268,1789308439.269,,1.5005,59.5,1500,6410,0.0,0xe0000,0.00311,0.22075,0.20854,0.30852,0.00262,0.00141,0.18075,0.04713,0.04850,0.00030,0.06422,0.41464
2026-09-13T21:07:20.296,1789308440.296,,1.5010,60.0,1500,6400,0.0,0xe0000,0.00307,0.21929,0.20767,0.31163,0.00282,0.00201,0.18351,0.05077,0.03565,0.00059,0.06976,0.41420
2026-09-13T21:07:21.323,1789308441.324,,1.4917,60.6,1500,6403,0.0,0xe0000,0.00312,0.21695,0.20660,0.30988,0.00282,0.00222,0.19070,0.04688,0.03654,0.00000,0.06805,0.40796
2026-09-13T21:07:22.350,1789308442.350,,1.4484,60.0,1500,6391,0.0,0xe0000,0.00302,0.22506,0.20753,0.31163,0.00282,0.00222,0.17772,0.00722,0.03137,0.00000,0.06551,0.41435
2026-09-13T21:07:23.377,1789308443.378,,1.7423,60.0,1500,6389,2.2,0xe0000,0.00302,0.21705,0.31797,0.31215,0.00282,0.00242,0.17989,0.18392,0.03444,0.00000,0.06725,0.42133
2026-09-13T21:07:24.405,1789308444.405,,1.6266,60.0,1500,6397,0.0,0xe0000,0.00307,0.21939,0.20719,0.30988,0.00282,0.00222,0.17732,0.18415,0.03989,0.00000,0.06604,0.41464
2026-09-13T21:07:25.432,1789308445.432,,1.6045,59.0,1500,6396,0.0,0xe0000,0.00297,0.21811,0.20612,0.30852,0.00262,0.00222,0.17126,0.18828,0.02257,0.00000,0.06732,0.41449
2026-09-13T21:07:26.459,1789308446.460,,1.4782,60.0,1500,6408,0.0,0xe0000,0.00297,0.21997,0.20673,0.30112,0.00282,0.00222,0.16392,0.05799,0.04610,0.00030,0.06627,0.40781
2026-09-13T21:07:27.486,1789308447.486,,1.5143,59.5,1500,6397,0.0,0xe0000,0.00307,0.22132,0.21771,0.30247,0.00282,0.00222,0.18377,0.06131,0.04090,0.00000,0.06486,0.41390
2026-09-13T21:07:28.512,1789308448.513,,1.4812,60.0,1500,6400,0.5,0xe0000,0.00312,0.21773,0.20411,0.30852,0.00322,0.00322,0.16732,0.04710,0.04642,0.00000,0.06549,0.41494
2026-09-13T21:07:29.540,1789308449.540,,1.6212,59.5,1500,6382,0.0,0xe0000,0.00312,0.21617,0.20518,0.30861,0.00362,0.00222,0.16382,0.19879,0.03912,0.00000,0.06611,0.41449
2026-09-13T21:07:30.567,1789308450.567,,1.6311,60.0,1500,6391,0.0,0xe0000,0.00312,0.21226,0.20781,0.30238,0.00282,0.00242,0.19978,0.18452,0.04423,0.00059,0.06355,0.40766
2026-09-13T21:07:31.593,1789308451.594,,1.4524,60.0,1500,6392,0.0,0xe0000,0.00312,0.22173,0.22296,0.30762,0.00282,0.00242,0.17772,0.00000,0.03554,0.00000,0.06417,0.41435
2026-09-13T21:07:32.620,1789308452.620,,1.4195,60.6,1500,6392,0.2,0xe0000,0.00307,0.22125,0.20819,0.30852,0.00322,0.00222,0.15780,0.00000,0.03977,0.00000,0.06736,0.40810
2026-09-13T21:07:33.646,1789308453.647,,1.6000,60.6,1500,6380,2.4,0xe0000,0.00312,0.21685,0.20573,0.31199,0.00241,0.00242,0.15758,0.17693,0.03565,0.00000,0.06599,0.42133
2026-09-13T21:07:34.674,1789308454.674,,1.6171,60.6,1500,6388,0.2,0xe0000,0.00297,0.22163,0.20673,0.31030,0.00403,0.00242,0.17087,0.18035,0.03658,0.00000,0.06674,0.41449
2026-09-13T21:07:35.700,1789308455.701,,1.4776,59.5,1500,6399,0.0,0xe0000,0.00297,0.21352,0.20875,0.30713,0.00282,0.00242,0.17662,0.05058,0.04004,0.00000,0.06556,0.40722
2026-09-13T21:07:36.728,1789308456.728,,1.6522,60.0,1500,6397,0.0,0xe0000,0.00317,0.21383,0.20781,0.36792,0.00282,0.00222,0.29215,0.05055,0.03784,0.00000,0.06599,0.40796
2026-09-13T21:07:37.755,1789308457.756,,1.6946,60.0,1500,6389,0.0,0xe0000,0.00316,0.26784,0.20701,0.30927,0.00282,0.00222,0.16479,0.21335,0.04794,0.00000,0.06795,0.40825
2026-09-13T21:07:38.781,1789308458.782,,1.6552,59.5,1500,6389,0.0,0xe0000,0.00311,0.21901,0.23258,0.30675,0.00403,0.00242,0.18034,0.19834,0.02795,0.00000,0.06616,0.41449
2026-09-13T21:07:39.808,1789308459.808,,1.5420,59.5,1500,6387,0.5,0xe0000,0.00297,0.21831,0.20733,0.31105,0.00362,0.00222,0.20311,0.07607,0.04294,0.00000,0.06616,0.40825
2026-09-13T21:07:40.834,1789308460.835,,1.4353,60.0,1500,6395,0.0,0xe0000,0.00331,0.22122,0.20660,0.31207,0.00262,0.00322,0.16401,0.00362,0.04081,0.00000,0.06989,0.40796
2026-09-13T21:07:41.862,1789308461.862,,1.4168,59.5,1500,6395,0.2,0xe0000,0.00312,0.21733,0.20733,0.29866,0.00282,0.00242,0.17667,0.00361,0.02887,0.00000,0.06798,0.40796
2026-09-13T21:07:42.889,1789308462.890,,1.4332,59.5,1500,6389,0.0,0xe0000,0.00297,0.21919,0.20390,0.30745,0.00282,0.00222,0.16424,0.01083,0.03880,0.00000,0.06611,0.41464
2026-09-13T21:07:43.917,1789308463.917,,1.6228,59.0,1500,6376,1.7,0xe0000,0.00302,0.21343,0.20788,0.31282,0.00282,0.00222,0.16419,0.20581,0.03675,0.00000,0.06601,0.40781
2026-09-13T21:07:44.944,1789308464.945,,1.6132,58.4,1500,6385,0.0,0xe0000,0.00312,0.21773,0.20781,0.31461,0.00282,0.00242,0.16075,0.19478,0.03514,0.00000,0.06604,0.40796
2026-09-13T21:07:45.971,1789308465.972,,1.6773,59.5,1500,6382,0.2,0xe0000,0.00297,0.27042,0.20612,0.30861,0.00282,0.00222,0.17702,0.19889,0.02818,0.00000,0.06542,0.41464
