thoi_diem,t_unix,nhan,p_tong_w,nhiet_do_c,xung_mhz,quat_rpm,cpu_pct,throttled,p_0v8_aon_w,p_0v8_sw_w,p_1v1_sys_w,p_1v8_sys_w,p_3v3_adc_w,p_3v3_dac_w,p_3v3_sys_w,p_3v7_wl_sw_w,p_ddr_vdd2_w,p_ddr_vddq_w,p_hdmi_w,p_vdd_core_w
2026-09-13T14:28:52.623,1789284532.623,,1.5745,52.9,1500,3750,0.0,0x80000,0.00321,0.21705,0.21736,0.30421,0.00242,0.00242,0.16111,0.19522,0.03250,0.00000,0.07110,0.36796
2026-09-13T14:28:53.651,1789284533.651,,1.4426,52.4,1500,3749,0.0,0x80000,0.00312,0.21675,0.21736,0.30794,0.00362,0.00242,0.16723,0.05438,0.04032,0.00000,0.06805,0.36140
2026-09-13T14:28:54.677,1789284534.677,,1.4286,52.9,1500,3748,0.2,0x80000,0.00312,0.21936,0.20552,0.30238,0.00242,0.00242,0.16713,0.06143,0.03118,0.00000,0.07242,0.36127
2026-09-13T14:28:55.703,1789284535.704,,1.4043,52.9,1500,3746,0.0,0x80000,0.00312,0.21568,0.20465,0.31148,0.00322,0.00322,0.16401,0.04349,0.02801,0.00000,0.06616,0.36127
2026-09-13T14:28:56.731,1789284536.731,,1.3702,52.9,1500,3752,0.5,0x80000,0.00312,0.21675,0.20465,0.30745,0.00282,0.00242,0.16704,0.00000,0.02799,0.00000,0.07000,0.36796
2026-09-13T14:28:57.757,1789284537.758,,1.3864,52.9,1500,3753,0.0,0x80000,0.00312,0.22475,0.20491,0.30675,0.00322,0.00242,0.16723,0.00000,0.03772,0.00030,0.06802,0.36796
2026-09-13T14:28:58.784,1789284538.785,,1.5720,51.8,1500,3738,0.0,0x80000,0.00312,0.21509,0.21678,0.30888,0.00262,0.00242,0.16723,0.17750,0.04094,0.00000,0.06989,0.36756
2026-09-13T14:28:59.812,1789284539.812,,1.5659,54.0,1500,3748,0.0,0x80000,0.00307,0.21489,0.21807,0.30498,0.00322,0.00222,0.16713,0.18433,0.03018,0.00000,0.06985,0.36796
2026-09-13T14:29:00.839,1789284540.839,,1.3802,52.4,1500,3749,0.0,0x80000,0.00302,0.21803,0.20559,0.30587,0.00241,0.00242,0.17063,0.00000,0.03435,0.00000,0.06993,0.36796
2026-09-13T14:29:01.865,1789284541.866,,1.8239,53.5,1500,3753,0.0,0x80000,0.00302,0.22007,0.20854,0.31338,0.00282,0.00242,0.19273,0.05059,0.04021,0.00000,0.06736,0.72280
2026-09-13T14:29:02.895,1789284542.896,,1.8868,52.9,1500,3754,0.2,0x80000,0.00302,0.21615,0.21843,0.31460,0.00282,0.00242,0.16723,0.19478,0.02472,0.00000,0.06613,0.67653
2026-09-13T14:29:03.922,1789284543.923,,1.8113,53.5,1500,3752,0.5,0x80000,0.00317,0.21615,0.22749,0.31239,0.00242,0.00242,0.15758,0.10857,0.03870,0.00000,0.06606,0.67632
2026-09-13T14:29:04.952,1789284544.953,,1.4040,53.5,1500,3750,0.0,0x80000,0.00312,0.21236,0.20552,0.30813,0.00282,0.00222,0.17063,0.05050,0.03092,0.00000,0.06989,0.34789
2026-09-13T14:29:05.978,1789284545.979,,1.3985,53.5,1500,3746,0.0,0x80000,0.00302,0.21673,0.21843,0.30888,0.00241,0.00242,0.16723,0.01088,0.03351,0.00000,0.06745,0.36756
2026-09-13T14:29:07.007,1789284547.007,,1.5563,53.5,1500,3743,1.5,0x80000,0.00312,0.21607,0.21736,0.30247,0.00221,0.00141,0.16713,0.17759,0.03341,0.00000,0.06788,0.36770
2026-09-13T14:29:08.033,1789284548.034,,1.7395,52.4,1500,3745,0.2,0x80000,0.00312,0.21568,0.21914,0.36536,0.00362,0.00242,0.28894,0.17371,0.03983,0.00000,0.06604,0.36166
2026-09-13T14:29:09.060,1789284549.060,,1.4000,52.9,1500,3741,0.0,0x80000,0.00350,0.21655,0.20673,0.30362,0.00282,0.00242,0.19038,0.00725,0.03176,0.00000,0.06686,0.36809
2026-09-13T14:29:10.086,1789284550.086,,1.5408,52.9,1500,3748,0.2,0x80000,0.00331,0.21675,0.21929,0.31038,0.00242,0.00222,0.25807,0.05074,0.04063,0.00029,0.06871,0.36796
2026-09-13T14:29:11.112,1789284551.113,,1.6031,52.9,1500,3745,0.0,0x80000,0.00297,0.21899,0.20701,0.30594,0.00282,0.00222,0.17994,0.20638,0.03784,0.00000,0.07119,0.36783
2026-09-13T14:29:12.140,1789284552.140,,1.5939,52.9,1500,3739,0.0,0x80000,0.00312,0.22543,0.20477,0.30537,0.00241,0.00242,0.17999,0.19884,0.03349,0.00000,0.06993,0.36809
2026-09-13T14:29:13.167,1789284553.168,,1.5545,52.9,1500,3737,0.2,0x80000,0.00312,0.21909,0.20337,0.30421,0.00221,0.00242,0.15776,0.19889,0.03260,0.00000,0.06993,0.36088
2026-09-13T14:29:14.194,1789284554.195,,1.3771,53.5,1500,3735,0.2,0x80000,0.00297,0.21529,0.20532,0.30594,0.00242,0.00242,0.16424,0.00361,0.03245,0.00000,0.06805,0.37438
2026-09-13T14:29:15.221,1789284555.221,,1.3961,52.4,1500,3741,0.0,0x80000,0.00331,0.22563,0.20673,0.30186,0.00242,0.00242,0.17682,0.00000,0.03870,0.00029,0.06993,0.36796
2026-09-13T14:29:16.348,1789284556.349,,1.6209,53.5,1500,3738,0.0,0x80000,0.00317,0.21783,0.20612,0.36615,0.00262,0.00222,0.29215,0.05412,0.03752,0.00000,0.07110,0.36796
2026-09-13T14:29:17.374,1789284557.375,,1.4631,52.9,1500,3745,0.0,0x80000,0.00307,0.21705,0.21628,0.30713,0.00242,0.00242,0.17068,0.05411,0.04540,0.00000,0.06995,0.37465
2026-09-13T14:29:18.401,1789284558.401,,1.3848,54.0,1500,3752,0.0,0x80000,0.00307,0.21539,0.20458,0.30813,0.00262,0.00201,0.17135,0.00000,0.04194,0.00000,0.06805,0.36770
2026-09-13T14:29:19.427,1789284559.428,,1.3842,52.9,1500,3750,0.0,0x80000,0.00312,0.21519,0.20497,0.31239,0.00241,0.00242,0.17395,0.00000,0.03431,0.00000,0.06745,0.36796
2026-09-13T14:29:20.454,1789284560.454,,1.4518,52.9,1500,3747,0.2,0x80000,0.00302,0.21939,0.28651,0.30073,0.00241,0.00242,0.16723,0.00000,0.03543,0.00000,0.06667,0.36796
2026-09-13T14:29:21.480,1789284561.480,,1.3752,54.0,1500,3747,0.0,0x80000,0.00307,0.21901,0.20559,0.30537,0.00241,0.00242,0.17068,0.00000,0.02594,0.00000,0.07225,0.36849
2026-09-13T14:29:22.507,1789284562.508,,1.4961,52.9,1500,3748,0.2,0x80000,0.00307,0.29981,0.20573,0.30571,0.00282,0.00222,0.16732,0.04701,0.03348,0.00000,0.06805,0.36088
2026-09-13T14:29:23.534,1789284563.535,,1.4523,52.4,1500,3757,0.0,0x80000,0.00307,0.21881,0.20566,0.30852,0.00262,0.00222,0.18631,0.04699,0.04201,0.00000,0.06813,0.36796
2026-09-13T14:29:24.561,1789284564.561,,1.5617,52.4,1500,3757,0.0,0x80000,0.00307,0.21421,0.33087,0.30762,0.00241,0.00242,0.17415,0.05065,0.03337,0.00000,0.06868,0.37425
2026-09-13T14:29:25.588,1789284565.588,,1.5625,52.9,1500,3761,0.0,0x80000,0.00307,0.21723,0.20566,0.30247,0.00242,0.00242,0.15815,0.20581,0.03714,0.00030,0.06684,0.36101
2026-09-13T14:29:26.615,1789284566.616,,1.6072,53.5,1500,3755,0.2,0x80000,0.00297,0.27548,0.20566,0.30675,0.00362,0.00222,0.16723,0.18456,0.03126,0.00000,0.06615,0.36127
2026-09-13T14:29:27.642,1789284567.642,,1.5616,52.4,1500,3755,0.2,0x80000,0.00297,0.21695,0.22559,0.30920,0.00282,0.00222,0.16102,0.17371,0.03243,0.00000,0.06675,0.36796
2026-09-13T14:29:28.668,1789284568.668,,1.4589,52.9,1500,3743,0.0,0x80000,0.00297,0.21373,0.25394,0.30768,0.00241,0.00141,0.20260,0.00000,0.03360,0.00000,0.06604,0.37452
2026-09-13T14:29:29.695,1789284569.696,,1.4135,52.9,1500,3741,0.0,0x80000,0.00297,0.21841,0.20350,0.30247,0.00282,0.00222,0.20558,0.00000,0.03775,0.00000,0.06995,0.36783
2026-09-13T14:29:30.722,1789284570.723,,1.4353,52.4,1500,3744,0.2,0x80000,0.00316,0.21773,0.20573,0.31105,0.00322,0.00222,0.17687,0.04701,0.03341,0.00000,0.06681,0.36809
2026-09-13T14:29:31.750,1789284571.750,,1.4188,52.9,1500,3749,0.0,0x80000,0.00302,0.21529,0.20673,0.30861,0.00282,0.00222,0.16803,0.05428,0.02855,0.00000,0.06813,0.36114
2026-09-13T14:29:32.776,1789284572.777,,1.6151,52.9,1500,3743,0.0,0x80000,0.00297,0.21577,0.34501,0.30594,0.00282,0.00242,0.21225,0.05065,0.03449,0.00000,0.06813,0.37465
2026-09-13T14:29:33.802,1789284573.803,,1.5535,52.4,1500,3736,0.0,0x80000,0.00312,0.21110,0.20303,0.30287,0.00282,0.00222,0.17044,0.19498,0.02745,0.00000,0.06741,0.36809
2026-09-13T14:29:34.830,1789284574.830,,1.5798,52.9,1500,3744,0.0,0x80000,0.00322,0.22584,0.20646,0.31207,0.00362,0.00242,0.17087,0.18475,0.03457,0.00000,0.06802,0.36796
2026-09-13T14:29:35.857,1789284575.857,,1.3896,52.4,1500,3742,0.2,0x80000,0.00302,0.21851,0.20444,0.30247,0.00241,0.00201,0.18377,0.00000,0.03775,0.00000,0.06727,0.36796
2026-09-13T14:29:36.887,1789284576.887,,1.6993,52.9,1500,3746,0.0,0x80000,0.00297,0.21617,0.21822,0.30762,0.00241,0.00202,0.16723,0.00362,0.03226,0.00000,0.06989,0.67693
2026-09-13T14:29:37.913,1789284577.914,,1.8151,52.9,1500,3743,0.0,0x80000,0.00307,0.21929,0.28625,0.30537,0.00241,0.00242,0.17068,0.04347,0.03010,0.00000,0.06715,0.68490
2026-09-13T14:29:38.945,1789284578.946,,1.4488,53.5,1500,3743,0.0,0x80000,0.00297,0.21861,0.20593,0.30073,0.00282,0.00222,0.19301,0.04339,0.03561,0.00000,0.06870,0.37478
2026-09-13T14:29:39.971,1789284579.972,,1.4523,52.9,1500,3747,0.2,0x80000,0.00312,0.21451,0.23565,0.30713,0.00282,0.00242,0.17059,0.04329,0.03777,0.00000,0.06667,0.36836
2026-09-13T14:29:40.999,1789284580.999,,1.4282,52.9,1500,3749,0.2,0x80000,0.00297,0.21783,0.20593,0.30063,0.00282,0.00222,0.17732,0.05066,0.03225,0.00000,0.06745,0.36809
2026-09-13T14:29:42.026,1789284582.027,,1.4229,52.9,1500,3744,0.0,0x80000,0.00307,0.21695,0.20584,0.30421,0.00282,0.00242,0.16479,0.05074,0.03440,0.00000,0.07000,0.36770
2026-09-13T14:29:43.052,1789284583.053,,1.5776,52.4,1500,3739,0.0,0x80000,0.00312,0.21773,0.20518,0.31064,0.00241,0.00242,0.16410,0.21021,0.03243,0.00000,0.06797,0.36140
2026-09-13T14:29:44.079,1789284584.079,,1.5910,52.9,1500,3742,0.0,0x80000,0.00317,0.21675,0.20317,0.31148,0.00322,0.00242,0.18673,0.19542,0.03208,0.00000,0.06862,0.36796
2026-09-13T14:29:45.106,1789284585.107,,1.4265,52.9,1500,3743,0.0,0x80000,0.00312,0.22455,0.20584,0.30073,0.00282,0.00242,0.21003,0.00000,0.03870,0.00000,0.06995,0.36836
2026-09-13T14:29:46.134,1789284586.134,,1.3816,52.4,1500,3741,0.0,0x80000,0.00312,0.21823,0.20196,0.30421,0.00241,0.00242,0.18336,0.00000,0.03772,0.00000,0.06681,0.36140
2026-09-13T14:29:47.160,1789284587.160,,1.3871,52.4,1500,3740,0.2,0x80000,0.00312,0.21803,0.20397,0.31375,0.00282,0.00242,0.17989,0.00000,0.03135,0.00059,0.07000,0.36114
2026-09-13T14:29:48.187,1789284588.188,,1.4636,53.5,1500,3742,0.0,0x80000,0.00312,0.24972,0.20566,0.30362,0.00282,0.00242,0.17390,0.04343,0.03464,0.00000,0.06995,0.37438
2026-09-13T14:29:49.215,1789284589.215,,1.3683,52.9,1500,3749,0.0,0x80000,0.00297,0.22007,0.20701,0.30421,0.00282,0.00222,0.16479,0.00000,0.02147,0.00000,0.06805,0.37465
2026-09-13T14:29:50.241,1789284590.241,,1.4253,52.9,1500,3747,0.0,0x80000,0.00302,0.21763,0.20492,0.30413,0.00242,0.00242,0.16120,0.05063,0.04102,0.00000,0.06993,0.36796
2026-09-13T14:29:51.267,1789284591.268,,1.4988,52.9,1500,3733,0.0,0x80000,0.00312,0.29944,0.20465,0.30683,0.00322,0.00222,0.16774,0.04333,0.03233,0.00030,0.06739,0.36822
2026-09-13T14:29:52.295,1789284592.295,,1.7376,53.5,1500,3735,0.2,0x80000,0.00297,0.21773,0.20518,0.35983,0.00242,0.00242,0.28525,0.19542,0.03028,0.00000,0.06791,0.36822
2026-09-13T14:29:53.321,1789284593.322,,1.5618,52.4,1500,3742,0.0,0x80000,0.00297,0.21568,0.21843,0.31561,0.00322,0.00222,0.15454,0.18094,0.03216,0.00089,0.06674,0.36836
2026-09-13T14:29:54.449,1789284594.450,,1.4417,52.4,1500,3740,0.0,0x80000,0.00317,0.21099,0.21736,0.30221,0.00282,0.00222,0.17025,0.05432,0.04198,0.00000,0.06800,0.36836
2026-09-13T14:29:55.475,1789284595.476,,2.6501,54.5,2400,3728,30.4,0x80000,0.00302,0.25476,0.20411,0.32738,0.00282,0.00222,0.18009,0.00362,0.07243,0.00030,0.07077,1.52862
2026-09-13T14:29:56.502,1789284596.502,,3.2996,55.6,2400,3718,25.1,0x80000,0.00302,0.23724,0.20350,0.32510,0.00282,0.00242,0.16713,0.01087,0.10280,0.00000,0.06798,2.17677
2026-09-13T14:29:57.529,1789284597.529,,2.9154,56.2,2400,3715,25.3,0x80000,0.00311,0.26516,0.20625,0.35627,0.00241,0.00262,0.17687,0.00000,0.20512,0.00325,0.06725,1.62709
2026-09-13T14:29:58.555,1789284598.556,,3.2455,56.2,2400,3714,24.9,0x80000,0.00307,0.31052,0.20673,0.33539,0.00282,0.00222,0.18065,0.00000,0.17814,0.01427,0.06731,1.94437
2026-09-13T14:29:59.582,1789284599.582,,3.6178,55.6,2400,3711,25.5,0x80000,0.00302,0.28640,0.20809,0.33146,0.00342,0.00262,0.17687,0.04697,0.15950,0.00206,0.07050,2.32687
2026-09-13T14:30:00.609,1789284600.609,,3.6412,57.3,2400,3713,24.9,0x80000,0.00312,0.22065,0.20444,0.41325,0.00362,0.00222,0.29215,0.05060,0.06369,0.00000,0.06789,2.31960
2026-09-13T14:30:01.635,1789284601.636,,3.3383,56.8,2400,3719,25.1,0x80000,0.00312,0.23177,0.20605,0.32099,0.00262,0.00242,0.16396,0.05436,0.04950,0.00356,0.06803,2.23192
2026-09-13T14:30:02.661,1789284602.662,,2.8251,57.9,2400,3717,25.2,0x80000,0.00302,0.21851,0.21872,0.33146,0.00322,0.00262,0.17356,0.04712,0.04503,0.00118,0.06686,1.71379
2026-09-13T14:30:03.689,1789284603.689,,3.4393,56.8,2400,3720,25.1,0x80000,0.00312,0.27470,0.21656,0.32291,0.00241,0.00262,0.17682,0.05439,0.06720,0.00089,0.07052,2.24718
2026-09-13T14:30:04.716,1789284604.716,,2.8995,57.3,2400,3714,25.6,0x80000,0.00287,0.32293,0.20538,0.35307,0.00241,0.00262,0.17410,0.18818,0.22068,0.00533,0.06761,1.35428
2026-09-13T14:30:05.742,1789284605.742,,2.7634,56.8,2400,3717,31.4,0x80000,0.00312,0.23266,0.20667,0.32274,0.00402,0.00222,0.16479,0.18484,0.12350,0.00177,0.06635,1.45075
2026-09-13T14:30:06.768,1789284606.768,,2.9350,57.3,2400,3722,25.8,0x80000,0.00306,0.22688,0.28271,0.33495,0.00262,0.00242,0.20611,0.18090,0.12843,0.00178,0.06747,1.49767
2026-09-13T14:30:07.794,1789284607.795,,3.1343,56.8,2400,3711,26.7,0x80000,0.00292,0.25114,0.21779,0.34044,0.00483,0.00262,0.18039,0.18442,0.15704,0.01888,0.06748,1.70634
2026-09-13T14:30:08.822,1789284608.823,,4.0733,58.4,2400,3706,41.6,0x80000,0.00297,0.25441,0.22989,0.32980,0.00282,0.00222,0.17346,0.20602,0.09460,0.00208,0.06727,2.70774
2026-09-13T14:30:09.850,1789284609.850,,3.6549,58.4,2400,3698,33.1,0x80000,0.00321,0.22251,0.20593,0.32099,0.00261,0.00322,0.15776,0.20813,0.11856,0.00684,0.07165,2.33343
2026-09-13T14:30:10.876,1789284610.877,,3.7948,57.9,2400,3703,32.5,0x80000,0.00302,0.22538,0.20788,0.34890,0.00261,0.00262,0.18341,0.22048,0.08000,0.00000,0.06611,2.45437
2026-09-13T14:30:11.902,1789284611.903,,3.7375,57.9,2400,3707,32.8,0x80000,0.00297,0.23735,0.20504,0.32080,0.00282,0.00282,0.16424,0.20974,0.08307,0.00000,0.06732,2.44137
2026-09-13T14:30:12.929,1789284612.930,,3.7850,59.0,2400,3711,32.8,0x80000,0.00311,0.23490,0.20760,0.34245,0.00302,0.00262,0.17732,0.22805,0.13321,0.00326,0.06609,2.38337
2026-09-13T14:30:13.957,1789284613.958,,4.3806,59.5,2400,3709,34.3,0x80000,0.00287,0.24482,0.21399,0.37577,0.00241,0.00483,0.18095,0.17358,0.38974,0.00922,0.06611,2.71628
2026-09-13T14:30:14.985,1789284614.986,,4.1715,60.6,2400,3706,37.7,0x80000,0.00297,0.27638,0.20605,0.32117,0.00241,0.00262,0.17657,0.16634,0.11586,0.00266,0.06785,2.83060
2026-09-13T14:30:16.011,1789284616.012,,3.5773,60.0,2400,3704,33.7,0x80000,0.00302,0.22055,0.20350,0.32274,0.00483,0.00222,0.15784,0.17371,0.05497,0.00000,0.06720,2.36671
2026-09-13T14:30:17.037,1789284617.038,,3.6423,58.4,2400,3703,32.8,0x80000,0.00297,0.23557,0.20458,0.31925,0.00261,0.00262,0.18004,0.18103,0.08062,0.00118,0.06727,2.36458
2026-09-13T14:30:18.063,1789284618.064,,3.5268,59.0,2400,3708,32.6,0x80000,0.00302,0.24070,0.20680,0.33164,0.00241,0.00262,0.17375,0.19478,0.11609,0.00588,0.06632,2.18278
2026-09-13T14:30:19.090,1789284619.091,,2.8953,60.0,2400,3707,33.0,0x80000,0.00312,0.25417,0.21822,0.34071,0.00221,0.00262,0.17044,0.26095,0.29454,0.00473,0.06934,1.27423
2026-09-13T14:30:20.117,1789284620.117,,3.5204,60.0,2400,3714,32.5,0x80000,0.00302,0.23457,0.20788,0.33320,0.00262,0.00262,0.16401,0.00362,0.15275,0.00237,0.06671,2.34704
2026-09-13T14:30:21.143,1789284621.144,,3.5749,59.0,2400,3712,32.8,0x80000,0.00307,0.26485,0.20337,0.32134,0.00282,0.00282,0.18429,0.04701,0.11540,0.00149,0.07047,2.35804
2026-09-13T14:30:22.169,1789284622.170,,3.5319,59.0,2400,3707,32.7,0x80000,0.00297,0.22339,0.21298,0.32099,0.00322,0.00262,0.17677,0.05434,0.08086,0.00060,0.07047,2.38265
2026-09-13T14:30:23.196,1789284623.197,,3.1747,59.5,2400,3710,32.5,0x80000,0.00307,0.32293,0.28038,0.35119,0.00241,0.00262,0.20933,0.00362,0.18560,0.01214,0.06311,1.73832
2026-09-13T14:30:24.225,1789284624.226,,3.8265,61.1,2400,3701,40.0,0x80000,0.00312,0.29641,0.20673,0.32466,0.00242,0.00262,0.17087,0.20622,0.12972,0.00207,0.06789,2.41380
2026-09-13T14:30:25.251,1789284625.252,,4.1157,60.0,2400,5216,33.3,0x80000,0.00302,0.27001,0.21700,0.33320,0.00282,0.00242,0.18009,0.18804,0.08127,0.00000,0.06477,2.77312
2026-09-13T14:30:26.278,1789284626.279,,3.8490,59.0,2400,5863,32.9,0x80000,0.00302,0.24482,0.20573,0.39252,0.00262,0.00262,0.17356,0.18757,0.38874,0.01265,0.06702,2.16815
2026-09-13T14:30:27.306,1789284627.307,,5.1150,60.0,2400,5937,33.8,0x80000,0.00302,0.29651,0.20733,0.39851,0.00282,0.00282,0.18009,0.19889,0.23908,0.01303,0.06459,3.50836
2026-09-13T14:30:28.337,1789284628.337,,3.9394,60.0,2400,5944,39.2,0x80000,0.00297,0.23490,0.20566,0.38903,0.00322,0.00262,0.28172,0.19884,0.17815,0.00030,0.06591,2.37611
2026-09-13T14:30:29.363,1789284629.364,,3.3888,59.5,2400,5941,32.8,0x80000,0.00297,0.26370,0.20552,0.36017,0.00242,0.00201,0.16387,0.20989,0.11451,0.00738,0.06595,1.99038
2026-09-13T14:30:30.389,1789284630.390,,3.6273,59.0,2400,5960,33.3,0x80000,0.00311,0.22007,0.20532,0.33338,0.00241,0.00242,0.17087,0.05434,0.19873,0.00595,0.06607,2.36458
2026-09-13T14:30:31.417,1789284631.417,,4.8827,60.6,2400,5952,35.8,0x80000,0.00297,0.29857,0.20712,0.37179,0.00241,0.00241,0.17632,0.01446,0.50043,0.01041,0.06650,3.22928
2026-09-13T14:30:32.445,1789284632.445,,2.6268,59.0,2400,5977,29.1,0x80000,0.00321,0.25250,0.20424,0.35065,0.00483,0.00262,0.15798,0.00000,0.19502,0.00237,0.06810,1.38531
2026-09-13T14:30:33.471,1789284633.472,,1.6775,57.9,2400,6006,8.7,0x80000,0.00311,0.21801,0.20370,0.31464,0.00221,0.00242,0.18310,0.00000,0.03892,0.00000,0.06649,0.64488
2026-09-13T14:30:34.498,1789284634.498,,1.8186,56.8,2400,6014,1.5,0x80000,0.00302,0.21627,0.20639,0.31576,0.00261,0.00262,0.15758,0.19137,0.02694,0.00000,0.06651,0.62953
2026-09-13T14:30:35.524,1789284635.525,,1.8862,56.2,2400,6013,0.0,0x80000,0.00306,0.22092,0.20809,0.31750,0.00262,0.00222,0.17054,0.20989,0.04731,0.00000,0.06651,0.63750
2026-09-13T14:30:36.550,1789284636.550,,1.7631,57.3,2400,6018,0.2,0x80000,0.00312,0.22017,0.21305,0.31116,0.00282,0.00242,0.23844,0.05066,0.03356,0.00000,0.06653,0.62119
2026-09-13T14:30:37.576,1789284637.577,,1.6869,57.3,2400,6020,0.0,0x80000,0.00302,0.21851,0.20552,0.31739,0.00241,0.00222,0.15749,0.05424,0.02807,0.00000,0.06890,0.62915
2026-09-13T14:30:38.603,1789284638.603,,2.7270,57.3,2400,6015,29.8,0x80000,0.00302,0.22173,0.21528,0.33320,0.00261,0.00262,0.17361,0.05074,0.12275,0.00208,0.06934,1.53000
2026-09-13T14:30:39.630,1789284639.631,,5.4117,60.6,2400,5992,34.6,0x80000,0.00302,0.23457,0.22066,0.33512,0.00262,0.00262,0.15115,0.18988,0.08277,0.00207,0.06495,4.12232
2026-09-13T14:30:40.658,1789284640.659,,4.8658,61.7,2400,5976,50.1,0x80000,0.00312,0.29926,0.21980,0.38516,0.00282,0.00242,0.16737,0.18456,0.36429,0.00771,0.06576,3.16359
2026-09-13T14:30:41.686,1789284641.686,,4.7812,62.2,2400,5977,50.2,0x80000,0.00307,0.25663,0.21736,0.37031,0.00282,0.00282,0.15833,0.00721,0.14834,0.01127,0.06706,3.53599
2026-09-13T14:30:42.713,1789284642.714,,3.7461,62.2,2400,5986,50.5,0x80000,0.00297,0.24259,0.27977,0.37158,0.00301,0.00282,0.19606,0.00000,0.18119,0.00590,0.07028,2.38990
2026-09-13T14:30:43.740,1789284643.740,,4.9670,63.9,2400,5992,51.1,0x80000,0.00302,0.22642,0.20653,0.31576,0.00261,0.00262,0.17687,0.00000,0.08127,0.00000,0.06555,3.88640
2026-09-13T14:30:44.766,1789284644.766,,2.6886,60.6,2400,6026,37.3,0x80000,0.00302,0.22590,0.20337,0.31418,0.00282,0.00242,0.17356,0.05422,0.04744,0.00000,0.06747,1.59423
2026-09-13T14:30:45.793,1789284645.793,,2.6626,60.6,2400,6042,25.1,0x80000,0.00297,0.22631,0.20465,0.32310,0.00241,0.00242,0.17087,0.04689,0.06896,0.00059,0.06748,1.54593
2026-09-13T14:30:46.820,1789284646.820,,2.9076,60.6,2400,6021,36.6,0x80000,0.00297,0.25004,0.20229,0.33734,0.00282,0.00282,0.18741,0.20296,0.21024,0.00030,0.06741,1.44104
2026-09-13T14:30:47.847,1789284647.848,,4.9394,62.8,2400,6007,58.0,0x80000,0.00302,0.29546,0.21743,0.33012,0.00221,0.00242,0.17049,0.20607,0.18256,0.01784,0.06548,3.44631
2026-09-13T14:30:48.875,1789284648.876,,5.4328,62.2,2400,6003,61.6,0x80000,0.00302,0.22720,0.20691,0.35588,0.00342,0.00262,0.17390,0.18090,0.39241,0.01153,0.06596,3.80906
2026-09-13T14:30:49.973,1789284649.973,,5.5121,63.9,2400,6006,61.4,0x80000,0.00292,0.25561,0.20660,0.34548,0.00281,0.00242,0.17400,0.19199,0.20618,0.01715,0.06424,4.04266
2026-09-13T14:30:51.002,1789284651.003,,4.6489,63.4,2400,6014,61.4,0x80000,0.00302,0.22403,0.20701,0.37158,0.00181,0.00262,0.17429,0.22437,0.28537,0.00325,0.06576,3.08576
2026-09-13T14:30:52.028,1789284652.029,,4.7914,63.4,2400,6007,57.9,0x80000,0.00307,0.22007,0.20444,0.32854,0.00282,0.00282,0.17030,0.19839,0.05849,0.00000,0.06648,3.53599
2026-09-13T14:30:53.055,1789284653.056,,5.0208,63.4,2400,6010,61.3,0x80000,0.00297,0.32962,0.20566,0.33164,0.00282,0.00282,0.17395,0.20921,0.11357,0.00235,0.06711,3.57904
2026-09-13T14:30:54.082,1789284654.082,,6.4184,65.0,2400,6018,62.0,0x80000,0.00292,0.21773,0.21111,0.32448,0.00261,0.00262,0.17722,0.20638,0.05281,0.00000,0.06479,5.15577
2026-09-13T14:30:55.108,1789284655.109,,3.8888,64.5,2400,6019,56.7,0x80000,0.00311,0.31967,0.20532,0.32854,0.00241,0.00242,0.17682,0.00000,0.06162,0.00621,0.06861,2.71407
2026-09-13T14:30:56.135,1789284656.135,,5.3429,63.9,2400,6025,58.3,0x80000,0.00302,0.22590,0.21700,0.31811,0.00282,0.00282,0.17682,0.03609,0.11531,0.00030,0.06614,4.17855
2026-09-13T14:30:57.162,1789284657.163,,5.0284,65.0,2400,6030,61.2,0x80000,0.00312,0.22200,0.20982,0.32625,0.00403,0.00222,0.25084,0.00000,0.14771,0.00000,0.06476,3.79769
2026-09-13T14:30:58.189,1789284658.190,,5.5885,65.5,2400,6033,61.0,0x80000,0.00312,0.21889,0.20660,0.32335,0.00282,0.00282,0.16401,0.18795,0.25155,0.00000,0.06526,4.16219
2026-09-13T14:30:59.216,1789284659.217,,4.6466,66.1,2400,6025,61.5,0x80000,0.00302,0.32352,0.20673,0.35994,0.00261,0.00181,0.19995,0.18442,0.14858,0.00355,0.06481,3.14765
2026-09-13T14:31:00.246,1789284660.247,,6.3043,64.5,2400,6031,60.6,0x80000,0.00302,0.24415,0.21578,0.34066,0.00241,0.00262,0.19355,0.16630,0.17964,0.00654,0.06776,4.88189
2026-09-13T14:31:01.276,1789284661.277,,5.6397,65.0,2400,6039,61.2,0x80000,0.00302,0.25795,0.27823,0.35108,0.00261,0.00242,0.19989,0.21965,0.20128,0.01648,0.06569,4.04136
2026-09-13T14:31:02.305,1789284662.305,,5.3083,65.5,2400,6035,61.5,0x80000,0.00306,0.24772,0.20605,0.32738,0.00281,0.00282,0.17727,0.19879,0.16496,0.00414,0.06859,3.90468
2026-09-13T14:31:03.331,1789284663.332,,2.6174,62.2,2400,6083,26.3,0x80000,0.00297,0.24949,0.20552,0.33521,0.00282,0.00242,0.17672,0.20916,0.17600,0.00325,0.06685,1.18698
2026-09-13T14:31:04.357,1789284664.358,,1.8961,59.5,2400,6103,4.9,0x80000,0.00311,0.22241,0.20444,0.32292,0.00241,0.00262,0.17366,0.18776,0.03335,0.00000,0.06653,0.67693
2026-09-13T14:31:05.383,1789284665.383,,1.8938,60.0,2400,6116,0.5,0x80000,0.00297,0.22584,0.20612,0.31415,0.00241,0.00262,0.19678,0.18031,0.03552,0.00000,0.06587,0.66121
2026-09-13T14:31:06.408,1789284666.408,,1.8602,59.0,2400,6114,0.0,0x80000,0.00302,0.21705,0.20632,0.31766,0.00241,0.00262,0.17126,0.18076,0.03657,0.00000,0.06952,0.65304
2026-09-13T14:31:07.434,1789284667.435,,1.8849,59.0,2400,6119,0.2,0x80000,0.00311,0.21519,0.21743,0.32279,0.00282,0.00222,0.16723,0.17999,0.04736,0.00000,0.06580,0.66101
2026-09-13T14:31:08.461,1789284668.461,,1.6847,59.0,2400,6122,0.0,0x80000,0.00302,0.21695,0.20660,0.31607,0.00241,0.00222,0.17039,0.00000,0.03665,0.00000,0.06960,0.66081
2026-09-13T14:31:09.487,1789284669.488,,1.8830,59.0,2400,6122,0.0,0x80000,0.00302,0.21733,0.33731,0.31941,0.00241,0.00262,0.19611,0.04338,0.04192,0.00000,0.06644,0.65304
2026-09-13T14:31:10.618,1789284670.618,,2.8442,58.4,2400,6122,12.6,0x80000,0.00311,0.22465,0.20552,0.32819,0.00282,0.00242,0.17395,0.19884,0.09782,0.00000,0.06934,1.53750
2026-09-13T14:31:11.644,1789284671.644,,2.9018,59.5,2400,6102,28.1,0x80000,0.00302,0.23042,0.20767,0.32836,0.00242,0.00262,0.15740,0.20989,0.09149,0.00119,0.06556,1.60172
2026-09-13T14:31:12.676,1789284672.676,,5.7715,65.5,2400,6028,90.8,0x80000,0.00307,0.31542,0.20875,0.37247,0.00241,0.00242,0.17732,0.19718,0.38926,0.01156,0.06382,4.02785
2026-09-13T14:31:13.715,1789284673.716,,6.5252,67.2,2400,6021,100.0,0x80000,0.00292,0.32103,0.20660,0.35588,0.00261,0.00262,0.15102,0.00361,0.21413,0.00059,0.06542,5.19874
2026-09-13T14:31:14.752,1789284674.752,,6.7547,67.8,2400,6014,99.0,0x80000,0.00268,0.30013,0.20733,0.37517,0.00322,0.00282,0.24853,0.19108,0.43751,0.01429,0.06381,4.90815
2026-09-13T14:31:15.781,1789284675.782,,2.7060,63.4,2400,7696,63.3,0x80000,0.00311,0.21997,0.20532,0.31976,0.00241,0.00242,0.16718,0.18415,0.05113,0.00000,0.06355,1.48701
2026-09-13T14:31:16.807,1789284676.808,,2.3847,61.7,2400,7892,24.9,0x80000,0.00316,0.24192,0.20882,0.34260,0.00241,0.00242,0.16741,0.04697,0.15089,0.00743,0.06380,1.14681
2026-09-13T14:31:17.844,1789284677.845,,7.7394,65.0,2400,7874,44.8,0x80000,0.00302,0.21923,0.20600,0.32661,0.00241,0.00262,0.17752,0.03981,0.14110,0.00680,0.06835,6.54590
2026-09-13T14:31:18.873,1789284678.873,,6.6371,66.7,2400,7836,78.8,0x80000,0.00307,0.30839,0.21090,0.36504,0.00281,0.00282,0.17341,0.18809,0.17844,0.01607,0.06411,5.12390
2026-09-13T14:31:19.904,1789284679.905,,5.3476,67.8,2400,7843,90.9,0x80000,0.00292,0.32118,0.20639,0.36940,0.00281,0.00282,0.20311,0.19503,0.23173,0.00326,0.06363,3.74531
2026-09-13T14:31:20.948,1789284680.948,,6.0736,67.2,2400,7841,91.8,0x80000,0.00302,0.21909,0.20538,0.37720,0.00241,0.00262,0.29273,0.21325,0.04212,0.00030,0.06690,4.64857
2026-09-13T14:31:21.977,1789284681.977,,4.7752,67.2,2400,7839,92.5,0x80000,0.00306,0.27266,0.19968,0.32971,0.00282,0.00242,0.17025,0.18415,0.10853,0.00089,0.06648,3.43453
2026-09-13T14:31:23.008,1789284683.008,,5.8669,68.3,2400,7832,93.2,0x80000,0.00287,0.30641,0.21822,0.32134,0.00242,0.00242,0.18029,0.20989,0.04510,0.00059,0.06702,4.51030
2026-09-13T14:31:24.144,1789284684.145,,5.7728,68.8,2400,7826,92.0,0x80000,0.00307,0.32638,0.20465,0.37465,0.00281,0.00282,0.17044,0.20968,0.31646,0.01095,0.06293,4.08796
2026-09-13T14:31:25.175,1789284685.176,,6.9730,70.0,2400,7845,91.8,0x80000,0.00297,0.22007,0.20532,0.32213,0.00282,0.00282,0.17647,0.21681,0.05081,0.00147,0.06572,5.70561
2026-09-13T14:31:26.208,1789284686.209,,6.0529,68.3,2400,7876,86.4,0x80000,0.00321,0.31874,0.22606,0.35978,0.00281,0.00282,0.17682,0.00361,0.17437,0.00356,0.06279,4.71835
2026-09-13T14:31:27.238,1789284687.238,,7.4105,69.4,2400,7853,92.2,0x80000,0.00292,0.26755,0.20504,0.34925,0.00242,0.00201,0.18990,0.00000,0.19444,0.00651,0.06800,6.12242
2026-09-13T14:31:28.269,1789284688.269,,6.2825,69.4,2400,7855,92.4,0x80000,0.00287,0.36699,0.20525,0.33209,0.00281,0.00322,0.17044,0.02889,0.21744,0.00000,0.06473,4.88778
2026-09-13T14:31:29.301,1789284689.301,,7.7115,70.0,2400,7865,91.4,0x80000,0.00297,0.27926,0.20573,0.38610,0.00281,0.00282,0.17400,0.05407,0.46234,0.00266,0.06498,6.07376
2026-09-13T14:31:30.336,1789284690.336,,6.2552,70.5,2400,7869,92.4,0x80000,0.00302,0.22027,0.20497,0.34084,0.00242,0.00242,0.19644,0.00000,0.14349,0.00148,0.06526,5.07456
2026-09-13T14:31:31.362,1789284691.363,,6.3110,70.0,2400,7876,92.4,0x80000,0.00287,0.21615,0.20504,0.35433,0.00282,0.00242,0.17682,0.18392,0.09015,0.00000,0.06420,5.01233
2026-09-13T14:31:32.396,1789284692.397,,6.2215,69.4,2400,7874,92.5,0x80000,0.00302,0.23490,0.20532,0.33513,0.00282,0.00242,0.24881,0.17706,0.13450,0.02042,0.06498,4.79209
2026-09-13T14:31:33.427,1789284693.427,,2.6828,64.5,2400,7953,43.8,0x80000,0.00302,0.24894,0.20370,0.34419,0.00281,0.00282,0.17087,0.21137,0.21685,0.00444,0.06363,1.21015
2026-09-13T14:31:34.452,1789284694.453,,2.8942,63.9,2400,7982,12.4,0x80000,0.00302,0.22834,0.27734,0.33669,0.00261,0.00181,0.17682,0.21330,0.21599,0.00029,0.06780,1.37021
2026-09-13T14:31:35.479,1789284695.480,,1.8853,62.2,2400,7995,2.0,0x80000,0.00311,0.21926,0.20584,0.31766,0.00282,0.00242,0.17692,0.18076,0.03561,0.00000,0.06397,0.67693
2026-09-13T14:31:36.505,1789284696.506,,1.9720,62.8,2400,8000,0.0,0x80000,0.00302,0.21705,0.20673,0.31783,0.00241,0.00262,0.24139,0.20989,0.03567,0.00000,0.06639,0.66897
2026-09-13T14:31:37.532,1789284697.532,,1.9360,61.7,2400,7455,0.0,0x80000,0.00297,0.21646,0.21843,0.36679,0.00282,0.00262,0.28268,0.05432,0.03784,0.00000,0.06596,0.68511
2026-09-13T14:31:38.558,1789284698.559,,1.8845,61.1,2400,6358,0.5,0x80000,0.00297,0.21851,0.20767,0.31958,0.00281,0.00282,0.18720,0.17314,0.03547,0.00000,0.06533,0.66897
2026-09-13T14:31:39.585,1789284699.585,,1.9830,61.1,2400,6237,0.0,0x80000,0.00292,0.21617,0.27608,0.32117,0.00241,0.00262,0.19633,0.19180,0.03880,0.00000,0.06570,0.66897
2026-09-13T14:31:40.611,1789284700.612,,1.4401,59.5,1500,6240,0.0,0x80000,0.00287,0.21470,0.20573,0.30704,0.00262,0.00322,0.17717,0.00000,0.04612,0.00000,0.06613,0.41449
2026-09-13T14:31:41.639,1789284701.639,,1.5241,60.0,1500,6253,0.2,0x80000,0.00307,0.21577,0.20889,0.30905,0.00241,0.00242,0.25727,0.00000,0.04622,0.00030,0.06424,0.41449
2026-09-13T14:31:42.666,1789284702.667,,1.4786,59.5,1500,6251,0.0,0x80000,0.00297,0.21519,0.20444,0.30371,0.00241,0.00242,0.17682,0.05786,0.03878,0.00000,0.06681,0.40722
2026-09-13T14:31:43.694,1789284703.694,,1.6572,60.0,1500,6248,0.0,0x80000,0.00307,0.21773,0.21305,0.30529,0.00261,0.00483,0.17999,0.20942,0.03989,0.00000,0.06668,0.41464
2026-09-13T14:31:44.725,1789284704.725,,2.7762,59.5,2400,6235,17.2,0x80000,0.00297,0.23011,0.20566,0.32661,0.00282,0.00282,0.20283,0.20942,0.12328,0.00148,0.06616,1.40208
2026-09-13T14:31:45.751,1789284705.751,,3.0451,60.6,2400,6217,26.5,0x80000,0.00297,0.24036,0.20854,0.33206,0.00241,0.00242,0.17097,0.20638,0.09414,0.00089,0.06377,1.72021
2026-09-13T14:31:46.776,1789284706.777,,3.5009,61.1,2400,6207,25.3,0x80000,0.00287,0.30932,0.21721,0.31958,0.00241,0.00262,0.16461,0.18442,0.04951,0.00088,0.06602,2.18146
2026-09-13T14:31:47.803,1789284707.803,,3.4041,61.7,2400,6204,24.9,0x80000,0.00311,0.29057,0.20532,0.33696,0.00281,0.00242,0.17742,0.00000,0.16189,0.00414,0.06919,2.15026
2026-09-13T14:31:48.829,1789284708.829,,3.6905,62.8,2400,6195,25.1,0x80000,0.00307,0.29536,0.20719,0.34782,0.00282,0.00282,0.15749,0.00000,0.31323,0.01363,0.06729,2.27974
2026-09-13T14:31:49.856,1789284709.857,,3.4517,62.8,2400,6203,25.3,0x80000,0.00306,0.22163,0.20733,0.32625,0.00261,0.00242,0.16392,0.00000,0.05168,0.00000,0.06549,2.40728
2026-09-13T14:31:50.883,1789284710.883,,3.6299,62.8,2400,6204,25.1,0x80000,0.00302,0.23135,0.20639,0.34592,0.00282,0.00282,0.17015,0.00362,0.13507,0.00651,0.06787,2.45437
2026-09-13T14:31:51.909,1789284711.909,,3.6905,61.7,2400,6206,25.3,0x80000,0.00297,0.23522,0.20532,0.33028,0.00282,0.00282,0.17702,0.03987,0.15418,0.01160,0.06604,2.46234
2026-09-13T14:31:52.935,1789284712.935,,3.5617,63.9,2400,6198,25.1,0x80000,0.00302,0.23181,0.20673,0.32485,0.00282,0.00282,0.17712,0.05063,0.06969,0.00000,0.06540,2.42681
2026-09-13T14:31:53.963,1789284713.964,,3.6275,62.2,2400,6197,25.5,0x80000,0.00302,0.22007,0.20639,0.31925,0.00261,0.00181,0.18055,0.21000,0.05930,0.00118,0.06669,2.35662
2026-09-13T14:31:54.989,1789284714.990,,2.8728,62.2,2400,6208,31.2,0x80000,0.00297,0.21851,0.21807,0.31794,0.00282,0.00282,0.15749,0.20119,0.08498,0.00000,0.06625,1.59979
2026-09-13T14:31:56.015,1789284716.015,,2.9681,61.7,2400,6206,27.2,0x80000,0.00287,0.22092,0.20646,0.31941,0.00282,0.00242,0.17697,0.20286,0.03967,0.00000,0.06549,1.72817
2026-09-13T14:31:57.041,1789284717.041,,3.4356,62.2,2400,6208,25.5,0x80000,0.00302,0.32040,0.20465,0.35138,0.00241,0.00322,0.16765,0.16996,0.28426,0.00444,0.06919,1.85504
2026-09-13T14:31:58.068,1789284718.068,,3.6785,62.2,2400,6203,23.7,0x80000,0.00311,0.22014,0.20625,0.32117,0.00282,0.00242,0.17742,0.20266,0.07500,0.00000,0.06892,2.39859
2026-09-13T14:31:59.095,1789284719.095,,3.7000,63.4,2400,6194,26.3,0x80000,0.00297,0.21793,0.20518,0.33188,0.00241,0.00262,0.15833,0.18456,0.11135,0.00000,0.06903,2.41380
2026-09-13T14:32:00.121,1789284720.121,,3.7228,62.8,2400,6191,26.2,0x80000,0.00317,0.21841,0.20573,0.32854,0.00241,0.00242,0.17732,0.18790,0.06020,0.00000,0.06711,2.46956
2026-09-13T14:32:01.147,1789284721.148,,3.7770,62.2,2400,6198,26.4,0x80000,0.00307,0.21627,0.20767,0.33345,0.00241,0.00242,0.18315,0.20602,0.09945,0.00412,0.06533,2.45363
2026-09-13T14:32:02.174,1789284722.175,,2.8284,62.2,2400,6191,26.8,0x80000,0.00312,0.24582,0.20809,0.33696,0.00282,0.00242,0.16461,0.20963,0.26152,0.00384,0.06714,1.32241
2026-09-13T14:32:03.201,1789284723.202,,3.5020,62.8,2400,6186,26.3,0x80000,0.00297,0.29746,0.20417,0.35627,0.00242,0.00262,0.17712,0.21692,0.28445,0.01276,0.06538,1.87949
2026-09-13T14:32:04.228,1789284724.229,,2.7194,62.8,2400,6190,25.5,0x80000,0.00312,0.26886,0.20788,0.31513,0.00281,0.00282,0.17742,0.23546,0.05072,0.00000,0.06774,1.38740
2026-09-13T14:32:05.255,1789284725.255,,3.8877,62.2,2400,6189,26.3,0x80000,0.00297,0.21821,0.20532,0.33872,0.00241,0.00322,0.18320,0.23499,0.18005,0.00000,0.06642,2.45215
2026-09-13T14:32:06.282,1789284726.282,,3.8963,63.9,2400,6193,28.2,0x80000,0.00297,0.28471,0.20781,0.36310,0.00281,0.00282,0.23239,0.17963,0.24625,0.02070,0.06473,2.28840
2026-09-13T14:32:07.309,1789284727.310,,3.6710,63.4,2400,6186,25.8,0x80000,0.00307,0.22143,0.20680,0.32643,0.00241,0.00262,0.16746,0.19161,0.06412,0.00000,0.06912,2.41598
2026-09-13T14:32:08.336,1789284728.337,,3.8449,63.4,2400,6193,26.1,0x80000,0.00302,0.32000,0.20552,0.34223,0.00241,0.00483,0.17068,0.19151,0.17612,0.00237,0.06741,2.35875
2026-09-13T14:32:09.362,1789284729.363,,3.3845,62.8,2400,6193,25.6,0x80000,0.00297,0.22740,0.21965,0.32159,0.00282,0.00282,0.18377,0.00000,0.17931,0.00147,0.06919,2.17350
2026-09-13T14:32:10.391,1789284730.391,,3.6747,63.4,2400,6193,26.0,0x80000,0.00297,0.23390,0.20625,0.32099,0.00402,0.00242,0.17677,0.20602,0.10243,0.00237,0.06718,2.34936
2026-09-13T14:32:11.418,1789284731.418,,2.6931,62.8,2400,6186,25.5,0x80000,0.00312,0.23301,0.22107,0.32093,0.00261,0.00242,0.15749,0.20266,0.08600,0.00385,0.06583,1.39411
2026-09-13T14:32:12.445,1789284732.446,,3.9132,63.4,2400,6185,25.8,0x80000,0.00306,0.22626,0.22300,0.32971,0.00261,0.00181,0.24755,0.20989,0.10900,0.00177,0.06583,2.49271
2026-09-13T14:32:13.473,1789284733.473,,3.7734,62.8,2400,6190,25.9,0x80000,0.00297,0.31825,0.22511,0.43871,0.00282,0.00282,0.27939,0.03983,0.44200,0.02163,0.06519,1.93465
2026-09-13T14:32:14.500,1789284734.500,,3.3722,64.5,2400,6193,26.0,0x80000,0.00311,0.30577,0.20875,0.39363,0.00402,0.00242,0.16452,0.00000,0.36453,0.00324,0.06718,1.85504
2026-09-13T14:32:15.527,1789284735.528,,4.9660,62.2,2400,6186,26.6,0x80000,0.00301,0.25039,0.27697,0.34223,0.00281,0.00242,0.19978,0.20989,0.14608,0.00000,0.06493,3.46744
2026-09-13T14:32:16.553,1789284736.554,,3.8775,62.2,2400,6179,28.0,0x80000,0.00301,0.21919,0.27869,0.32819,0.00282,0.00262,0.19268,0.19473,0.07540,0.00059,0.07015,2.50940
2026-09-13T14:32:17.580,1789284737.581,,3.7261,63.4,2400,6186,25.9,0x80000,0.00297,0.22057,0.20532,0.32117,0.00241,0.00242,0.15758,0.18076,0.06274,0.00000,0.06720,2.50294
2026-09-13T14:32:18.606,1789284738.607,,3.6906,63.4,2400,6186,25.9,0x80000,0.00297,0.21889,0.21736,0.31513,0.00281,0.00282,0.16392,0.20989,0.07281,0.00029,0.06916,2.41453
2026-09-13T14:32:19.633,1789284739.634,,3.9443,62.8,2400,6183,25.7,0x80000,0.00302,0.21974,0.20767,0.36192,0.00282,0.00282,0.15144,0.20200,0.20756,0.00059,0.06892,2.51585
2026-09-13T14:32:20.660,1789284740.661,,3.7063,63.9,2400,6186,26.0,0x80000,0.00306,0.24348,0.20660,0.32292,0.00241,0.00181,0.17712,0.20611,0.07452,0.00118,0.06707,2.40003
2026-09-13T14:32:21.688,1789284741.688,,2.8494,64.5,2400,6189,25.9,0x80000,0.00297,0.23702,0.20518,0.34724,0.00242,0.00181,0.19978,0.22770,0.17796,0.00207,0.06662,1.37859
2026-09-13T14:32:22.715,1789284742.715,,2.8232,64.5,2400,6189,25.9,0x80000,0.00306,0.30868,0.20625,0.34766,0.00282,0.00282,0.18958,0.05416,0.27340,0.01210,0.06916,1.35346
2026-09-13T14:32:23.743,1789284743.743,,3.5511,63.4,2400,6189,26.0,0x80000,0.00297,0.22481,0.20889,0.32994,0.00241,0.00242,0.20294,0.00000,0.11321,0.00237,0.06547,2.39570
2026-09-13T14:32:24.769,1789284744.769,,2.6848,63.4,2400,6183,26.2,0x80000,0.00302,0.25425,0.20518,0.32468,0.00241,0.00181,0.16401,0.00000,0.07034,0.00089,0.06540,1.59279
2026-09-13T14:32:25.795,1789284745.796,,3.6328,63.9,2400,6188,26.6,0x80000,0.00302,0.21929,0.20552,0.32468,0.00241,0.00262,0.16803,0.19884,0.10549,0.00118,0.06547,2.33625
2026-09-13T14:32:26.821,1789284746.822,,3.6750,63.9,2400,6179,27.2,0x80000,0.00311,0.21939,0.20639,0.32680,0.00282,0.00242,0.16479,0.19498,0.06131,0.00000,0.06542,2.42754
2026-09-13T14:32:27.848,1789284747.849,,3.5381,64.5,2400,6189,26.2,0x80000,0.00311,0.22600,0.20760,0.35627,0.00282,0.00242,0.17400,0.22810,0.18717,0.00000,0.06720,2.08341
2026-09-13T14:32:28.876,1789284748.876,,3.2645,63.9,2400,6191,26.6,0x80000,0.00312,0.27600,0.20733,0.35627,0.00281,0.00242,0.24734,0.20963,0.30420,0.00706,0.06350,1.58482
2026-09-13T14:32:29.902,1789284749.902,,2.0924,61.7,2400,6207,19.7,0x80000,0.00302,0.21725,0.22789,0.32256,0.00261,0.00181,0.17039,0.20968,0.05299,0.00000,0.06394,0.82029
2026-09-13T14:32:30.928,1789284750.929,,2.1040,62.2,2400,6221,0.5,0x80000,0.00307,0.24348,0.20691,0.31941,0.00241,0.00181,0.17712,0.21915,0.04624,0.00000,0.06389,0.82053
2026-09-13T14:32:31.956,1789284751.957,,1.9781,61.7,2400,6218,1.0,0x80000,0.00306,0.29421,0.20591,0.31958,0.00241,0.00262,0.16396,0.20648,0.04311,0.00000,0.06775,0.66897
2026-09-13T14:32:32.983,1789284752.983,,1.9074,60.6,2400,6218,0.0,0x80000,0.00311,0.21236,0.20673,0.32093,0.00402,0.00242,0.20243,0.18804,0.04432,0.00000,0.06960,0.65344
2026-09-13T14:32:34.009,1789284754.010,,1.7020,60.6,2400,6224,0.0,0x80000,0.00287,0.21803,0.20781,0.31941,0.00241,0.00262,0.16382,0.00362,0.04300,0.00000,0.06962,0.66877
2026-09-13T14:32:35.036,1789284755.037,,1.4229,60.6,1500,6233,0.0,0x80000,0.00302,0.21821,0.20680,0.30022,0.00261,0.00221,0.17346,0.00000,0.03567,0.00000,0.06422,0.41643
2026-09-13T14:32:36.064,1789284756.064,,1.6860,60.6,1600,6237,1.0,0x80000,0.00307,0.21733,0.20573,0.31030,0.00322,0.00282,0.17039,0.20560,0.04326,0.00000,0.06963,0.45466
2026-09-13T14:32:37.092,1789284757.092,,1.6305,60.0,1500,6230,1.7,0x80000,0.00297,0.21803,0.20701,0.30554,0.00241,0.00483,0.16443,0.21330,0.03997,0.00000,0.06419,0.40781
2026-09-13T14:32:38.119,1789284758.119,,1.6450,60.0,1500,6229,0.0,0x80000,0.00302,0.21693,0.21894,0.30355,0.00261,0.00322,0.17657,0.19914,0.03976,0.00000,0.06674,0.41449
2026-09-13T14:32:39.247,1789284759.248,,1.4355,59.5,1500,6233,0.2,0x80000,0.00287,0.21285,0.20982,0.31449,0.00282,0.00242,0.17762,0.00000,0.03879,0.00000,0.06606,0.40781
2026-09-13T14:32:40.274,1789284760.274,,1.4858,59.5,1500,6237,0.2,0x80000,0.00302,0.22044,0.20875,0.30180,0.00302,0.00282,0.18004,0.04689,0.03879,0.00000,0.06606,0.41420
2026-09-13T14:32:41.301,1789284761.302,,1.4859,59.0,1500,6231,0.0,0x80000,0.00302,0.23334,0.20591,0.30546,0.00241,0.00483,0.17097,0.05065,0.03369,0.00000,0.06738,0.40825
2026-09-13T14:32:42.328,1789284762.329,,1.5762,59.0,1500,6233,0.2,0x80000,0.00297,0.21763,0.27977,0.30852,0.00241,0.00242,0.19284,0.05409,0.03252,0.00059,0.06795,0.41449
2026-09-13T14:32:43.355,1789284763.356,,1.4679,60.0,1500,6238,0.0,0x80000,0.00321,0.21959,0.20660,0.30180,0.00322,0.00483,0.15740,0.05060,0.03943,0.00000,0.06672,0.41449
2026-09-13T14:32:44.383,1789284764.383,,1.4478,59.5,1500,6233,0.2,0x80000,0.00297,0.21539,0.20889,0.30371,0.00241,0.00242,0.18310,0.00361,0.04747,0.00000,0.06984,0.40796
2026-09-13T14:32:45.410,1789284765.410,,1.6035,59.5,1500,6235,0.2,0x80000,0.00307,0.21705,0.20733,0.30006,0.00322,0.00483,0.17682,0.18396,0.03246,0.00000,0.06672,0.40796
2026-09-13T14:32:46.439,1789284766.439,,2.3852,59.0,1800,6231,3.2,0x80000,0.00312,0.22122,0.20673,0.33095,0.00282,0.00242,0.18418,0.19517,0.12668,0.00446,0.06881,1.03869
2026-09-13T14:32:47.465,1789284767.465,,2.8806,60.6,2400,6200,36.1,0x80000,0.00297,0.22709,0.22059,0.32661,0.00241,0.00262,0.18029,0.19522,0.07173,0.00000,0.06623,1.58482
2026-09-13T14:32:48.491,1789284768.492,,5.4985,63.9,2400,6160,41.5,0x80000,0.00302,0.23344,0.20673,0.33872,0.00241,0.00262,0.17752,0.20200,0.08634,0.00148,0.06983,4.17436
2026-09-13T14:32:49.519,1789284769.519,,5.6892,65.5,2400,6155,50.1,0x80000,0.00302,0.34351,0.20605,0.41868,0.00261,0.00262,0.29124,0.05521,0.33453,0.00830,0.06656,3.95689
2026-09-13T14:32:50.546,1789284770.547,,5.3477,66.1,2400,6151,50.7,0x80000,0.00297,0.26365,0.20566,0.34398,0.00241,0.00262,0.18341,0.03624,0.23343,0.01788,0.06311,3.99234
2026-09-13T14:32:51.572,1789284771.573,,5.3246,66.7,2400,6151,50.9,0x80000,0.00297,0.29522,0.20646,0.32609,0.00241,0.00262,0.17044,0.05055,0.09425,0.00000,0.06722,4.10637
2026-09-13T14:32:52.600,1789284772.600,,2.8734,66.1,2400,6152,49.8,0x80000,0.00307,0.23970,0.20740,0.36504,0.00241,0.00262,0.15458,0.00722,0.23242,0.00443,0.06919,1.58530
2026-09-13T14:32:53.627,1789284773.627,,2.9072,62.8,2400,6193,30.9,0x80000,0.00306,0.23334,0.20660,0.34419,0.00281,0.00282,0.16401,0.00725,0.14932,0.00059,0.06559,1.72765
2026-09-13T14:32:54.653,1789284774.653,,2.8324,63.4,2400,6193,24.9,0x80000,0.00311,0.25530,0.23058,0.34367,0.00261,0.00181,0.15432,0.00361,0.17504,0.00118,0.06745,1.59375
2026-09-13T14:32:55.681,1789284775.681,,5.5771,65.5,2400,6166,45.8,0x80000,0.00297,0.32278,0.21090,0.37382,0.00281,0.00242,0.15771,0.17693,0.45346,0.01094,0.06586,3.79654
2026-09-13T14:32:56.709,1789284776.709,,3.9885,68.3,2400,6145,57.5,0x80000,0.00302,0.31918,0.21607,0.33557,0.00282,0.00282,0.17054,0.19849,0.34994,0.00682,0.06643,2.31681
2026-09-13T14:32:57.736,1789284777.736,,5.0701,67.2,2400,6143,55.3,0x80000,0.00306,0.21959,0.22511,0.32468,0.00261,0.00242,0.17366,0.21351,0.08368,0.00000,0.06854,3.75327
2026-09-13T14:32:58.762,1789284778.763,,3.6637,67.2,2400,6143,55.0,0x80000,0.00307,0.24759,0.21055,0.34398,0.00242,0.00322,0.19366,0.21287,0.13145,0.00444,0.06663,2.24380
2026-09-13T14:32:59.790,1789284779.790,,5.1590,67.8,2400,7479,55.9,0x80000,0.00302,0.21987,0.20566,0.32819,0.00241,0.00242,0.21219,0.19834,0.21069,0.00441,0.06863,3.70323
2026-09-13T14:33:00.817,1789284780.817,,6.1549,67.2,2400,7892,54.9,0x80000,0.00297,0.24504,0.20566,0.33733,0.00281,0.00282,0.16727,0.04347,0.17623,0.00177,0.06526,4.90431
2026-09-13T14:33:01.843,1789284781.844,,4.9034,68.3,2400,7905,55.9,0x80000,0.00297,0.22007,0.20577,0.34925,0.00261,0.00322,0.17044,0.01087,0.06898,0.00059,0.06525,3.80338
2026-09-13T14:33:02.872,1789284782.873,,5.6866,68.3,2400,7911,55.4,0x80000,0.00317,0.27602,0.20673,0.33734,0.00282,0.00282,0.17667,0.18429,0.14707,0.00885,0.06789,4.27298
2026-09-13T14:33:03.899,1789284783.899,,5.1961,68.3,2400,7915,55.4,0x80000,0.00292,0.21956,0.20896,0.36153,0.00281,0.00282,0.18647,0.18054,0.12775,0.00000,0.06526,3.83746
2026-09-13T14:33:04.926,1789284784.926,,5.7372,68.8,2400,7932,52.7,0x80000,0.00302,0.22237,0.20632,0.38205,0.00301,0.00161,0.16070,0.05409,0.31396,0.00030,0.06677,4.32296
2026-09-13T14:33:05.955,1789284785.955,,5.6255,67.8,2400,7934,54.9,0x80000,0.00297,0.21977,0.20680,0.33666,0.00282,0.00282,0.17687,0.06507,0.29697,0.01124,0.06541,4.23809
2026-09-13T14:33:06.981,1789284786.982,,5.8128,67.8,2400,7930,56.5,0x80000,0.00306,0.26964,0.20465,0.39483,0.00242,0.00322,0.18009,0.22409,0.36714,0.01152,0.06544,4.08673
2026-09-13T14:33:08.009,1789284788.009,,5.2800,67.8,2400,7921,56.5,0x80000,0.00302,0.29604,0.20667,0.35997,0.00281,0.00282,0.17999,0.19522,0.47565,0.01065,0.06479,3.48234
2026-09-13T14:33:09.035,1789284789.036,,5.6090,68.3,2400,7917,55.4,0x80000,0.00302,0.23713,0.20847,0.34211,0.00261,0.00181,0.16070,0.20963,0.21498,0.00209,0.06720,4.15921
2026-09-13T14:33:10.062,1789284790.062,,4.6249,68.3,2400,7926,54.9,0x80000,0.00292,0.22460,0.21470,0.38435,0.00281,0.00242,0.17662,0.18429,0.12959,0.01357,0.06968,3.21937
2026-09-13T14:33:11.090,1789284791.091,,5.2519,67.8,2400,7934,55.2,0x80000,0.00302,0.22434,0.22727,0.34611,0.00241,0.00242,0.17390,0.00000,0.14073,0.00326,0.06994,4.05853
2026-09-13T14:33:12.119,1789284792.120,,6.1362,69.4,2400,7932,55.6,0x80000,0.00297,0.31349,0.21607,0.38516,0.00281,0.00282,0.17687,0.18752,0.42919,0.01569,0.06878,4.33484
2026-09-13T14:33:13.146,1789284793.147,,2.9646,67.2,2400,7936,51.1,0x80000,0.00302,0.26185,0.20625,0.37051,0.00241,0.00242,0.17732,0.19889,0.25403,0.00563,0.06518,1.41715
2026-09-13T14:33:14.172,1789284794.173,,2.7857,66.1,2400,8002,25.1,0x80000,0.00307,0.25706,0.20303,0.35470,0.00281,0.00282,0.16727,0.05420,0.17904,0.00503,0.06739,1.48926
2026-09-13T14:33:15.245,1789284795.245,,1.7987,63.4,2400,8019,1.0,0x80000,0.00302,0.21783,0.20982,0.33345,0.00241,0.00242,0.18356,0.00361,0.08791,0.00000,0.06954,0.68511
2026-09-13T14:33:16.271,1789284796.272,,2.0894,62.8,2400,8017,0.0,0x80000,0.00287,0.29305,0.21978,0.32961,0.00282,0.00282,0.18095,0.20607,0.09257,0.00000,0.06597,0.69286
2026-09-13T14:33:17.298,1789284797.298,,2.3910,62.8,2400,8010,1.2,0x80000,0.00297,0.26845,0.20552,0.36680,0.00282,0.00282,0.19927,0.23458,0.31774,0.00148,0.06321,0.72537
2026-09-13T14:33:18.325,1789284798.325,,2.0111,62.8,2400,6694,0.7,0x80000,0.00292,0.21615,0.20584,0.33345,0.00282,0.00242,0.21899,0.20266,0.08492,0.00000,0.06395,0.67693
2026-09-13T14:33:19.351,1789284799.352,,2.1165,62.2,2400,6305,0.0,0x80000,0.00302,0.21597,0.27780,0.32854,0.00282,0.00241,0.24420,0.20560,0.09081,0.00000,0.06759,0.67775
2026-09-13T14:33:20.378,1789284800.378,,1.8277,61.1,2400,6263,0.0,0x80000,0.00312,0.21743,0.21951,0.33439,0.00282,0.00282,0.17672,0.05412,0.08167,0.00000,0.06590,0.66917
2026-09-13T14:33:21.403,1789284801.403,,1.7696,61.1,2400,6264,0.0,0x80000,0.00302,0.21695,0.20465,0.32819,0.00282,0.00282,0.18979,0.00000,0.08753,0.00000,0.06530,0.66857
2026-09-13T14:33:22.430,1789284802.431,,1.4493,60.6,1500,6284,0.2,0x80000,0.00311,0.21851,0.20552,0.30878,0.00261,0.00242,0.17346,0.00362,0.04650,0.00000,0.06422,0.42058
2026-09-13T14:33:23.457,1789284803.458,,1.6205,61.1,1500,6287,0.0,0x80000,0.00307,0.21685,0.20605,0.30729,0.00241,0.00242,0.17667,0.18054,0.04101,0.00000,0.06288,0.42133
2026-09-13T14:33:24.485,1789284804.485,,1.6263,62.2,1500,6284,0.2,0x80000,0.00306,0.21783,0.20552,0.31384,0.00262,0.00222,0.15449,0.19084,0.04738,0.00059,0.06603,0.42194
2026-09-13T14:33:25.512,1789284805.513,,1.6698,60.6,1500,6285,0.0,0x80000,0.00316,0.21811,0.20889,0.36112,0.00262,0.00242,0.30204,0.05424,0.03225,0.00000,0.06409,0.42088
2026-09-13T14:33:26.540,1789284806.540,,1.4913,60.6,1500,6286,0.5,0x80000,0.00311,0.21929,0.20733,0.31030,0.00302,0.00242,0.17044,0.03980,0.04192,0.00000,0.06609,0.42756
2026-09-13T14:33:27.567,1789284807.568,,2.1875,59.5,1600,6281,1.5,0x80000,0.00311,0.21909,0.20788,0.31624,0.00241,0.00242,0.16741,0.23807,0.07535,0.00119,0.06533,0.88895
2026-09-13T14:33:28.595,1789284808.596,,1.7019,61.1,1500,6278,0.7,0x80000,0.00312,0.26816,0.20552,0.30852,0.00302,0.00242,0.17366,0.22274,0.03444,0.00000,0.06609,0.41420
2026-09-13T14:33:29.622,1789284809.623,,1.6072,60.6,1500,6282,0.2,0x80000,0.00316,0.21861,0.20673,0.30852,0.00262,0.00322,0.16070,0.18475,0.03876,0.00000,0.06545,0.41464
2026-09-13T14:33:30.650,1789284810.650,,1.4248,60.6,1500,6280,0.0,0x80000,0.00302,0.21861,0.20552,0.30006,0.00262,0.00242,0.17687,0.00723,0.03348,0.00029,0.06672,0.40796
2026-09-13T14:33:31.676,1789284811.677,,1.4517,60.0,1500,6281,0.0,0x80000,0.00307,0.21537,0.20600,0.30537,0.00241,0.00242,0.18305,0.00721,0.03762,0.00000,0.06797,0.42118
2026-09-13T14:33:32.704,1789284812.704,,1.4868,60.0,1500,6284,0.0,0x80000,0.00312,0.21705,0.28084,0.30214,0.00261,0.00322,0.16803,0.00361,0.02580,0.00000,0.06587,0.41449
2026-09-13T14:33:33.731,1789284813.732,,1.4649,60.0,1500,6277,0.2,0x80000,0.00321,0.22153,0.20477,0.30675,0.00261,0.00222,0.17039,0.04689,0.02152,0.00059,0.06980,0.41464
2026-09-13T14:33:34.758,1789284814.758,,3.0646,61.1,2400,6252,22.4,0x80000,0.00312,0.21733,0.20538,0.34137,0.00241,0.00242,0.16401,0.21724,0.17580,0.00268,0.06686,1.66597
2026-09-13T14:33:35.789,1789284815.790,,7.5976,63.4,2400,6234,30.4,0x80000,0.00312,0.29390,0.20680,0.32457,0.00262,0.00242,0.15414,0.22364,0.18450,0.00593,0.06616,6.12980
2026-09-13T14:33:36.824,1789284816.825,,9.0186,68.3,2400,6163,100.0,0x80000,0.00302,0.27154,0.20552,0.36504,0.00241,0.00262,0.17672,0.19180,0.43756,0.00000,0.06439,7.29798
2026-09-13T14:33:37.859,1789284817.860,,6.4165,69.4,2400,7587,99.5,0x80000,0.00292,0.22115,0.20417,0.36329,0.00262,0.00262,0.16429,0.19180,0.15673,0.00206,0.06448,5.04038
2026-09-13T14:33:38.892,1789284818.892,,7.9172,69.4,2400,7888,98.8,0x80000,0.00316,0.24936,0.22728,0.36680,0.00282,0.00242,0.18361,0.17314,0.17999,0.00711,0.06875,6.45273
2026-09-13T14:33:39.921,1789284819.922,,3.2013,66.1,2400,7976,56.8,0x80000,0.00297,0.21851,0.20781,0.32842,0.00282,0.00282,0.17068,0.19190,0.09125,0.00000,0.06537,1.91873
2026-09-13T14:33:40.950,1789284820.950,,2.8814,63.4,2400,7993,25.1,0x80000,0.00302,0.26989,0.20664,0.35470,0.00282,0.00282,0.17380,0.06522,0.11146,0.00030,0.06611,1.62464
2026-09-13T14:33:41.976,1789284821.977,,8.0200,67.8,2400,7966,46.8,0x80000,0.00297,0.31967,0.20612,0.34398,0.00281,0.00282,0.18346,0.05050,0.17946,0.00118,0.06343,6.66363
2026-09-13T14:33:43.012,1789284823.013,,8.6709,69.4,2400,7896,95.8,0x80000,0.00297,0.26287,0.20680,0.37382,0.00302,0.00282,0.17692,0.18771,0.17504,0.00650,0.06296,7.20947
2026-09-13T14:33:44.051,1789284824.051,,5.4093,70.5,2400,7905,99.5,0x80000,0.00268,0.31869,0.20767,0.40647,0.00261,0.00181,0.17366,0.22420,0.34973,0.00920,0.06684,3.64578
2026-09-13T14:33:45.084,1789284825.084,,6.4399,70.5,2400,7898,99.8,0x80000,0.00306,0.26299,0.24039,0.34433,0.00281,0.00282,0.24119,0.20628,0.08694,0.00000,0.06561,4.98346
2026-09-13T14:33:46.120,1789284826.121,,6.2070,72.2,2400,7903,100.0,0x80000,0.00302,0.21783,0.20573,0.34608,0.00281,0.00181,0.20294,0.18762,0.20893,0.00886,0.06693,4.75447
2026-09-13T14:33:47.152,1789284827.152,,8.4483,70.5,2400,7903,99.5,0x80000,0.00311,0.23135,0.20584,0.33789,0.00281,0.00282,0.16088,0.19834,0.17904,0.00709,0.06358,7.05550
2026-09-13T14:33:48.188,1789284828.188,,8.1186,72.7,2400,7911,99.8,0x80000,0.00297,0.21577,0.21843,0.32860,0.00282,0.00282,0.22839,0.19839,0.09460,0.00000,0.06445,6.76138
2026-09-13T14:33:49.218,1789284829.218,,6.1573,72.7,2400,7903,99.3,0x80000,0.00311,0.30457,0.20680,0.42023,0.00282,0.00282,0.20231,0.20266,0.47442,0.01601,0.06339,4.25814
2026-09-13T14:33:50.252,1789284830.253,,3.2293,71.0,2400,7915,96.6,0x80000,0.00312,0.31956,0.20673,0.36705,0.00241,0.00181,0.19360,0.19522,0.28439,0.00443,0.06422,1.58673
2026-09-13T14:33:51.288,1789284831.288,,6.5820,72.7,2400,7909,97.1,0x80000,0.00302,0.25425,0.20566,0.35822,0.00281,0.00161,0.18652,0.18795,0.23319,0.00533,0.06434,5.07914
2026-09-13T14:33:52.318,1789284832.318,,9.0888,72.2,2400,7915,97.8,0x80000,0.00389,0.31937,0.20566,0.39981,0.00282,0.00282,0.16694,0.17710,0.45752,0.01270,0.06609,7.27405
2026-09-13T14:33:53.352,1789284833.352,,7.6630,73.2,2400,7915,98.5,0x80000,0.00287,0.27241,0.20639,0.32842,0.00282,0.00282,0.17087,0.05079,0.08973,0.00000,0.06531,6.47061
2026-09-13T14:33:54.392,1789284834.393,,7.5947,73.2,2400,7923,99.8,0x80000,0.00302,0.26113,0.20552,0.36240,0.00281,0.00181,0.17025,0.20638,0.28553,0.00325,0.06459,6.02799
2026-09-13T14:33:55.425,1789284835.425,,9.3641,73.8,2400,7915,99.0,0x80000,0.00292,0.23323,0.20660,0.34482,0.00282,0.00282,0.19633,0.20195,0.45318,0.01065,0.06448,7.64432
2026-09-13T14:33:56.454,1789284836.454,,7.7644,74.9,2400,7917,100.0,0x80000,0.00311,0.24348,0.20532,0.34957,0.00281,0.00282,0.17025,0.18035,0.29366,0.00029,0.06526,6.24749
2026-09-13T14:33:57.488,1789284837.489,,9.2864,73.8,2400,7921,99.5,0x80000,0.00287,0.26899,0.20545,0.36192,0.00281,0.00141,0.16718,0.19118,0.48174,0.00000,0.06786,7.53499
2026-09-13T14:33:58.517,1789284838.518,,3.7717,68.8,2400,7991,55.0,0x80000,0.00302,0.26808,0.20431,0.39566,0.00281,0.00282,0.17662,0.24331,0.33165,0.00385,0.06771,2.07187
2026-09-13T14:33:59.644,1789284839.645,,2.1060,67.2,2400,8045,14.4,0x80000,0.00311,0.29200,0.20646,0.33320,0.00261,0.00181,0.16746,0.21351,0.08661,0.00000,0.06656,0.73268
2026-09-13T14:34:00.670,1789284840.670,,2.0884,65.0,2400,8049,0.7,0x80000,0.00311,0.21617,0.20747,0.32797,0.00302,0.00242,0.25398,0.20628,0.08486,0.00000,0.06639,0.71675
2026-09-13T14:34:01.695,1789284841.696,,1.9979,65.0,2400,8045,0.0,0x80000,0.00302,0.21831,0.20781,0.33206,0.00281,0.00282,0.16452,0.20560,0.08671,0.00000,0.06571,0.70858
2026-09-13T14:34:02.722,1789284842.722,,1.9761,65.0,2400,8047,0.5,0x80000,0.00297,0.21656,0.20465,0.32854,0.00281,0.00282,0.17087,0.20220,0.08628,0.00000,0.06573,0.69265
2026-09-13T14:34:03.748,1789284843.749,,2.0486,64.5,2400,8053,0.0,0x80000,0.00317,0.21725,0.20667,0.33490,0.00282,0.00242,0.19655,0.22420,0.08521,0.00000,0.06708,0.70836
2026-09-13T14:34:04.775,1789284844.776,,1.7928,63.4,1500,8066,0.0,0x80000,0.00311,0.21597,0.20934,0.32117,0.00282,0.00201,0.24755,0.19884,0.09161,0.00000,0.06597,0.43439
2026-09-13T14:34:05.803,1789284845.803,,1.5283,62.8,1500,8079,0.2,0x80000,0.00297,0.21617,0.20781,0.31985,0.00282,0.00282,0.17662,0.00724,0.08324,0.00000,0.06798,0.44076
2026-09-13T14:34:06.830,1789284846.831,,1.4982,62.8,1500,8073,0.0,0x80000,0.00297,0.21549,0.20767,0.31811,0.00282,0.00282,0.16406,0.00362,0.08051,0.00000,0.06608,0.43408
2026-09-13T14:34:07.858,1789284847.858,,1.5253,62.8,1500,8077,0.0,0x80000,0.00306,0.21783,0.20875,0.32099,0.00281,0.00282,0.18009,0.00362,0.08413,0.00000,0.06731,0.43393
2026-09-13T14:34:08.885,1789284848.886,,2.0394,62.2,1600,6511,2.0,0x80000,0.00297,0.21625,0.20889,0.32047,0.00261,0.00242,0.17107,0.20586,0.08600,0.00000,0.06649,0.75635
2026-09-13T14:34:09.911,1789284849.912,,2.0650,62.8,1500,6322,0.2,0x80000,0.00306,0.21695,0.21995,0.32274,0.00261,0.00242,0.17999,0.21362,0.08441,0.00000,0.06270,0.75657
2026-09-13T14:34:10.945,1789284850.946,,1.5673,62.2,1500,6309,0.2,0x80000,0.00302,0.21869,0.20982,0.31783,0.00241,0.00322,0.17375,0.05411,0.08421,0.00000,0.06618,0.43408
2026-09-13T14:34:11.972,1789284851.972,,1.5826,61.7,1500,6314,0.0,0x80000,0.00311,0.21695,0.21319,0.31916,0.00261,0.00242,0.18055,0.05427,0.09158,0.00059,0.07042,0.42771
2026-09-13T14:34:12.999,1789284853.000,,1.4963,61.7,1500,6317,0.2,0x80000,0.00297,0.21939,0.20450,0.32099,0.00282,0.00282,0.16410,0.00000,0.08588,0.00000,0.06556,0.42725
2026-09-13T14:34:14.027,1789284854.027,,1.8614,62.8,1500,6321,0.0,0x80000,0.00311,0.21617,0.21520,0.32625,0.00402,0.00201,0.17073,0.00361,0.09596,0.00000,0.06773,0.75657
2026-09-13T14:34:15.056,1789284855.057,,1.5063,62.8,1500,6315,0.0,0x80000,0.00312,0.21627,0.20573,0.31766,0.00282,0.00242,0.17662,0.00722,0.08724,0.00000,0.06606,0.42118
2026-09-13T14:34:16.083,1789284856.083,,1.4883,61.7,1500,6319,0.0,0x80000,0.00302,0.20954,0.20593,0.31958,0.00241,0.00483,0.17375,0.00000,0.08183,0.00000,0.06603,0.42133
2026-09-13T14:34:17.110,1789284857.111,,1.5324,61.1,1500,6310,0.0,0x80000,0.00297,0.22251,0.20812,0.31576,0.00282,0.00282,0.15780,0.04714,0.08614,0.00000,0.06547,0.42088
2026-09-13T14:34:18.239,1789284858.239,,1.6865,60.6,1500,6321,0.2,0x80000,0.00307,0.21811,0.21270,0.31941,0.00242,0.00483,0.16461,0.18795,0.08690,0.00000,0.06604,0.42042
2026-09-13T14:34:19.265,1789284859.266,,1.7165,61.1,1500,6301,1.8,0x80000,0.00307,0.21597,0.20712,0.32151,0.00241,0.00484,0.20271,0.17719,0.08739,0.00000,0.06599,0.42833
2026-09-13T14:34:20.292,1789284860.292,,1.7194,61.7,1500,6310,0.2,0x80000,0.00297,0.21821,0.20390,0.32448,0.00402,0.00242,0.17356,0.20968,0.08172,0.00000,0.07040,0.42802
2026-09-13T14:34:21.319,1789284861.320,,1.5708,62.2,1500,6299,0.2,0x80000,0.00307,0.21685,0.20625,0.32274,0.00342,0.00322,0.18330,0.05436,0.08911,0.00000,0.06786,0.42058
2026-09-13T14:34:22.345,1789284862.346,,1.6452,61.7,1500,6309,0.2,0x80000,0.00307,0.30242,0.20733,0.32274,0.00282,0.00282,0.18004,0.04714,0.09020,0.00000,0.06556,0.42103
2026-09-13T14:34:23.372,1789284863.372,,1.5794,60.6,1500,6305,0.0,0x80000,0.00302,0.21733,0.22858,0.32448,0.00261,0.00322,0.18009,0.04337,0.08910,0.00059,0.06608,0.42088
2026-09-13T14:34:24.398,1789284864.399,,1.5153,61.1,1500,6302,0.2,0x80000,0.00311,0.21617,0.20719,0.32448,0.00261,0.00483,0.18305,0.00724,0.07750,0.00000,0.06811,0.42103
2026-09-13T14:34:25.425,1789284865.425,,1.5080,60.0,1500,6298,0.0,0x80000,0.00311,0.22017,0.20875,0.32279,0.00402,0.00242,0.17429,0.00000,0.08529,0.00000,0.06613,0.42103
2026-09-13T14:34:26.451,1789284866.452,,1.5047,61.1,1500,6305,0.0,0x80000,0.00311,0.21695,0.20632,0.32271,0.00262,0.00222,0.17366,0.00362,0.08454,0.00000,0.06791,0.42103
2026-09-13T14:34:27.478,1789284867.478,,1.4299,61.1,1500,6297,0.0,0x80000,0.00302,0.22057,0.20854,0.30720,0.00241,0.00222,0.15798,0.00723,0.04220,0.00000,0.06431,0.41420
2026-09-13T14:34:28.504,1789284868.505,,1.6485,60.6,1500,6295,0.2,0x80000,0.00312,0.21470,0.20660,0.31227,0.00282,0.00242,0.17677,0.19527,0.05619,0.00000,0.06417,0.41420
2026-09-13T14:34:29.532,1789284869.532,,1.6392,60.6,1500,6293,2.0,0x80000,0.00297,0.21881,0.20660,0.30529,0.00261,0.00322,0.16746,0.20968,0.04190,0.00000,0.06599,0.41464
2026-09-13T14:34:30.558,1789284870.558,,1.6300,60.6,1500,6290,0.0,0x80000,0.00311,0.21705,0.20612,0.31207,0.00262,0.00242,0.16803,0.20220,0.03567,0.00000,0.06618,0.41449
2026-09-13T14:34:31.585,1789284871.586,,1.6133,60.0,1500,6289,0.0,0x80000,0.00307,0.21793,0.24707,0.31207,0.00241,0.00322,0.25398,0.05074,0.04086,0.00000,0.06734,0.41464
2026-09-13T14:34:32.613,1789284872.613,,1.5232,60.0,1500,6293,0.0,0x80000,0.00306,0.21811,0.21649,0.31561,0.00261,0.00483,0.17978,0.05420,0.04853,0.00000,0.06609,0.41390
2026-09-13T14:34:33.640,1789284873.641,,1.4411,60.6,1500,6295,0.2,0x80000,0.00297,0.21549,0.23142,0.30537,0.00262,0.00322,0.15780,0.00000,0.04191,0.00000,0.06599,0.41435
2026-09-13T14:34:34.667,1789284874.668,,1.7828,60.6,1500,6291,0.0,0x80000,0.00306,0.22085,0.34394,0.36349,0.00261,0.00483,0.30280,0.00000,0.04769,0.00000,0.06547,0.42802
2026-09-13T14:34:35.695,1789284875.695,,1.4880,59.5,1500,6286,0.0,0x80000,0.00306,0.21733,0.20774,0.30852,0.00322,0.00322,0.17687,0.04709,0.03774,0.00000,0.06866,0.41449
2026-09-13T14:34:36.722,1789284876.723,,1.6328,60.6,1500,6290,0.2,0x80000,0.00311,0.24527,0.20538,0.30852,0.00242,0.00242,0.18065,0.16634,0.03890,0.00000,0.06549,0.41435
2026-09-13T14:34:37.750,1789284877.750,,1.6835,60.6,1500,6284,0.0,0x80000,0.00307,0.21363,0.20733,0.31207,0.00322,0.00242,0.20034,0.21325,0.04625,0.00000,0.06727,0.41464
2026-09-13T14:34:38.776,1789284878.776,,1.6242,60.6,1500,6278,0.2,0x80000,0.00316,0.21343,0.20701,0.30653,0.00241,0.00222,0.17006,0.20448,0.03448,0.00059,0.06547,0.41435
2026-09-13T14:34:39.803,1789284879.804,,1.6372,60.6,1500,6274,1.7,0x80000,0.00321,0.21783,0.20733,0.31030,0.00322,0.00322,0.16803,0.20220,0.04108,0.00000,0.06618,0.41464
2026-09-13T14:34:40.831,1789284880.831,,1.7930,60.6,1500,6280,0.2,0x80000,0.00297,0.21695,0.34501,0.30675,0.00241,0.00222,0.19938,0.20581,0.02269,0.00000,0.06795,0.42088
2026-09-13T14:34:41.857,1789284881.858,,1.6511,59.5,1500,6280,0.0,0x80000,0.00331,0.21617,0.21843,0.31105,0.00282,0.00222,0.18004,0.20240,0.03556,0.00000,0.06480,0.41435
2026-09-13T14:34:42.887,1789284882.888,,1.9234,60.0,1500,6281,1.7,0x80000,0.00311,0.21705,0.20896,0.30852,0.00261,0.00322,0.16746,0.17670,0.03571,0.00000,0.06715,0.73290
2026-09-13T14:34:43.914,1789284883.914,,1.9583,60.6,1500,6280,0.2,0x80000,0.00297,0.21871,0.20653,0.31561,0.00402,0.00242,0.17994,0.18456,0.03663,0.00000,0.06649,0.74042
2026-09-13T14:34:44.945,1789284884.945,,1.4304,60.6,1500,6278,0.2,0x80000,0.00312,0.21693,0.20639,0.31105,0.00241,0.00322,0.17687,0.00000,0.02923,0.00000,0.06674,0.41449
2026-09-13T14:34:45.972,1789284885.973,,1.4686,60.0,1500,6282,0.0,0x80000,0.00307,0.21715,0.21270,0.30675,0.00261,0.00322,0.15170,0.05436,0.03340,0.00000,0.06914,0.41449
2026-09-13T14:34:46.999,1789284887.000,,1.4877,59.5,1500,6285,0.0,0x80000,0.00297,0.21392,0.20552,0.30683,0.00282,0.00242,0.18942,0.04701,0.04467,0.00000,0.06427,0.40781
2026-09-13T14:34:48.027,1789284888.027,,1.5044,59.5,1500,6277,0.0,0x80000,0.00302,0.21956,0.20673,0.30704,0.00322,0.00322,0.20249,0.05424,0.03337,0.00000,0.06360,0.40796
2026-09-13T14:34:49.053,1789284889.054,,1.4826,59.5,1500,6270,0.2,0x80000,0.00297,0.21343,0.20733,0.31030,0.00262,0.00322,0.17429,0.05424,0.03561,0.00030,0.06365,0.41464
2026-09-13T14:34:50.080,1789284890.080,,1.6070,59.5,1500,6266,2.4,0x80000,0.00311,0.21733,0.20504,0.30675,0.00262,0.00322,0.17390,0.18094,0.03979,0.00029,0.06609,0.40796
2026-09-13T14:34:51.107,1789284891.108,,1.7356,59.0,1500,6269,0.0,0x80000,0.00302,0.21793,0.28192,0.30675,0.00261,0.00322,0.19927,0.18442,0.04730,0.00000,0.06802,0.42118
2026-09-13T14:34:52.135,1789284892.135,,1.4249,60.0,1500,6273,0.2,0x80000,0.00312,0.21803,0.21843,0.30749,0.00241,0.00322,0.16401,0.00000,0.03431,0.00000,0.06611,0.40781
2026-09-13T14:34:53.161,1789284893.162,,1.4296,59.0,1500,6277,0.2,0x80000,0.00311,0.21783,0.20673,0.30927,0.00262,0.00322,0.17039,0.00000,0.03440,0.00000,0.06738,0.41464
2026-09-13T14:34:54.188,1789284894.189,,1.4520,60.0,1500,6282,0.0,0x80000,0.00297,0.21783,0.20660,0.30905,0.00241,0.00282,0.15110,0.04712,0.03435,0.00000,0.06976,0.40796
2026-09-13T14:34:55.216,1789284895.216,,1.4655,59.0,1500,6269,0.0,0x80000,0.00297,0.21344,0.20680,0.30180,0.00261,0.00222,0.18958,0.04701,0.02695,0.00000,0.06429,0.40781
2026-09-13T14:34:56.243,1789284896.244,,1.4858,59.5,1500,6270,0.0,0x80000,0.00297,0.21646,0.20701,0.31384,0.00242,0.00242,0.19273,0.04701,0.02699,0.00000,0.06615,0.40781
2026-09-13T14:34:57.270,1789284897.270,,1.4953,59.0,1500,6274,0.2,0x80000,0.00297,0.21539,0.20660,0.30878,0.00241,0.00222,0.17672,0.06524,0.04097,0.00000,0.06608,0.40796
2026-09-13T14:34:58.297,1789284898.298,,1.6471,59.0,1500,6270,0.0,0x80000,0.00312,0.22143,0.20861,0.31207,0.00262,0.00322,0.17351,0.20628,0.04203,0.00030,0.06609,0.40781
2026-09-13T14:34:59.324,1789284899.325,,1.6270,59.5,1500,6264,0.0,0x80000,0.00297,0.22085,0.20687,0.31207,0.00261,0.00322,0.17687,0.18837,0.03547,0.00000,0.06976,0.40796
2026-09-13T14:35:00.352,1789284900.352,,1.6010,59.0,1500,6259,2.4,0x80000,0.00292,0.21627,0.20411,0.30704,0.00262,0.00242,0.17030,0.18442,0.03665,0.00000,0.06672,0.40752
2026-09-13T14:35:01.379,1789284901.380,,1.6034,59.5,1500,6264,0.2,0x80000,0.00306,0.21919,0.20605,0.30197,0.00242,0.00222,0.15771,0.18456,0.04782,0.00000,0.06422,0.41420
2026-09-13T14:35:02.406,1789284902.406,,1.7982,59.0,1500,6264,1.5,0x80000,0.00312,0.21539,0.20444,0.37326,0.00282,0.00242,0.29519,0.18433,0.04540,0.00000,0.06421,0.40766
2026-09-13T14:35:03.433,1789284903.434,,1.6256,59.5,1500,6266,0.0,0x80000,0.00321,0.21703,0.20701,0.30878,0.00261,0.00322,0.17752,0.20560,0.03514,0.00000,0.06416,0.40127
2026-09-13T14:35:04.461,1789284904.461,,1.4964,59.0,1500,6266,0.2,0x80000,0.00312,0.21783,0.22404,0.30988,0.00403,0.00242,0.16070,0.04688,0.04622,0.00030,0.06649,0.41449
2026-09-13T14:35:05.488,1789284905.489,,1.4567,59.0,1500,6264,0.0,0x80000,0.00312,0.21655,0.20552,0.31030,0.00261,0.00242,0.17049,0.04710,0.04540,0.00000,0.06604,0.38720
2026-09-13T14:35:06.516,1789284906.516,,1.4894,59.5,1500,6270,0.2,0x80000,0.00297,0.22173,0.20532,0.30852,0.00282,0.00222,0.17087,0.05889,0.04181,0.00000,0.06611,0.40810
2026-09-13T14:35:07.543,1789284907.544,,1.5934,59.0,1500,6266,0.0,0x80000,0.00312,0.21568,0.20518,0.30529,0.00322,0.00322,0.17331,0.17719,0.03543,0.00000,0.07046,0.40127
2026-09-13T14:35:08.570,1789284908.571,,1.6608,59.0,1500,6270,0.5,0x80000,0.00312,0.29824,0.20889,0.30735,0.00181,0.00242,0.15842,0.17318,0.03912,0.00000,0.06667,0.40156
2026-09-13T14:35:09.598,1789284909.598,,1.4036,58.4,1500,6260,0.0,0x80000,0.00312,0.21773,0.20660,0.30594,0.00282,0.00222,0.16718,0.00362,0.01945,0.00000,0.06674,0.40825
2026-09-13T14:35:10.624,1789284910.624,,2.9570,59.0,2400,6234,29.9,0x80000,0.00292,0.23702,0.23756,0.33170,0.00242,0.00262,0.24762,0.17371,0.14096,0.00089,0.06734,1.51224
2026-09-13T14:35:11.650,1789284911.650,,3.5464,61.1,2400,6218,24.9,0x80000,0.00307,0.22787,0.20573,0.32099,0.00282,0.00282,0.19672,0.20560,0.06270,0.00059,0.06963,2.24786
2026-09-13T14:35:12.677,1789284912.678,,2.9226,62.2,2400,6218,25.3,0x80000,0.00297,0.25843,0.20532,0.32679,0.00282,0.00222,0.19655,0.05420,0.20101,0.00621,0.06487,1.60123
2026-09-13T14:35:13.705,1789284913.705,,3.5310,62.8,2400,6216,24.9,0x80000,0.00316,0.21923,0.20625,0.32310,0.00241,0.00242,0.17097,0.06131,0.06450,0.00237,0.06732,2.40801
2026-09-13T14:35:14.733,1789284914.733,,2.8145,61.7,2400,6216,25.1,0x80000,0.00311,0.25484,0.20680,0.35472,0.00282,0.00242,0.16770,0.20581,0.21671,0.00384,0.06655,1.32918
2026-09-13T14:35:15.759,1789284915.759,,3.7557,62.2,2400,6212,25.1,0x80000,0.00312,0.22393,0.20896,0.35138,0.00282,0.00242,0.17380,0.20220,0.06996,0.00030,0.06602,2.45082
2026-09-13T14:35:16.785,1789284916.786,,2.9632,62.8,2400,6213,25.3,0x80000,0.00306,0.21919,0.21914,0.31976,0.00241,0.00242,0.16737,0.00000,0.07745,0.00000,0.06547,1.88688
2026-09-13T14:35:17.813,1789284917.813,,3.4798,63.4,2400,6206,25.1,0x80000,0.00316,0.23490,0.22935,0.35490,0.00282,0.00242,0.17672,0.00363,0.12800,0.00681,0.06602,2.27109
2026-09-13T14:35:18.840,1789284918.840,,3.6032,62.8,2400,6218,25.1,0x80000,0.00297,0.31024,0.20383,0.32151,0.00241,0.00262,0.16713,0.17719,0.06349,0.00000,0.06549,2.28634
2026-09-13T14:35:19.867,1789284919.867,,3.0647,63.4,2400,6211,25.5,0x80000,0.00311,0.22626,0.20552,0.36457,0.00403,0.00242,0.18060,0.22053,0.28562,0.00177,0.06512,1.50518
2026-09-13T14:35:20.893,1789284920.894,,3.1876,62.2,2400,6221,32.7,0x80000,0.00292,0.22159,0.20767,0.33381,0.00241,0.00242,0.17107,0.22415,0.11311,0.00325,0.06554,1.83967
2026-09-13T14:35:21.919,1789284921.919,,3.0230,62.8,2400,6227,25.6,0x80000,0.00311,0.23021,0.20733,0.32811,0.00282,0.00222,0.15419,0.20607,0.05799,0.00059,0.06927,1.76109
2026-09-13T14:35:22.945,1789284922.946,,3.3128,62.8,2400,6220,26.2,0x80000,0.00311,0.22163,0.20680,0.36526,0.00261,0.00242,0.16424,0.20942,0.15124,0.00387,0.06348,1.91873
2026-09-13T14:35:23.971,1789284923.972,,4.9933,64.5,2400,6207,26.2,0x80000,0.00316,0.26672,0.20680,0.36153,0.00261,0.00242,0.18095,0.25237,0.21492,0.00833,0.06896,3.42449
2026-09-13T14:35:24.998,1789284924.998,,3.8190,63.9,2400,6208,26.2,0x80000,0.00302,0.22897,0.22666,0.32159,0.00282,0.00282,0.25147,0.20286,0.05499,0.00030,0.06335,2.46012
2026-09-13T14:35:26.025,1789284926.025,,3.7690,63.4,2400,6208,26.8,0x80000,0.00287,0.22055,0.27986,0.33557,0.00241,0.00262,0.17087,0.20932,0.06980,0.00178,0.06901,2.40438
2026-09-13T14:35:27.051,1789284927.051,,3.9907,63.9,2400,6212,26.5,0x80000,0.00302,0.22642,0.31122,0.32661,0.00241,0.00181,0.24762,0.18776,0.06127,0.00000,0.06948,2.55307
2026-09-13T14:35:28.078,1789284928.079,,3.5203,64.5,2400,6211,26.5,0x80000,0.00287,0.28419,0.20532,0.32503,0.00281,0.00282,0.17712,0.18438,0.06241,0.00207,0.06597,2.20535
2026-09-13T14:35:29.105,1789284929.106,,3.0654,65.0,2400,6209,26.1,0x80000,0.00312,0.26017,0.20875,0.35276,0.00282,0.00242,0.16401,0.18776,0.21404,0.00237,0.06597,1.60123
2026-09-13T14:35:30.133,1789284930.134,,3.7283,63.4,2400,6207,26.6,0x80000,0.00292,0.23202,0.20680,0.33521,0.00241,0.00242,0.17102,0.22086,0.12457,0.00651,0.06552,2.35804
2026-09-13T14:35:31.159,1789284931.160,,3.7312,62.8,2400,6208,27.8,0x80000,0.00297,0.21977,0.20625,0.31985,0.00282,0.00242,0.17687,0.20195,0.05267,0.00000,0.06588,2.47977
2026-09-13T14:35:32.186,1789284932.186,,3.8905,63.4,2400,6208,26.3,0x80000,0.00302,0.29539,0.27654,0.33614,0.00282,0.00282,0.21868,0.20974,0.12775,0.00118,0.06704,2.34936
2026-09-13T14:35:33.212,1789284933.212,,3.7658,65.0,2400,6209,25.7,0x80000,0.00307,0.22193,0.20733,0.32310,0.00241,0.00181,0.20254,0.20245,0.06478,0.00118,0.06716,2.46808
2026-09-13T14:35:34.238,1789284934.238,,3.8040,63.9,2400,6208,26.0,0x80000,0.00302,0.21848,0.20639,0.33696,0.00242,0.00242,0.17410,0.17358,0.09393,0.00000,0.06665,2.52609
2026-09-13T14:35:35.264,1789284935.265,,3.5059,63.9,2400,6207,26.1,0x80000,0.00287,0.22241,0.20733,0.32961,0.00241,0.00262,0.17682,0.00723,0.06660,0.00000,0.06621,2.42177
2026-09-13T14:35:36.291,1789284936.292,,3.8711,62.8,2400,6207,25.9,0x80000,0.00307,0.22475,0.20774,0.33908,0.00282,0.00282,0.17702,0.00000,0.35691,0.00000,0.06918,2.48774
2026-09-13T14:35:37.319,1789284937.320,,3.4847,63.9,2400,6202,25.7,0x80000,0.00297,0.25284,0.20612,0.36504,0.00241,0.00262,0.18952,0.00722,0.26659,0.02443,0.06918,2.09578
2026-09-13T14:35:38.345,1789284938.346,,3.6020,63.9,2400,6204,25.6,0x80000,0.00302,0.22132,0.20646,0.40124,0.00322,0.00262,0.26669,0.00724,0.08291,0.00621,0.06901,2.33203
2026-09-13T14:35:39.371,1789284939.371,,3.6009,64.5,2400,6209,25.9,0x80000,0.00311,0.22017,0.21599,0.32292,0.00281,0.00242,0.17049,0.06493,0.25258,0.00178,0.06604,2.27769
2026-09-13T14:35:40.398,1789284940.398,,3.6961,64.5,2400,6211,25.3,0x80000,0.00311,0.23181,0.20875,0.32292,0.00281,0.00242,0.18320,0.19137,0.07632,0.00296,0.06531,2.40511
2026-09-13T14:35:41.425,1789284941.425,,3.7737,64.5,2400,6198,28.6,0x80000,0.00311,0.26923,0.20538,0.33345,0.00282,0.00242,0.20334,0.20968,0.07449,0.00119,0.06350,2.40511
2026-09-13T14:35:42.451,1789284942.451,,3.6457,63.4,2400,6198,26.3,0x80000,0.00307,0.29461,0.20591,0.32980,0.00261,0.00262,0.16723,0.19884,0.09408,0.00654,0.06340,2.27700
2026-09-13T14:35:43.478,1789284943.479,,3.8207,65.0,2400,6211,26.1,0x80000,0.00292,0.24170,0.20875,0.33872,0.00241,0.00242,0.17054,0.21319,0.11856,0.00059,0.06651,2.45437
2026-09-13T14:35:44.504,1789284944.505,,3.7434,64.5,2400,6202,26.2,0x80000,0.00297,0.26858,0.21858,0.33872,0.00241,0.00262,0.17687,0.05066,0.17844,0.00000,0.06734,2.43623
2026-09-13T14:35:45.532,1789284945.532,,3.5596,64.5,2400,6200,25.9,0x80000,0.00321,0.25304,0.23565,0.36460,0.00302,0.00242,0.18330,0.03619,0.43736,0.00178,0.06341,1.97565
2026-09-13T14:35:46.559,1789284946.559,,4.2254,65.0,2400,6207,25.8,0x80000,0.00302,0.29004,0.20733,0.35640,0.00261,0.00262,0.17030,0.17026,0.17647,0.01419,0.06531,2.76682
2026-09-13T14:35:47.586,1789284947.587,,2.9828,64.5,2400,6207,26.3,0x80000,0.00312,0.23135,0.20552,0.34576,0.00261,0.00181,0.16723,0.16996,0.14590,0.00266,0.06579,1.64107
2026-09-13T14:35:48.613,1789284948.614,,3.7888,65.0,2400,6197,25.4,0x80000,0.00297,0.21773,0.20673,0.33890,0.00282,0.00282,0.18731,0.20607,0.14330,0.00059,0.06720,2.41235
2026-09-13T14:35:49.641,1789284949.641,,3.8186,65.0,2400,6204,26.3,0x80000,0.00312,0.22200,0.20840,0.34574,0.00282,0.00242,0.21589,0.10487,0.21177,0.01154,0.06472,2.42534
2026-09-13T14:35:50.669,1789284950.670,,3.5790,65.0,2400,6212,26.0,0x80000,0.00312,0.32527,0.20747,0.34749,0.00282,0.00242,0.19344,0.05063,0.26461,0.00474,0.06720,2.10981
2026-09-13T14:35:51.696,1789284951.697,,3.7621,64.5,2400,6207,28.6,0x80000,0.00287,0.21997,0.20625,0.33345,0.00241,0.00262,0.20564,0.20989,0.10868,0.00059,0.06465,2.40511
2026-09-13T14:35:52.723,1789284952.724,,4.0005,62.8,2400,6203,26.2,0x80000,0.00312,0.22017,0.20660,0.36984,0.00402,0.00222,0.16713,0.18804,0.38496,0.00237,0.06287,2.38918
2026-09-13T14:35:53.750,1789284953.750,,2.6303,63.4,2400,6202,25.5,0x80000,0.00311,0.24037,0.20625,0.35108,0.00261,0.00222,0.16704,0.19142,0.20781,0.00621,0.06554,1.18663
2026-09-13T14:35:54.775,1789284954.776,,1.9810,63.4,2400,6229,12.7,0x80000,0.00297,0.22014,0.20660,0.33345,0.00242,0.00262,0.18095,0.18076,0.09005,0.00030,0.06768,0.69307
2026-09-13T14:35:55.802,1789284955.803,,1.9613,62.2,2400,6230,0.5,0x80000,0.00312,0.21823,0.20906,0.33088,0.00282,0.00282,0.17107,0.18475,0.09675,0.00000,0.06513,0.67673
2026-09-13T14:35:56.828,1789284956.829,,1.9459,62.2,2400,6230,0.0,0x80000,0.00312,0.21939,0.20673,0.33696,0.00282,0.00242,0.17687,0.18799,0.07480,0.00000,0.06583,0.66897
2026-09-13T14:35:57.854,1789284957.854,,1.8386,61.7,2400,6230,0.0,0x80000,0.00297,0.22017,0.20826,0.32836,0.00241,0.00242,0.20254,0.04712,0.08925,0.00000,0.06594,0.66917
2026-09-13T14:35:58.880,1789284958.881,,1.9490,61.1,2400,6233,0.0,0x80000,0.00297,0.21705,0.20916,0.34417,0.00282,0.00282,0.16723,0.04712,0.08492,0.00000,0.06640,0.80436
2026-09-13T14:35:59.906,1789284959.906,,1.9285,61.7,2400,6235,0.0,0x80000,0.00302,0.21577,0.21807,0.32980,0.00402,0.00242,0.17035,0.03976,0.08467,0.00000,0.06402,0.79663
2026-09-13T14:36:00.935,1789284960.936,,1.6465,61.7,1500,6242,0.0,0x80000,0.00302,0.22007,0.28112,0.30878,0.00281,0.00242,0.20254,0.09421,0.04000,0.00000,0.06424,0.42725
2026-09-13T14:36:01.962,1789284961.962,,1.6652,61.1,1600,6248,2.2,0x80000,0.00311,0.22200,0.20639,0.31080,0.00241,0.00222,0.17390,0.18031,0.04543,0.00000,0.06411,0.45451
2026-09-13T14:36:02.992,1789284962.992,,1.6067,60.6,1500,6243,0.0,0x80000,0.00311,0.21811,0.20566,0.30895,0.00241,0.00483,0.17361,0.17009,0.03956,0.00030,0.06540,0.41464
2026-09-13T14:36:04.018,1789284964.018,,1.4582,61.1,1500,6247,0.2,0x80000,0.00302,0.22261,0.20812,0.30529,0.00322,0.00242,0.17015,0.01085,0.04812,0.00000,0.06980,0.41464
2026-09-13T14:36:05.044,1789284965.045,,1.5349,59.5,1500,6248,0.0,0x80000,0.00302,0.21549,0.22181,0.31030,0.00322,0.00282,0.25056,0.00000,0.04625,0.00000,0.06677,0.41464
2026-09-13T14:36:06.071,1789284966.071,,1.6685,60.0,1500,6252,0.0,0x80000,0.00312,0.21851,0.21104,0.36173,0.00241,0.00484,0.29594,0.04712,0.03355,0.00000,0.06978,0.42042
2026-09-13T14:36:07.097,1789284967.098,,1.5451,60.6,1500,6252,0.0,0x80000,0.00302,0.21848,0.20816,0.30675,0.00261,0.00483,0.22454,0.05074,0.03890,0.00000,0.06616,0.42088
2026-09-13T14:36:08.124,1789284968.124,,1.5134,60.0,1500,6251,0.0,0x80000,0.00311,0.22037,0.23004,0.31207,0.00261,0.00483,0.17449,0.05066,0.02791,0.00000,0.06596,0.42133
2026-09-13T14:36:09.150,1789284969.150,,1.4692,60.6,1500,6252,0.2,0x80000,0.00336,0.21744,0.20532,0.31570,0.00302,0.00242,0.16156,0.04349,0.04516,0.00000,0.06424,0.40752
2026-09-13T14:36:10.176,1789284970.177,,1.6395,60.0,1500,6248,0.0,0x80000,0.00297,0.21733,0.20444,0.30729,0.00241,0.00222,0.17126,0.20989,0.04085,0.00000,0.06665,0.41420
2026-09-13T14:36:11.203,1789284971.203,,1.7195,60.0,1500,6244,0.0,0x80000,0.00302,0.21480,0.28192,0.30675,0.00261,0.00221,0.17989,0.20235,0.04521,0.00000,0.06594,0.41479
2026-09-13T14:36:12.229,1789284972.230,,1.6951,59.5,1600,6244,2.4,0x80000,0.00302,0.24638,0.21721,0.30704,0.00322,0.00222,0.17039,0.18804,0.04635,0.00030,0.07026,0.44067
2026-09-13T14:36:13.256,1789284973.256,,1.7389,59.5,1500,6250,0.0,0x80000,0.00297,0.21831,0.31764,0.30704,0.00402,0.00242,0.17712,0.18415,0.03660,0.00000,0.06667,0.42194
2026-09-13T14:36:14.282,1789284974.283,,1.4539,59.5,1500,6242,0.5,0x80000,0.00312,0.22007,0.20411,0.30638,0.00282,0.00222,0.19584,0.00361,0.03515,0.00000,0.06611,0.41449
2026-09-13T14:36:15.310,1789284975.310,,1.5110,59.5,1500,6255,0.0,0x80000,0.00311,0.21685,0.20767,0.31030,0.00322,0.00322,0.19290,0.05424,0.03880,0.00000,0.06623,0.41449
2026-09-13T14:36:16.337,1789284976.338,,1.4802,59.5,1500,6248,0.2,0x80000,0.00316,0.21577,0.20701,0.31207,0.00322,0.00483,0.16447,0.05050,0.03764,0.00000,0.06734,0.41420
2026-09-13T14:36:17.364,1789284977.364,,1.4966,60.0,1500,6251,0.0,0x80000,0.00307,0.24426,0.20618,0.30852,0.00282,0.00222,0.17366,0.04350,0.03463,0.00000,0.06989,0.40781
2026-09-13T14:36:18.391,1789284978.391,,1.4832,59.5,1500,6247,0.0,0x80000,0.00312,0.22143,0.20660,0.30638,0.00241,0.00322,0.18351,0.04712,0.03543,0.00000,0.06674,0.40722
2026-09-13T14:36:19.418,1789284979.419,,1.5195,60.0,1500,6247,0.2,0x80000,0.00312,0.21783,0.20788,0.31038,0.00241,0.00322,0.17030,0.05771,0.06575,0.00030,0.06611,0.41449
2026-09-13T14:36:20.446,1789284980.446,,1.4383,58.4,1500,6247,0.0,0x80000,0.00312,0.21741,0.21807,0.30594,0.00282,0.00242,0.16723,0.00362,0.03988,0.00000,0.06989,0.40796
2026-09-13T14:36:21.473,1789284981.474,,1.5469,60.0,1500,6250,0.0,0x80000,0.00311,0.21851,0.28201,0.30594,0.00242,0.00322,0.22183,0.00362,0.03225,0.00000,0.06674,0.40722
2026-09-13T14:36:22.501,1789284982.501,,1.7021,59.5,1600,6246,2.0,0x80000,0.00312,0.21693,0.21858,0.31916,0.00261,0.00322,0.17356,0.20989,0.04102,0.00000,0.06653,0.44752
2026-09-13T14:36:23.530,1789284983.531,,1.6418,60.0,1500,6242,0.2,0x80000,0.00297,0.21783,0.20444,0.31030,0.00262,0.00222,0.17742,0.20276,0.04853,0.00000,0.06547,0.40722
2026-09-13T14:36:24.557,1789284984.557,,1.4939,59.0,1500,6251,0.0,0x80000,0.00311,0.21568,0.21965,0.30073,0.00282,0.00222,0.17097,0.05409,0.04725,0.00000,0.06989,0.40752
2026-09-13T14:36:25.584,1789284985.584,,1.6097,58.4,1500,6248,0.0,0x80000,0.00307,0.22115,0.21763,0.31207,0.00241,0.00222,0.15780,0.18799,0.03468,0.00000,0.06982,0.40084
2026-09-13T14:36:26.611,1789284986.612,,1.6885,59.5,1500,6238,0.5,0x80000,0.00307,0.21627,0.22666,0.30617,0.00261,0.00322,0.19611,0.21643,0.04311,0.00000,0.06670,0.40810
2026-09-13T14:36:27.639,1789284987.639,,1.4509,59.5,1500,6251,0.0,0x80000,0.00302,0.21891,0.20625,0.30421,0.00241,0.00322,0.16479,0.04349,0.03752,0.00000,0.06618,0.40084
2026-09-13T14:36:28.665,1789284988.666,,1.4542,59.0,1500,6240,0.2,0x80000,0.00302,0.21781,0.20840,0.30355,0.00262,0.00201,0.19938,0.00000,0.03984,0.00000,0.06989,0.40766
2026-09-13T14:36:29.693,1789284989.693,,1.4661,60.0,1500,6250,0.0,0x80000,0.00302,0.21793,0.21420,0.31148,0.00282,0.00242,0.20587,0.00362,0.03017,0.00000,0.06663,0.40796
2026-09-13T14:36:30.720,1789284990.720,,2.6700,60.6,2400,6238,19.0,0x80000,0.00311,0.23266,0.20370,0.32797,0.00402,0.00242,0.17044,0.00724,0.09681,0.00029,0.06747,1.55390
2026-09-13T14:36:31.746,1789284991.746,,2.7306,61.7,2400,6218,25.3,0x80000,0.00316,0.22855,0.20625,0.32485,0.00241,0.00222,0.17732,0.00723,0.08850,0.00000,0.06499,1.62513
2026-09-13T14:36:32.773,1789284992.773,,5.5894,64.5,2400,6169,49.3,0x80000,0.00287,0.30683,0.21205,0.33188,0.00241,0.00222,0.19344,0.23138,0.07727,0.00178,0.06808,4.15921
2026-09-13T14:36:33.801,1789284993.802,,4.8510,63.9,2400,6163,52.1,0x80000,0.00302,0.27092,0.20680,0.35978,0.00282,0.00282,0.16382,0.20200,0.31010,0.01006,0.06570,3.25320
2026-09-13T14:36:34.829,1789284994.829,,5.1199,66.1,2400,6167,50.6,0x80000,0.00311,0.23177,0.20518,0.33335,0.00262,0.00242,0.19388,0.19859,0.08108,0.00917,0.06675,3.79198
2026-09-13T14:36:35.855,1789284995.856,,4.0477,66.1,2400,6169,50.9,0x80000,0.00311,0.24214,0.20896,0.36172,0.00261,0.00242,0.18065,0.05424,0.14522,0.00800,0.06555,2.77312
2026-09-13T14:36:36.882,1789284996.883,,3.7938,65.0,2400,6181,46.0,0x80000,0.00312,0.24393,0.20788,0.32704,0.00282,0.00242,0.15454,0.05071,0.05059,0.00000,0.06531,2.68546
2026-09-13T14:36:37.913,1789284997.913,,2.9031,64.5,2400,6215,27.8,0x80000,0.00312,0.23847,0.20660,0.33095,0.00282,0.00242,0.17385,0.00000,0.06877,0.00149,0.06679,1.80781
2026-09-13T14:36:38.942,1789284998.943,,3.9912,64.5,2400,6213,26.2,0x80000,0.00316,0.32668,0.20497,0.37949,0.00241,0.00242,0.17707,0.00361,0.38325,0.00384,0.06588,2.43843
2026-09-13T14:36:39.971,1789284999.971,,5.9211,66.7,2400,6174,54.6,0x80000,0.00297,0.41438,0.20591,0.33550,0.00281,0.00282,0.18979,0.20286,0.18868,0.01270,0.06861,4.29405
2026-09-13T14:36:40.997,1789285000.998,,5.5633,67.2,2400,6162,54.9,0x80000,0.00306,0.21967,0.20612,0.32640,0.00281,0.00242,0.17732,0.20200,0.07675,0.00000,0.06654,4.28024
2026-09-13T14:36:42.024,1789285002.024,,5.6974,67.8,2400,6169,55.4,0x80000,0.00297,0.23078,0.20566,0.38866,0.00282,0.00282,0.27789,0.20921,0.11202,0.00030,0.06569,4.19863
2026-09-13T14:36:43.153,1789285003.153,,5.0320,67.8,2400,7571,57.6,0x80000,0.00307,0.31967,0.21721,0.34782,0.00282,0.00282,0.16415,0.19884,0.22981,0.00177,0.06691,3.47710
2026-09-13T14:36:44.180,1789285004.180,,6.0912,68.3,2400,7909,55.5,0x80000,0.00312,0.21919,0.22466,0.35627,0.00282,0.00282,0.15771,0.21544,0.17952,0.00059,0.06456,4.66452
2026-09-13T14:36:45.212,1789285005.213,,6.1137,67.8,2400,7944,56.2,0x80000,0.00292,0.30784,0.20646,0.35802,0.00241,0.00242,0.19667,0.20581,0.17809,0.00149,0.06542,4.58616
2026-09-13T14:36:46.240,1789285006.241,,5.5376,68.8,2400,7951,56.3,0x80000,0.00302,0.22465,0.20660,0.33366,0.00282,0.00282,0.18049,0.20245,0.16145,0.00387,0.06652,4.14921
2026-09-13T14:36:47.267,1789285007.267,,5.7018,68.3,2400,7951,55.3,0x80000,0.00297,0.39409,0.20577,0.41542,0.00262,0.00181,0.16075,0.00361,0.46344,0.00325,0.06254,3.98557
2026-09-13T14:36:48.294,1789285008.294,,5.5402,68.8,2400,7955,54.6,0x80000,0.00297,0.22943,0.20397,0.36329,0.00282,0.00282,0.17068,0.00724,0.09944,0.00000,0.06549,4.39209
2026-09-13T14:36:49.321,1789285009.321,,5.2814,68.8,2400,7955,55.1,0x80000,0.00302,0.23032,0.20639,0.34749,0.00282,0.00282,0.17073,0.00362,0.23856,0.00000,0.06493,4.01069
2026-09-13T14:36:50.348,1789285010.348,,4.1229,67.8,2400,7959,54.9,0x80000,0.00307,0.26858,0.20982,0.44928,0.00281,0.00241,0.28563,0.18757,0.31328,0.00177,0.06528,2.33343
2026-09-13T14:36:51.375,1789285011.376,,5.6301,69.4,2400,7976,55.5,0x80000,0.00311,0.26899,0.20518,0.34930,0.00262,0.00242,0.17667,0.20968,0.13437,0.00118,0.06497,4.21165
2026-09-13T14:36:52.401,1789285012.402,,5.5509,68.8,2400,8012,55.6,0x80000,0.00292,0.21861,0.20660,0.34221,0.00261,0.00181,0.19667,0.20220,0.14409,0.00178,0.06498,4.16639
2026-09-13T14:36:53.428,1789285013.428,,5.9419,68.8,2400,8019,57.0,0x80000,0.00297,0.21936,0.20532,0.35978,0.00241,0.00262,0.18990,0.17353,0.45563,0.00000,0.06452,4.26584
2026-09-13T14:36:54.455,1789285014.456,,5.6242,68.8,2400,8034,55.0,0x80000,0.00297,0.21977,0.20896,0.33689,0.00281,0.00282,0.19273,0.19478,0.13076,0.00148,0.06415,4.26610
2026-09-13T14:36:55.482,1789285015.483,,4.5352,70.0,2400,8027,55.4,0x80000,0.00297,0.25706,0.20781,0.34749,0.00281,0.00282,0.17102,0.20200,0.12684,0.00000,0.06488,3.14955
2026-09-13T14:36:56.511,1789285016.511,,2.9429,68.3,2400,8032,51.7,0x80000,0.00306,0.26886,0.20552,0.36359,0.00282,0.00282,0.19916,0.00000,0.25553,0.00620,0.06552,1.56984
2026-09-13T14:36:57.537,1789285017.538,,2.9120,65.5,2400,8077,25.1,0x80000,0.00302,0.25663,0.20618,0.35802,0.00282,0.00282,0.18024,0.00000,0.23948,0.00355,0.06550,1.59375
2026-09-13T14:36:58.563,1789285018.564,,1.8911,64.5,2400,8119,1.5,0x80000,0.00307,0.22543,0.21893,0.33696,0.00241,0.00483,0.18009,0.04701,0.09358,0.00000,0.06956,0.70922
2026-09-13T14:36:59.589,1789285019.589,,1.8144,63.9,2400,8108,0.2,0x80000,0.00297,0.21655,0.20660,0.33557,0.00241,0.00262,0.20593,0.00000,0.08097,0.00000,0.06768,0.69307
2026-09-13T14:37:00.615,1789285020.616,,1.7401,63.4,1900,8108,0.0,0x80000,0.00311,0.29499,0.20491,0.33030,0.00241,0.00322,0.17087,0.04349,0.08489,0.00000,0.06585,0.53601
2026-09-13T14:37:01.645,1789285021.646,,1.5449,61.1,1500,8114,0.0,0x80000,0.00331,0.21705,0.20767,0.32803,0.00262,0.00222,0.15419,0.04329,0.08786,0.00000,0.06416,0.43455
2026-09-13T14:37:02.672,1789285022.672,,1.5739,62.2,1500,6737,0.5,0x80000,0.00302,0.21617,0.20733,0.31576,0.00322,0.00282,0.19273,0.05063,0.08788,0.00000,0.06679,0.42756
2026-09-13T14:37:03.699,1789285023.700,,1.7765,61.1,1600,6372,2.4,0x80000,0.00316,0.21656,0.20639,0.31925,0.00402,0.00242,0.20254,0.20916,0.08617,0.00000,0.06535,0.46150
2026-09-13T14:37:04.727,1789285024.727,,1.7246,61.1,1500,6338,0.2,0x80000,0.00302,0.21734,0.20875,0.32271,0.00241,0.00282,0.20237,0.19175,0.08928,0.00000,0.06296,0.42118
2026-09-13T14:37:05.753,1789285025.754,,1.4978,61.1,1500,6309,0.0,0x80000,0.00331,0.21773,0.20680,0.32527,0.00302,0.00242,0.17087,0.00000,0.08360,0.00000,0.06365,0.42118
2026-09-13T14:37:06.780,1789285026.780,,1.5064,61.1,1500,6291,0.0,0x80000,0.00297,0.21537,0.20816,0.31750,0.00322,0.00242,0.17068,0.00362,0.08823,0.00000,0.06668,0.42756
2026-09-13T14:37:07.806,1789285027.807,,1.8611,60.6,1500,6293,0.5,0x80000,0.00311,0.21821,0.33357,0.33344,0.00282,0.00322,0.19000,0.18442,0.09081,0.00000,0.06725,0.43424
2026-09-13T14:37:08.833,1789285028.833,,1.7060,59.5,1500,6291,0.0,0x80000,0.00307,0.21421,0.20719,0.31576,0.00261,0.00483,0.18080,0.21351,0.08940,0.00030,0.06654,0.40781
2026-09-13T14:37:09.859,1789285029.860,,1.5757,60.6,1500,6293,0.0,0x80000,0.00312,0.21811,0.21736,0.32625,0.00261,0.00242,0.17415,0.05770,0.08628,0.00000,0.06672,0.42103
2026-09-13T14:37:10.886,1789285030.887,,1.8769,61.1,1500,6291,0.2,0x80000,0.00306,0.22047,0.21843,0.31768,0.00241,0.00282,0.17039,0.04699,0.08791,0.00000,0.06606,0.74065
2026-09-13T14:37:11.913,1789285031.913,,1.7945,61.1,1500,6298,0.0,0x80000,0.00297,0.22282,0.20618,0.30704,0.00261,0.00484,0.15115,0.04688,0.04522,0.00000,0.06419,0.74065
2026-09-13T14:37:12.944,1789285032.944,,1.5291,61.7,1500,6293,0.0,0x80000,0.00302,0.21831,0.20733,0.30704,0.00282,0.00242,0.15798,0.10479,0.03874,0.00000,0.06615,0.42058
2026-09-13T14:37:13.970,1789285033.971,,2.4070,60.6,1600,6298,1.2,0x80000,0.00307,0.23369,0.22210,0.32622,0.00402,0.00242,0.17346,0.18757,0.18499,0.00089,0.06798,1.00060
2026-09-13T14:37:14.997,1789285034.998,,1.6512,60.0,1500,6293,1.2,0x80000,0.00302,0.24605,0.23227,0.30704,0.00322,0.00282,0.15445,0.18475,0.03225,0.00000,0.06421,0.42118
2026-09-13T14:37:16.023,1789285036.024,,1.6332,60.6,1500,6290,0.0,0x80000,0.00307,0.21705,0.20532,0.30305,0.00261,0.00322,0.19644,0.18076,0.03563,0.00000,0.06549,0.42058
2026-09-13T14:37:17.050,1789285037.050,,1.4318,61.1,1500,6294,0.0,0x80000,0.00302,0.21909,0.20625,0.30529,0.00262,0.00222,0.17707,0.00000,0.03879,0.00000,0.06976,0.40766
2026-09-13T14:37:18.076,1789285038.077,,1.4823,59.5,1500,6290,0.2,0x80000,0.00311,0.21997,0.20847,0.30878,0.00262,0.00483,0.16424,0.05060,0.03459,0.00000,0.06422,0.42088
2026-09-13T14:37:19.103,1789285039.103,,1.5991,61.1,1500,6290,0.0,0x80000,0.00311,0.21783,0.22274,0.31325,0.00282,0.00242,0.25147,0.06131,0.03349,0.00000,0.06978,0.42088
2026-09-13T14:37:20.130,1789285040.131,,1.4830,61.7,1500,6286,0.0,0x80000,0.00312,0.21803,0.23150,0.30371,0.00241,0.00322,0.15454,0.04714,0.03883,0.00000,0.06603,0.41449
2026-09-13T14:37:21.156,1789285041.157,,1.5100,59.5,1500,6289,0.0,0x80000,0.00311,0.21693,0.20767,0.31148,0.00282,0.00242,0.20237,0.05065,0.03023,0.00118,0.06677,0.41435
2026-09-13T14:37:22.183,1789285042.183,,1.7284,60.0,1500,6282,0.0,0x80000,0.00312,0.21685,0.31635,0.31030,0.00403,0.00242,0.16704,0.18442,0.04525,0.00000,0.06417,0.41449
2026-09-13T14:37:23.209,1789285043.209,,2.9458,61.7,2400,6256,24.0,0x80000,0.00302,0.22802,0.22166,0.34592,0.00241,0.00222,0.16784,0.17353,0.09913,0.00118,0.06919,1.63162
2026-09-13T14:37:24.237,1789285044.237,,8.4619,64.5,2400,6250,35.0,0x80000,0.00277,0.29641,0.20532,0.38610,0.00241,0.00262,0.16479,0.20607,0.11243,0.00621,0.06420,7.01255
2026-09-13T14:37:25.268,1789285045.268,,6.5538,67.2,2400,6167,100.0,0x80000,0.00283,0.26833,0.20155,0.41243,0.00282,0.00242,0.18165,0.17719,0.28985,0.01095,0.06770,4.93613
2026-09-13T14:37:26.301,1789285046.301,,8.6380,70.0,2400,7704,99.5,0x80000,0.00287,0.27653,0.20680,0.39137,0.00281,0.00242,0.30186,0.22776,0.17940,0.00500,0.06438,6.97684
2026-09-13T14:37:27.332,1789285047.332,,8.2824,70.5,2400,7892,99.5,0x80000,0.00312,0.22075,0.20484,0.35781,0.00281,0.00282,0.16116,0.02538,0.26191,0.00711,0.06338,6.97130
2026-09-13T14:37:28.364,1789285048.365,,3.0206,65.0,2400,7985,51.7,0x80000,0.00312,0.21743,0.31128,0.35285,0.00261,0.00222,0.17772,0.05052,0.09358,0.00000,0.06358,1.74568
2026-09-13T14:37:29.391,1789285049.391,,2.5925,63.9,2400,8006,24.9,0x80000,0.00306,0.22563,0.20532,0.35490,0.00242,0.00242,0.15102,0.00363,0.17238,0.00383,0.06672,1.40123
2026-09-13T14:37:30.428,1789285050.429,,5.9558,68.3,2400,7951,51.3,0x80000,0.00297,0.22642,0.22366,0.33521,0.00282,0.00282,0.16438,0.00000,0.10280,0.00000,0.06279,4.83196
2026-09-13T14:37:31.467,1789285051.468,,6.1644,70.0,2400,7907,96.6,0x80000,0.00306,0.23312,0.20868,0.36615,0.00282,0.00282,0.17087,0.06493,0.13647,0.00059,0.06462,4.91022
2026-09-13T14:37:32.500,1789285052.501,,8.7554,70.5,2400,7898,97.3,0x80000,0.00301,0.32653,0.21965,0.37720,0.00282,0.00242,0.18009,0.22471,0.55154,0.00918,0.06476,6.79345
2026-09-13T14:37:33.536,1789285053.537,,5.3815,71.6,2400,7907,99.0,0x80000,0.00297,0.26989,0.20632,0.37754,0.00281,0.00282,0.17015,0.18818,0.08059,0.00000,0.06452,4.01573
2026-09-13T14:37:34.568,1789285054.568,,9.0467,71.6,2400,7913,99.0,0x80000,0.00292,0.26796,0.27519,0.36663,0.00281,0.00242,0.19893,0.20296,0.38332,0.00949,0.06438,7.26967
2026-09-13T14:37:35.608,1789285055.609,,6.4457,72.7,2400,7907,98.8,0x80000,0.00301,0.21723,0.21973,0.39882,0.00241,0.00262,0.16433,0.19513,0.42625,0.02036,0.06611,4.72973
2026-09-13T14:37:36.640,1789285056.641,,6.1273,72.7,2400,7917,98.5,0x80000,0.00302,0.21675,0.23135,0.33028,0.00281,0.00282,0.17400,0.19884,0.08911,0.00000,0.06446,4.81383
2026-09-13T14:37:37.673,1789285057.673,,8.8191,72.7,2400,7915,98.8,0x80000,0.00307,0.32156,0.20337,0.38786,0.00281,0.00282,0.17030,0.21335,0.48480,0.01124,0.06295,6.95501
2026-09-13T14:37:38.705,1789285058.705,,8.4112,72.7,2400,7921,95.8,0x80000,0.00311,0.25933,0.20477,0.38628,0.00282,0.00242,0.16346,0.14117,0.17576,0.00147,0.06446,7.00615
2026-09-13T14:37:39.738,1789285059.738,,6.5751,73.8,2400,7923,98.5,0x80000,0.00321,0.31723,0.20673,0.38435,0.00281,0.00221,0.19290,0.06138,0.42232,0.00178,0.06937,4.91079
2026-09-13T14:37:40.772,1789285060.772,,6.8677,73.8,2400,7926,98.3,0x80000,0.00311,0.25363,0.20660,0.35763,0.00342,0.00242,0.17035,0.20916,0.23904,0.00594,0.06144,5.35499
2026-09-13T14:37:41.806,1789285061.806,,8.3020,73.2,2400,7917,98.1,0x80000,0.00302,0.23277,0.20646,0.35138,0.00281,0.00282,0.16093,0.18035,0.20705,0.01001,0.06148,6.88292
2026-09-13T14:37:42.840,1789285062.841,,6.2286,74.3,2400,7926,99.8,0x80000,0.00306,0.21899,0.20632,0.33028,0.00241,0.00242,0.17025,0.00362,0.09051,0.00000,0.06575,5.13496
2026-09-13T14:37:43.873,1789285063.873,,7.3347,73.2,2400,7926,98.8,0x80000,0.00311,0.32312,0.20458,0.37778,0.00282,0.00282,0.19064,0.03981,0.31010,0.00979,0.06714,5.80298
2026-09-13T14:37:44.906,1789285064.906,,6.6780,74.3,2400,7928,98.3,0x80000,0.00350,0.28913,0.21965,0.38765,0.00281,0.00282,0.18899,0.22776,0.37977,0.02132,0.06415,4.89045
2026-09-13T14:37:45.956,1789285065.956,,5.6358,74.3,2400,7934,98.8,0x80000,0.00311,0.21909,0.20566,0.33559,0.00281,0.00282,0.16694,0.18757,0.11061,0.00000,0.06256,4.33904
2026-09-13T14:37:46.989,1789285066.989,,3.0378,70.0,2400,8023,30.6,0x80000,0.00306,0.26521,0.20660,0.37557,0.00241,0.00181,0.17203,0.18438,0.28070,0.00710,0.06559,1.47333
2026-09-13T14:37:48.015,1789285068.015,,2.0180,65.5,2400,8042,5.4,0x80000,0.00302,0.21461,0.20788,0.33034,0.00241,0.00322,0.15731,0.20607,0.08719,0.00000,0.06508,0.74087
2026-09-13T14:37:49.040,1789285069.041,,2.0291,67.2,2400,8051,0.7,0x80000,0.00306,0.21655,0.20593,0.33512,0.00282,0.00282,0.17371,0.21351,0.08447,0.00000,0.06639,0.72472
2026-09-13T14:37:50.066,1789285070.066,,1.9815,66.1,2400,8047,0.0,0x80000,0.00302,0.21509,0.20518,0.32971,0.00261,0.00242,0.16694,0.19137,0.08373,0.00000,0.06511,0.71632
2026-09-13T14:37:51.091,1789285071.092,,1.8494,64.5,2400,8060,0.0,0x80000,0.00307,0.21480,0.20625,0.33345,0.00282,0.00282,0.17667,0.05063,0.08631,0.00000,0.06397,0.70858
2026-09-13T14:37:52.117,1789285072.117,,1.8380,63.4,2400,8066,0.2,0x80000,0.00297,0.22403,0.20733,0.33179,0.00282,0.00282,0.16075,0.04336,0.09563,0.00000,0.06590,0.70062
2026-09-13T14:37:53.143,1789285073.143,,1.5670,63.9,1500,8064,0.0,0x80000,0.00297,0.21549,0.20767,0.32679,0.00282,0.00242,0.18014,0.04333,0.08189,0.00000,0.06288,0.44060
2026-09-13T14:37:54.169,1789285074.170,,1.5077,63.9,1500,8073,0.2,0x80000,0.00306,0.21597,0.20889,0.31925,0.00302,0.00201,0.16803,0.00000,0.08751,0.00000,0.06545,0.43455
2026-09-13T14:37:55.196,1789285075.196,,2.8989,63.4,1600,8081,1.2,0x80000,0.00316,0.24426,0.20767,0.32815,0.00282,0.00242,0.16713,0.20571,0.25196,0.00266,0.06402,1.41898
2026-09-13T14:37:56.223,1789285076.223,,1.6966,62.8,1500,8077,1.0,0x80000,0.00306,0.21695,0.21965,0.32503,0.00282,0.00282,0.15776,0.18054,0.08076,0.00000,0.06665,0.44060
2026-09-13T14:37:57.249,1789285077.250,,1.6894,62.2,1500,8068,0.0,0x80000,0.00302,0.21461,0.20923,0.32099,0.00282,0.00282,0.16751,0.18396,0.08477,0.00000,0.06540,0.43424
2026-09-13T14:37:58.277,1789285078.277,,1.7436,62.8,1500,6520,0.0,0x80000,0.00297,0.21929,0.20767,0.31607,0.00241,0.00242,0.19650,0.20266,0.09291,0.00000,0.06603,0.43471
2026-09-13T14:37:59.304,1789285079.305,,1.7518,62.2,1500,6329,0.0,0x80000,0.00311,0.21851,0.20605,0.31916,0.00261,0.00483,0.20226,0.20884,0.08704,0.00000,0.06542,0.43393
2026-09-13T14:38:00.332,1789285080.332,,1.7762,62.2,1500,6322,0.0,0x80000,0.00307,0.21773,0.21929,0.32310,0.00241,0.00483,0.20944,0.20921,0.08368,0.00000,0.06841,0.43502
2026-09-13T14:38:01.358,1789285081.359,,1.5897,62.2,1500,6329,0.0,0x80000,0.00297,0.29434,0.20625,0.31766,0.00282,0.00282,0.16401,0.01450,0.08733,0.00089,0.06798,0.42817
2026-09-13T14:38:02.384,1789285082.385,,1.6948,62.2,1500,6331,0.2,0x80000,0.00311,0.21695,0.20625,0.32625,0.00322,0.00322,0.17044,0.19542,0.08277,0.00000,0.06596,0.42118
2026-09-13T14:38:03.412,1789285083.412,,1.6818,62.2,1500,6326,0.0,0x80000,0.00297,0.21519,0.20639,0.31590,0.00281,0.00282,0.17049,0.18804,0.08529,0.00000,0.06416,0.42771
2026-09-13T14:38:04.439,1789285084.440,,1.5132,61.7,1500,6325,0.2,0x80000,0.00311,0.21949,0.20982,0.31227,0.00261,0.00322,0.17687,0.00000,0.08812,0.00000,0.06984,0.42786
2026-09-13T14:38:05.467,1789285085.468,,2.2800,62.2,1700,6326,1.5,0x80000,0.00307,0.22455,0.20673,0.33363,0.00282,0.00282,0.16718,0.19844,0.12619,0.00000,0.06509,0.94952
2026-09-13T14:38:06.495,1789285086.495,,1.8178,61.7,1500,6322,1.0,0x80000,0.00297,0.21645,0.28084,0.31925,0.00241,0.00242,0.19938,0.20560,0.08733,0.00000,0.06661,0.43455
2026-09-13T14:38:07.522,1789285087.523,,1.6983,61.7,1500,6325,0.0,0x80000,0.00306,0.21734,0.20660,0.31607,0.00241,0.00242,0.16419,0.21031,0.08895,0.00000,0.06603,0.42088
2026-09-13T14:38:08.550,1789285088.550,,1.5610,62.2,1500,6322,0.0,0x80000,0.00297,0.21889,0.20809,0.32622,0.00282,0.00282,0.18009,0.03976,0.09084,0.00000,0.06734,0.42118
2026-09-13T14:38:09.577,1789285089.578,,1.5293,61.7,1500,6319,0.0,0x80000,0.00302,0.21783,0.20625,0.31593,0.00282,0.00282,0.16429,0.04688,0.08390,0.00000,0.06422,0.42133
2026-09-13T14:38:10.605,1789285090.605,,1.8704,61.7,1500,6322,0.0,0x80000,0.00302,0.21236,0.20733,0.37158,0.00241,0.00282,0.28492,0.20989,0.08288,0.00000,0.06526,0.42786
2026-09-13T14:38:11.632,1789285091.633,,1.6974,61.1,1500,6311,0.0,0x80000,0.00307,0.21929,0.21319,0.32503,0.00282,0.00242,0.15771,0.18804,0.08925,0.00030,0.06841,0.42786
2026-09-13T14:38:12.658,1789285092.659,,1.4961,61.1,1500,6311,0.2,0x80000,0.00302,0.21861,0.20982,0.31958,0.00282,0.00282,0.15762,0.00362,0.08928,0.00030,0.06727,0.42133
2026-09-13T14:38:13.685,1789285093.685,,1.4974,60.0,1500,6315,0.0,0x80000,0.00321,0.21987,0.21750,0.31401,0.00342,0.00322,0.15758,0.00000,0.08385,0.00000,0.06668,0.42802
2026-09-13T14:38:14.712,1789285094.713,,1.5731,61.7,1500,6311,0.0,0x80000,0.00311,0.21871,0.23457,0.31576,0.00282,0.00282,0.17390,0.04697,0.08676,0.00000,0.06684,0.42088
2026-09-13T14:38:15.740,1789285095.741,,1.7909,61.7,1700,6313,2.2,0x80000,0.00312,0.21939,0.20896,0.32134,0.00241,0.00222,0.17687,0.23132,0.08694,0.00000,0.06402,0.47428
2026-09-13T14:38:16.766,1789285096.767,,1.6990,61.7,1500,6303,0.0,0x80000,0.00307,0.21803,0.20691,0.31607,0.00282,0.00282,0.18320,0.20974,0.07678,0.00000,0.06540,0.41420
2026-09-13T14:38:17.794,1789285097.794,,1.5489,60.6,1500,6302,0.0,0x80000,0.00297,0.21781,0.20788,0.31783,0.00241,0.00201,0.18663,0.04347,0.08170,0.00000,0.06592,0.42027
2026-09-13T14:38:18.821,1789285098.822,,1.6309,60.6,1500,6301,0.2,0x80000,0.00302,0.21959,0.21249,0.32271,0.00322,0.00282,0.24734,0.04347,0.08280,0.00000,0.06542,0.42802
2026-09-13T14:38:19.849,1789285099.849,,1.5063,61.1,1500,6306,0.0,0x80000,0.00322,0.21470,0.20767,0.32117,0.00281,0.00242,0.17667,0.01446,0.07783,0.00000,0.06416,0.42118
2026-09-13T14:38:20.879,1789285100.879,,2.0011,61.1,1500,6307,0.2,0x80000,0.00312,0.21725,0.20840,0.32274,0.00322,0.00483,0.17356,0.16232,0.08952,0.00000,0.06660,0.74951
2026-09-13T14:38:21.905,1789285101.906,,1.8735,60.6,1500,6309,0.0,0x80000,0.00302,0.21939,0.20444,0.32803,0.00322,0.00282,0.19273,0.01804,0.08756,0.00000,0.06539,0.74884
2026-09-13T14:38:22.932,1789285102.932,,1.8224,60.6,1500,6305,0.0,0x80000,0.00297,0.22017,0.20518,0.32310,0.00241,0.00242,0.17087,0.00361,0.08017,0.00000,0.06284,0.74861
2026-09-13T14:38:23.962,1789285103.962,,1.5635,60.0,1500,6302,0.0,0x80000,0.00307,0.21733,0.21305,0.31750,0.00322,0.00242,0.18330,0.04701,0.08585,0.00000,0.06984,0.42088
2026-09-13T14:38:24.988,1789285104.989,,1.7500,61.1,1500,6298,0.2,0x80000,0.00302,0.22037,0.20781,0.31607,0.00241,0.00222,0.22246,0.20628,0.08447,0.00000,0.06417,0.42073
2026-09-13T14:38:26.014,1789285106.015,,1.7435,59.5,1700,6290,2.4,0x80000,0.00311,0.21665,0.20411,0.32468,0.00282,0.00282,0.15436,0.20628,0.07757,0.00000,0.06958,0.48152
2026-09-13T14:38:27.041,1789285107.041,,1.7189,62.2,1500,6295,0.0,0x80000,0.00307,0.22055,0.20840,0.32327,0.00241,0.00242,0.18372,0.20921,0.07719,0.00000,0.06736,0.42133
2026-09-13T14:38:28.067,1789285108.068,,1.5156,60.0,1500,6287,0.0,0x80000,0.00302,0.21693,0.22819,0.32448,0.00261,0.00322,0.15758,0.01082,0.08324,0.00000,0.06421,0.42133
2026-09-13T14:38:29.094,1789285109.094,,1.4638,60.0,1500,6298,0.2,0x80000,0.00331,0.21705,0.20673,0.31393,0.00282,0.00322,0.18310,0.00724,0.04212,0.00000,0.06299,0.42133
2026-09-13T14:38:30.120,1789285110.121,,1.4481,61.1,1500,6298,0.0,0x80000,0.00312,0.21851,0.20625,0.31460,0.00282,0.00222,0.18004,0.00000,0.04162,0.00000,0.06429,0.41464
2026-09-13T14:38:31.247,1789285111.248,,1.6970,61.1,1500,6295,0.0,0x80000,0.00311,0.29367,0.21843,0.30704,0.00402,0.00222,0.17346,0.18442,0.02922,0.00000,0.06665,0.41479
2026-09-13T14:38:32.274,1789285112.274,,1.6292,60.0,1500,6285,0.0,0x80000,0.00312,0.21412,0.20781,0.31207,0.00402,0.00242,0.18418,0.18752,0.03332,0.00000,0.06616,0.41449
2026-09-13T14:38:33.300,1789285113.301,,1.7744,60.6,1500,6291,0.0,0x80000,0.00311,0.21577,0.20982,0.30421,0.00282,0.00222,0.15758,0.00362,0.03586,0.00000,0.06503,0.77439
2026-09-13T14:38:34.327,1789285114.327,,1.4366,61.7,1500,6297,0.5,0x80000,0.00302,0.21967,0.20733,0.31052,0.00241,0.00242,0.16396,0.00362,0.04101,0.00000,0.06797,0.41464
2026-09-13T14:38:35.353,1789285115.353,,1.4841,60.0,1500,6299,0.0,0x80000,0.00297,0.21295,0.21965,0.31207,0.00241,0.00201,0.15753,0.05428,0.03355,0.00000,0.06615,0.42058
2026-09-13T14:38:36.383,1789285116.384,,1.6428,61.1,1500,6290,2.0,0x80000,0.00297,0.21733,0.20660,0.31030,0.00403,0.00242,0.17989,0.20581,0.03340,0.00000,0.06545,0.41464
2026-09-13T14:38:37.411,1789285117.411,,1.6145,60.0,1500,6282,0.2,0x80000,0.00302,0.21343,0.20552,0.30131,0.00241,0.00222,0.16415,0.20266,0.03995,0.00000,0.06609,0.41375
2026-09-13T14:38:38.438,1789285118.439,,1.4577,61.7,1500,6284,0.2,0x80000,0.00307,0.21655,0.20962,0.30852,0.00282,0.00222,0.15432,0.04347,0.03648,0.00000,0.06615,0.41449
2026-09-13T14:38:39.465,1789285119.465,,1.6120,61.1,1500,6284,0.0,0x80000,0.00302,0.21771,0.20552,0.30878,0.00261,0.00242,0.17361,0.17719,0.04410,0.00000,0.06980,0.40722
2026-09-13T14:38:40.492,1789285120.493,,1.6183,60.6,1500,6286,0.0,0x80000,0.00312,0.21607,0.20774,0.30355,0.00261,0.00242,0.17682,0.18442,0.03332,0.00030,0.06734,0.42058
2026-09-13T14:38:41.520,1789285121.520,,1.6349,59.5,1500,6286,0.0,0x80000,0.00311,0.21773,0.21642,0.30498,0.00241,0.00222,0.17732,0.18452,0.04564,0.00000,0.06601,0.41449
2026-09-13T14:38:42.546,1789285122.547,,1.4433,60.0,1500,6282,0.2,0x80000,0.00312,0.21851,0.21003,0.31207,0.00262,0.00242,0.17035,0.00361,0.03552,0.00000,0.06422,0.42088
2026-09-13T14:38:43.572,1789285123.573,,1.4591,59.5,1500,6284,0.0,0x80000,0.00312,0.21725,0.20962,0.30878,0.00402,0.00242,0.19978,0.00362,0.03742,0.00059,0.06422,0.40825
2026-09-13T14:38:44.599,1789285124.599,,2.7712,61.1,2400,6261,31.6,0x80000,0.00312,0.22985,0.20660,0.35117,0.00302,0.00222,0.17410,0.00724,0.11582,0.00118,0.06626,1.61065
2026-09-13T14:38:45.634,1789285125.635,,6.5591,65.5,2400,6200,58.4,0x80000,0.00307,0.27379,0.20733,0.39530,0.00241,0.00322,0.18085,0.03252,0.46929,0.01098,0.06567,4.91465
2026-09-13T14:38:46.668,1789285126.669,,8.7125,67.8,2400,6888,99.8,0x80000,0.00292,0.26931,0.27743,0.38961,0.00261,0.00242,0.19322,0.19889,0.26802,0.00741,0.06800,7.03266
2026-09-13T14:38:47.699,1789285127.700,,8.5549,69.4,2400,7836,100.0,0x80000,0.00273,0.25448,0.20982,0.38249,0.00242,0.00322,0.17692,0.15176,0.30759,0.00444,0.06289,6.99612
2026-09-13T14:38:48.730,1789285128.730,,2.7107,68.8,2400,7900,96.6,0x80000,0.00306,0.25729,0.20625,0.36153,0.00241,0.00181,0.17712,0.17397,0.26498,0.00383,0.06313,1.19531
2026-09-13T14:38:49.756,1789285129.757,,3.0321,65.0,2400,7997,30.8,0x80000,0.00307,0.23657,0.21843,0.35627,0.00282,0.00282,0.17049,0.20984,0.16232,0.00000,0.06923,1.60027
2026-09-13T14:38:50.782,1789285130.783,,2.8939,65.0,2400,8002,25.1,0x80000,0.00311,0.23177,0.20854,0.35100,0.00281,0.00282,0.19322,0.10118,0.17222,0.00029,0.06550,1.56140
2026-09-13T14:38:51.809,1789285131.810,,9.3993,67.2,2400,7961,61.4,0x80000,0.00307,0.22844,0.20733,0.37557,0.00282,0.00242,0.17717,0.18945,0.43643,0.00030,0.06590,7.71041
2026-09-13T14:38:52.840,1789285132.841,,3.1327,68.3,2400,7915,92.2,0x80000,0.00292,0.23669,0.20639,0.34548,0.00242,0.00242,0.17035,0.20968,0.18238,0.00207,0.06503,1.70685
2026-09-13T14:38:53.873,1789285133.873,,6.0498,69.4,2400,7926,92.7,0x80000,0.00311,0.30357,0.20552,0.37722,0.00282,0.00282,0.17035,0.20958,0.43608,0.02363,0.06368,4.25146
2026-09-13T14:38:54.904,1789285134.905,,8.4836,70.0,2400,7917,94.0,0x80000,0.00312,0.25783,0.20444,0.39634,0.00281,0.00282,0.29619,0.18090,0.16832,0.00621,0.06334,6.90126
2026-09-13T14:38:55.936,1789285135.937,,6.9937,71.0,2400,7917,93.7,0x80000,0.00301,0.24537,0.20605,0.35462,0.00322,0.00282,0.18642,0.20989,0.19779,0.00267,0.06555,5.51634
2026-09-13T14:38:56.972,1789285136.972,,7.1563,70.5,2400,7919,95.4,0x80000,0.00307,0.31786,0.22144,0.33734,0.00282,0.00242,0.18372,0.19517,0.37964,0.03547,0.06350,5.41385
2026-09-13T14:38:57.999,1789285138.000,,7.4501,72.7,2400,7934,91.6,0x80000,0.00287,0.22907,0.22051,0.32854,0.00282,0.00181,0.17035,0.18804,0.08847,0.00000,0.06210,6.15557
2026-09-13T14:38:59.036,1789285139.037,,7.8128,72.2,2400,7936,93.2,0x80000,0.00287,0.22870,0.20680,0.38954,0.00241,0.00321,0.17385,0.07579,0.13891,0.00000,0.06869,6.52206
2026-09-13T14:39:00.068,1789285140.068,,8.1985,72.2,2400,7944,91.4,0x80000,0.00302,0.22241,0.20566,0.33521,0.00282,0.00282,0.18356,0.00000,0.09405,0.00000,0.06424,7.08476
2026-09-13T14:39:01.100,1789285141.101,,4.5596,71.6,2400,7928,93.7,0x80000,0.00311,0.31825,0.21736,0.36615,0.00282,0.00282,0.17667,0.00000,0.55218,0.01274,0.06556,2.84199
2026-09-13T14:39:02.132,1789285142.133,,4.8774,72.2,2400,7940,93.4,0x80000,0.00297,0.25635,0.20774,0.41418,0.00282,0.00282,0.19263,0.05073,0.31336,0.01449,0.06446,3.35484
2026-09-13T14:39:03.159,1789285143.160,,6.4093,72.2,2400,7938,93.4,0x80000,0.00277,0.32401,0.20712,0.35715,0.00282,0.00181,0.15771,0.19513,0.27242,0.00148,0.06587,4.82101
2026-09-13T14:39:04.196,1789285144.196,,9.0614,73.2,2400,7936,92.0,0x80000,0.00287,0.24828,0.20673,0.35781,0.00241,0.00242,0.17717,0.22793,0.24458,0.00888,0.06329,7.51904
2026-09-13T14:39:05.233,1789285145.233,,6.5935,73.2,2400,7942,92.2,0x80000,0.00297,0.30605,0.34376,0.35100,0.00281,0.00242,0.19295,0.20989,0.17125,0.00207,0.06276,4.94561
2026-09-13T14:39:06.265,1789285146.265,,7.3821,73.8,2400,7942,91.7,0x80000,0.00302,0.26131,0.20552,0.37990,0.00362,0.00242,0.18631,0.20250,0.38432,0.01871,0.06412,5.67032
2026-09-13T14:39:07.297,1789285147.297,,6.6142,73.2,2400,7942,95.1,0x80000,0.00297,0.31626,0.20691,0.33890,0.00281,0.00242,0.17647,0.20921,0.46253,0.03769,0.06377,4.79429
2026-09-13T14:39:08.328,1789285148.328,,5.7828,73.2,2400,7944,90.1,0x80000,0.00301,0.32356,0.20976,0.38477,0.00322,0.00242,0.16387,0.19166,0.20819,0.00559,0.06368,4.22308
2026-09-13T14:39:09.364,1789285149.365,,5.5341,73.8,2400,7949,93.7,0x80000,0.00306,0.31406,0.20552,0.37557,0.00282,0.00283,0.24762,0.18837,0.37908,0.01568,0.06338,3.73610
2026-09-13T14:39:10.396,1789285150.397,,6.0393,73.8,2400,7947,92.4,0x80000,0.00297,0.22777,0.20962,0.34019,0.00282,0.00282,0.17737,0.20921,0.10209,0.00000,0.06235,4.70206
2026-09-13T14:39:11.429,1789285151.430,,6.0729,72.2,2400,7949,94.9,0x80000,0.00311,0.26562,0.23158,0.37577,0.00282,0.00242,0.16066,0.24945,0.31051,0.01036,0.06315,4.39742
2026-09-13T14:39:12.461,1789285152.461,,5.2929,74.3,2400,7940,94.2,0x80000,0.00306,0.27951,0.19906,0.36544,0.00281,0.00161,0.16075,0.23831,0.44584,0.00917,0.06626,3.52112
2026-09-13T14:39:13.491,1789285153.492,,9.1151,75.5,2400,9151,93.6,0x80000,0.00302,0.25117,0.21951,0.35781,0.00221,0.00282,0.18095,0.02522,0.48529,0.00974,0.06524,7.51212
2026-09-13T14:39:14.528,1789285154.528,,6.8074,74.9,2400,9674,93.5,0x80000,0.00287,0.26858,0.20653,0.37579,0.00282,0.00242,0.15475,0.00723,0.24410,0.00446,0.06498,5.47287
2026-09-13T14:39:15.560,1789285155.561,,5.4949,74.3,2400,9689,92.1,0x80000,0.00272,0.32069,0.23073,0.39839,0.00282,0.00161,0.16680,0.08674,0.44807,0.01127,0.06381,3.76124
2026-09-13T14:39:16.592,1789285156.592,,5.4763,74.9,2400,9671,92.1,0x80000,0.00297,0.23188,0.20470,0.32738,0.00282,0.00282,0.17025,0.00000,0.16034,0.00119,0.06348,4.30849
2026-09-13T14:39:17.623,1789285157.623,,4.4288,74.9,2400,9661,95.1,0x80000,0.00287,0.29624,0.20875,0.37754,0.00282,0.00282,0.15758,0.18415,0.14133,0.00677,0.06228,2.98569
2026-09-13T14:39:18.656,1789285158.657,,8.6133,74.9,2400,9668,93.9,0x80000,0.00287,0.23011,0.20767,0.34957,0.00282,0.00242,0.16737,0.18442,0.26310,0.00295,0.06218,7.13784
2026-09-13T14:39:19.689,1789285159.689,,8.8155,76.0,2400,9699,93.7,0x80000,0.00297,0.22559,0.20747,0.40201,0.00282,0.00282,0.17044,0.01443,0.38766,0.00445,0.06360,7.33124
2026-09-13T14:39:20.724,1789285160.725,,5.0204,74.9,2400,9746,92.7,0x80000,0.00297,0.30260,0.21090,0.37465,0.00241,0.00161,0.16382,0.18072,0.26048,0.01903,0.06466,3.43659
2026-09-13T14:39:21.760,1789285161.760,,8.4465,76.0,2400,9768,93.7,0x80000,0.00306,0.22190,0.20747,0.35108,0.00302,0.00242,0.17049,0.21909,0.21195,0.00000,0.06681,6.98927
2026-09-13T14:39:22.796,1789285162.796,,5.1982,74.9,2400,9784,93.4,0x80000,0.00302,0.26280,0.20767,0.38925,0.00301,0.00181,0.18004,0.19552,0.53013,0.00774,0.06334,3.35383
2026-09-13T14:39:23.826,1789285163.826,,6.5875,76.5,2400,9768,93.7,0x80000,0.00287,0.25686,0.20303,0.38166,0.00281,0.00141,0.16774,0.20195,0.45115,0.01271,0.06472,4.84062
2026-09-13T14:39:24.860,1789285164.860,,6.3569,76.0,2400,9781,91.4,0x80000,0.00311,0.21919,0.20444,0.33381,0.00282,0.00141,0.17087,0.19473,0.08745,0.00030,0.06269,5.07608
2026-09-13T14:39:25.892,1789285165.892,,6.3491,76.0,2400,9797,92.2,0x80000,0.00311,0.21781,0.20660,0.41225,0.00281,0.00141,0.19032,0.22420,0.24015,0.00383,0.06329,4.78333
2026-09-13T14:39:26.928,1789285166.929,,5.6606,74.9,2400,9787,91.4,0x80000,0.00297,0.21461,0.21377,0.34071,0.00281,0.00282,0.18398,0.20958,0.17589,0.02004,0.06332,4.23013
2026-09-13T14:39:27.957,1789285167.957,,6.8877,75.5,2400,9756,93.9,0x80000,0.00302,0.29912,0.20719,0.39540,0.00281,0.00282,0.18377,0.18392,0.08393,0.00595,0.06607,5.45365
2026-09-13T14:39:28.985,1789285168.986,,5.5497,75.5,2400,9791,88.4,0x80000,0.00282,0.36499,0.20545,0.39882,0.00241,0.00242,0.17390,0.19118,0.44655,0.01305,0.06343,3.68465
2026-09-13T14:39:30.015,1789285170.015,,8.9249,76.0,2400,9810,87.7,0x80000,0.00311,0.24070,0.22107,0.34763,0.00282,0.00141,0.26378,0.05802,0.21263,0.00000,0.06559,7.50813
2026-09-13T14:39:31.052,1789285171.053,,7.0175,74.9,2400,9794,91.5,0x80000,0.00301,0.28809,0.22037,0.39009,0.00322,0.00242,0.16382,0.05060,0.44930,0.02370,0.06789,5.35499
2026-09-13T14:39:32.088,1789285172.088,,5.2479,74.9,2400,9765,92.7,0x80000,0.00283,0.31952,0.20788,0.39916,0.00242,0.00181,0.16415,0.00000,0.45242,0.01360,0.06321,3.62088
2026-09-13T14:39:33.120,1789285173.121,,8.4452,77.1,2400,9727,91.6,0x80000,0.00287,0.32438,0.21198,0.33521,0.00281,0.00161,0.16741,0.02541,0.31035,0.00948,0.06443,6.98927
2026-09-13T14:39:34.156,1789285174.156,,9.3514,75.5,2400,9746,93.4,0x80000,0.00302,0.24883,0.21270,0.36349,0.00301,0.00282,0.24065,0.06131,0.42280,0.00652,0.06166,7.72463
2026-09-13T14:39:35.186,1789285175.186,,6.3027,77.7,2400,9737,93.4,0x80000,0.00297,0.21851,0.20840,0.32913,0.00281,0.00282,0.16723,0.04701,0.09015,0.00059,0.06436,5.16876
2026-09-13T14:39:36.219,1789285176.220,,6.2471,77.1,2400,9737,92.2,0x80000,0.00311,0.21577,0.21141,0.36792,0.00281,0.00282,0.16727,0.20555,0.17461,0.01184,0.06439,4.81963
2026-09-13T14:39:37.251,1789285177.252,,6.5030,76.0,2400,9730,92.9,0x80000,0.00282,0.31568,0.20660,0.33614,0.00301,0.00201,0.17297,0.17026,0.20726,0.00000,0.06439,5.02181
2026-09-13T14:39:38.284,1789285178.284,,8.2545,76.5,2400,9740,92.6,0x80000,0.00302,0.21919,0.20424,0.33272,0.00302,0.00241,0.17107,0.19561,0.30959,0.01893,0.06299,6.73169
2026-09-13T14:39:39.315,1789285179.316,,6.7960,77.1,2400,9730,92.7,0x80000,0.00301,0.24515,0.22059,0.37382,0.00281,0.00242,0.16699,0.20989,0.08812,0.00149,0.06625,5.41548
2026-09-13T14:39:40.344,1789285180.344,,5.9366,75.5,2400,9730,90.7,0x80000,0.00317,0.27211,0.20996,0.40174,0.00282,0.00201,0.17097,0.06163,0.25958,0.00713,0.06315,4.48235
2026-09-13T14:39:41.371,1789285181.371,,5.3099,76.5,2400,9737,91.7,0x80000,0.00301,0.28366,0.22459,0.36615,0.00282,0.00201,0.16737,0.21544,0.37128,0.00207,0.06277,3.60875
2026-09-13T14:39:42.400,1789285182.401,,4.4811,77.1,2400,9743,91.4,0x80000,0.00287,0.24780,0.20625,0.36881,0.00281,0.00161,0.16443,0.20235,0.12758,0.01921,0.06148,3.07593
2026-09-13T14:39:43.436,1789285183.437,,5.3196,76.5,2400,9746,91.4,0x80000,0.00301,0.31542,0.21985,0.36331,0.00281,0.00181,0.19333,0.00000,0.18780,0.00503,0.06240,3.96485
2026-09-13T14:39:44.473,1789285184.473,,7.7449,77.7,2400,9752,92.1,0x80000,0.00297,0.29367,0.20660,0.38554,0.00301,0.00282,0.20334,0.00000,0.45532,0.00297,0.06256,6.12611
2026-09-13T14:39:45.509,1789285185.510,,5.1678,77.7,2400,9756,92.5,0x80000,0.00287,0.40820,0.20698,0.41594,0.00302,0.00141,0.17647,0.08311,0.53604,0.00912,0.06262,3.26201
2026-09-13T14:39:46.544,1789285186.544,,8.6237,77.1,2400,9765,92.3,0x80000,0.00302,0.28004,0.20962,0.34245,0.00362,0.00282,0.18947,0.03612,0.30626,0.00472,0.06568,7.17988
2026-09-13T14:39:47.576,1789285187.576,,8.6045,77.7,2400,9762,92.9,0x80000,0.00297,0.22855,0.20518,0.34223,0.00282,0.00242,0.17772,0.21351,0.30045,0.00000,0.06464,7.06401
2026-09-13T14:39:48.613,1789285188.614,,7.5894,77.1,2400,9771,89.1,0x80000,0.00307,0.31504,0.20680,0.40250,0.00281,0.00241,0.17327,0.17732,0.46808,0.01038,0.06507,5.76266
2026-09-13T14:39:49.645,1789285189.645,,7.7562,77.1,2400,9759,92.9,0x80000,0.00301,0.31556,0.20719,0.39659,0.00281,0.00242,0.16456,0.25919,0.47541,0.01033,0.06122,5.85793
2026-09-13T14:39:50.684,1789285190.685,,7.1518,77.7,2400,9756,92.7,0x80000,0.00302,0.25374,0.27546,0.35108,0.00302,0.00242,0.18004,0.20958,0.20882,0.00592,0.06463,5.59405
2026-09-13T14:39:51.720,1789285191.720,,8.1309,77.7,2400,9752,92.5,0x80000,0.00297,0.27704,0.27242,0.33867,0.00341,0.00282,0.19252,0.01811,0.18889,0.00149,0.06304,6.76953
2026-09-13T14:39:52.756,1789285192.757,,6.3412,77.1,2400,9768,93.1,0x80000,0.00287,0.21879,0.20819,0.36017,0.00141,0.00242,0.18055,0.21325,0.16894,0.00029,0.06408,4.92023
2026-09-13T14:39:53.788,1789285193.788,,4.8167,78.2,2400,9756,92.9,0x80000,0.00301,0.27432,0.22051,0.41590,0.00301,0.00241,0.19043,0.20261,0.31616,0.01003,0.06859,3.10968
2026-09-13T14:39:54.822,1789285194.822,,5.2411,77.1,2400,9756,92.7,0x80000,0.00287,0.23936,0.20573,0.36852,0.00141,0.00141,0.17126,0.21643,0.56447,0.00593,0.06315,3.40060
2026-09-13T14:39:55.851,1789285195.851,,9.3977,77.1,2400,9762,91.7,0x80000,0.00302,0.31528,0.21949,0.44485,0.00301,0.00181,0.28935,0.18823,0.13946,0.00118,0.06472,7.72735
2026-09-13T14:39:56.884,1789285196.885,,6.6387,77.1,2400,9778,90.7,0x80000,0.00311,0.24315,0.22073,0.35640,0.00301,0.00141,0.16727,0.00000,0.18011,0.00089,0.06283,5.39975
2026-09-13T14:39:57.914,1789285197.915,,5.6771,78.2,2400,9765,91.2,0x80000,0.00297,0.27991,0.21069,0.37640,0.00302,0.00161,0.14797,0.22409,0.45457,0.00741,0.06389,3.90456
2026-09-13T14:39:58.968,1789285198.969,,4.7044,77.7,2400,9768,90.9,0x80000,0.00302,0.26514,0.20504,0.40705,0.00281,0.00161,0.21874,0.20220,0.29239,0.00681,0.06171,3.03792
2026-09-13T14:40:00.004,1789285200.004,,7.5897,78.2,2400,9771,93.4,0x80000,0.00306,0.29522,0.20840,0.39551,0.00281,0.00181,0.17092,0.20250,0.50569,0.01884,0.06234,5.72262
2026-09-13T14:40:01.036,1789285201.037,,5.0883,77.7,2400,9775,92.3,0x80000,0.00302,0.28922,0.22144,0.33689,0.00302,0.00181,0.16732,0.20942,0.09251,0.00000,0.06393,3.69972
2026-09-13T14:40:02.066,1789285202.066,,3.1215,77.1,2400,9781,90.2,0x80000,0.00297,0.26263,0.20788,0.40250,0.00302,0.00242,0.18356,0.20916,0.25279,0.00296,0.06348,1.52816
2026-09-13T14:40:03.092,1789285203.093,,2.8353,73.2,2400,9871,25.3,0x80000,0.00311,0.23903,0.34218,0.34482,0.00302,0.00282,0.17030,0.21330,0.18400,0.00089,0.06600,1.26588
2026-09-13T14:40:04.119,1789285204.119,,2.1063,70.5,2400,9891,4.6,0x80000,0.00301,0.21889,0.20840,0.38610,0.00141,0.00282,0.29628,0.05420,0.09140,0.00000,0.06384,0.78000
2026-09-13T14:40:05.144,1789285205.145,,2.0893,70.0,2400,9897,0.0,0x80000,0.00302,0.21889,0.20740,0.33771,0.00282,0.00282,0.17732,0.20942,0.09243,0.00000,0.06499,0.77250
2026-09-13T14:40:06.170,1789285206.170,,2.0489,70.0,2400,8333,0.0,0x80000,0.00302,0.21811,0.20896,0.33381,0.00281,0.00161,0.17068,0.19113,0.08928,0.00000,0.06518,0.76431
2026-09-13T14:40:07.195,1789285207.196,,2.0463,68.8,2400,8172,0.0,0x80000,0.00306,0.21889,0.20982,0.33541,0.00281,0.00282,0.17087,0.18804,0.08421,0.00000,0.06585,0.76454
2026-09-13T14:40:08.221,1789285208.221,,2.2330,68.8,2400,8163,0.0,0x80000,0.00297,0.21461,0.34002,0.33980,0.00302,0.00181,0.19366,0.19517,0.11421,0.00000,0.06370,0.76408
2026-09-13T14:40:09.247,1789285209.247,,1.7699,68.8,1500,8176,2.4,0x80000,0.00302,0.21715,0.22073,0.32080,0.00141,0.00282,0.17667,0.18456,0.10444,0.00000,0.06411,0.47415
2026-09-13T14:40:10.274,1789285210.274,,1.7383,68.3,1500,8174,0.0,0x80000,0.00287,0.21773,0.20573,0.31941,0.00141,0.00141,0.16737,0.19161,0.09132,0.00000,0.06535,0.47415
2026-09-13T14:40:11.300,1789285211.301,,1.6893,66.7,1500,8169,0.0,0x80000,0.00297,0.21773,0.20875,0.32117,0.00281,0.00282,0.19927,0.11927,0.08432,0.00030,0.06280,0.46714
2026-09-13T14:40:12.327,1789285212.327,,1.7477,67.2,1500,8172,0.0,0x80000,0.00287,0.21411,0.20566,0.32117,0.00141,0.00242,0.17356,0.20581,0.08719,0.00000,0.06604,0.46747
2026-09-13T14:40:13.353,1789285213.354,,1.7461,66.1,1500,8169,0.0,0x80000,0.00297,0.21695,0.20788,0.31590,0.00281,0.00242,0.17667,0.20581,0.08019,0.00000,0.06667,0.46781
2026-09-13T14:40:14.379,1789285214.380,,1.7726,66.7,1500,8172,0.0,0x80000,0.00297,0.21939,0.22129,0.31800,0.00281,0.00282,0.17380,0.20612,0.09237,0.00000,0.06523,0.46781
2026-09-13T14:40:15.406,1789285215.407,,1.7413,66.7,1500,8165,0.5,0x80000,0.00312,0.21314,0.20788,0.31698,0.00281,0.00242,0.17366,0.20628,0.08126,0.00030,0.06530,0.46815
2026-09-13T14:40:16.433,1789285216.433,,1.5736,66.1,1500,8169,0.0,0x80000,0.00292,0.21646,0.22504,0.31985,0.00281,0.00282,0.18979,0.00000,0.08671,0.00000,0.06587,0.46129
2026-09-13T14:40:17.459,1789285217.459,,1.5439,66.1,1500,8169,0.0,0x80000,0.00302,0.21939,0.20781,0.31768,0.00241,0.00322,0.17366,0.00000,0.09088,0.00059,0.06412,0.46113
2026-09-13T14:40:18.485,1789285218.486,,1.5325,66.1,1500,8163,0.2,0x80000,0.00287,0.21733,0.20660,0.32468,0.00282,0.00242,0.15098,0.00000,0.09789,0.00000,0.06545,0.46146
2026-09-13T14:40:19.512,1789285219.512,,1.7177,66.7,1500,8158,1.7,0x80000,0.00297,0.21763,0.20552,0.32292,0.00281,0.00222,0.17030,0.18076,0.08540,0.00000,0.06590,0.46129
2026-09-13T14:40:20.538,1789285220.539,,1.7554,66.1,1500,8167,0.5,0x80000,0.00297,0.21655,0.20612,0.32117,0.00241,0.00322,0.17682,0.20607,0.09151,0.00000,0.06775,0.46080
2026-09-13T14:40:21.565,1789285221.565,,1.6034,64.5,1500,8154,0.0,0x80000,0.00312,0.21695,0.21978,0.32432,0.00282,0.00242,0.17662,0.05063,0.08751,0.00000,0.06547,0.45379
2026-09-13T14:40:22.591,1789285222.592,,1.5949,65.0,1500,8161,0.0,0x80000,0.00311,0.21763,0.20819,0.32609,0.00241,0.00322,0.17025,0.05420,0.08823,0.00118,0.06597,0.45444
2026-09-13T14:40:23.618,1789285223.618,,1.7019,66.1,1500,8158,0.2,0x80000,0.00302,0.21783,0.27897,0.31768,0.00282,0.00282,0.21849,0.04336,0.09152,0.00000,0.06392,0.46146
2026-09-13T14:40:24.644,1789285224.645,,1.5872,65.5,1500,8158,0.0,0x80000,0.00302,0.21646,0.20996,0.32117,0.00282,0.00282,0.17351,0.05049,0.09352,0.00000,0.06537,0.44808
2026-09-13T14:40:25.671,1789285225.671,,1.7058,65.5,1500,8161,0.0,0x80000,0.00302,0.21851,0.20767,0.31350,0.00282,0.00282,0.17361,0.17710,0.08875,0.00000,0.06411,0.45395
2026-09-13T14:40:26.697,1789285226.698,,1.7301,64.5,1500,8149,0.0,0x80000,0.00306,0.21685,0.23350,0.32134,0.00281,0.00282,0.17410,0.18415,0.07095,0.00000,0.06658,0.45395
2026-09-13T14:40:27.724,1789285227.724,,1.5621,65.5,1500,8147,0.0,0x80000,0.00302,0.21821,0.20889,0.32117,0.00281,0.00282,0.19916,0.00362,0.08387,0.00000,0.06411,0.45444
2026-09-13T14:40:28.750,1789285228.751,,1.6139,65.0,1500,8156,0.5,0x80000,0.00312,0.21705,0.27795,0.31637,0.00281,0.00282,0.17366,0.00362,0.08916,0.00000,0.06587,0.46146
2026-09-13T14:40:29.776,1789285229.777,,1.7170,64.5,1500,8147,2.0,0x80000,0.00316,0.21871,0.20889,0.31783,0.00241,0.00242,0.15798,0.20200,0.08501,0.00000,0.06404,0.45461
2026-09-13T14:40:30.803,1789285230.803,,1.7476,64.5,1500,8149,0.0,0x80000,0.00311,0.21773,0.20854,0.32274,0.00261,0.00322,0.17732,0.21282,0.08611,0.00000,0.06597,0.44744
2026-09-13T14:40:31.829,1789285231.830,,1.7566,64.5,1500,8154,0.2,0x80000,0.00317,0.21587,0.20605,0.38084,0.00241,0.00322,0.28549,0.05409,0.09183,0.00000,0.06604,0.44760
2026-09-13T14:40:32.856,1789285232.856,,1.5636,65.0,1500,8154,0.0,0x80000,0.00297,0.21705,0.20916,0.31624,0.00282,0.00242,0.15784,0.04712,0.08838,0.00000,0.06537,0.45428
2026-09-13T14:40:33.886,1789285233.887,,1.9270,64.5,1500,8154,0.0,0x80000,0.00302,0.21929,0.20740,0.32854,0.00261,0.00242,0.17126,0.05070,0.09358,0.00000,0.06772,0.78047
2026-09-13T14:40:34.912,1789285234.913,,1.8589,63.9,1500,8149,0.0,0x80000,0.00307,0.21841,0.20747,0.32661,0.00281,0.00282,0.17039,0.00000,0.08294,0.00000,0.06397,0.78047
2026-09-13T14:40:35.939,1789285235.939,,1.8750,65.5,1500,8152,0.0,0x80000,0.00307,0.22115,0.20712,0.32485,0.00241,0.00242,0.16741,0.01086,0.08456,0.00000,0.07018,0.78094
2026-09-13T14:40:36.969,1789285236.969,,1.7866,65.0,1500,8145,0.0,0x80000,0.00307,0.29590,0.20854,0.32292,0.00282,0.00282,0.17677,0.17423,0.08540,0.00000,0.06603,0.44808
2026-09-13T14:40:37.995,1789285237.996,,1.7342,65.0,1500,8149,0.0,0x80000,0.00331,0.21851,0.31420,0.32093,0.00402,0.00222,0.19966,0.06886,0.08180,0.00000,0.06594,0.45477
2026-09-13T14:40:39.022,1789285239.022,,1.5619,65.0,1500,8152,0.5,0x80000,0.00302,0.21773,0.21929,0.32448,0.00322,0.00222,0.15436,0.03975,0.09167,0.00000,0.06556,0.44060
2026-09-13T14:40:40.048,1789285240.049,,1.7516,65.0,1500,8141,2.4,0x80000,0.00311,0.22251,0.20673,0.31958,0.00241,0.00242,0.18990,0.21325,0.08643,0.00000,0.06399,0.44124
2026-09-13T14:40:41.075,1789285241.075,,1.7744,65.0,1500,8134,0.0,0x80000,0.00306,0.21499,0.20875,0.31925,0.00302,0.00282,0.20634,0.21697,0.09232,0.00000,0.06596,0.44092
2026-09-13T14:40:42.101,1789285242.102,,1.7283,65.5,1500,8141,0.0,0x80000,0.00292,0.21821,0.20719,0.31768,0.00282,0.00282,0.17087,0.20628,0.08631,0.00000,0.06544,0.44776
2026-09-13T14:40:43.128,1789285243.128,,1.5090,62.8,1500,8145,0.0,0x80000,0.00312,0.21813,0.20660,0.31916,0.00322,0.00282,0.15758,0.00000,0.08684,0.00000,0.06416,0.44744
2026-09-13T14:40:44.154,1789285244.155,,1.5391,63.4,1500,8152,0.5,0x80000,0.00306,0.21733,0.21951,0.31750,0.00282,0.00242,0.17361,0.00000,0.08506,0.00000,0.06969,0.44808
2026-09-13T14:40:45.181,1789285245.181,,1.5138,63.9,1500,8145,0.0,0x80000,0.00297,0.22007,0.20840,0.32271,0.00281,0.00282,0.15749,0.00724,0.08518,0.00000,0.06969,0.43439
2026-09-13T14:40:46.207,1789285246.208,,1.5479,63.9,1500,8143,0.0,0x80000,0.00306,0.21537,0.20826,0.31925,0.00241,0.00242,0.20231,0.00000,0.08654,0.00000,0.06720,0.44108
2026-09-13T14:40:47.234,1789285247.234,,1.6120,63.9,1500,8143,0.2,0x80000,0.00311,0.22044,0.27789,0.32093,0.00402,0.00242,0.17994,0.00000,0.09164,0.00000,0.06404,0.44760
2026-09-13T14:40:48.260,1789285248.261,,1.5915,62.8,1500,8149,0.0,0x80000,0.00306,0.21821,0.20667,0.32625,0.00322,0.00222,0.17385,0.04703,0.09577,0.00000,0.06791,0.44728
2026-09-13T14:40:49.287,1789285249.287,,1.5841,63.9,1500,8145,0.0,0x80000,0.00312,0.21929,0.20639,0.32102,0.00262,0.00322,0.17429,0.06147,0.08540,0.00000,0.06604,0.44124
2026-09-13T14:40:50.313,1789285250.314,,1.7159,64.5,1500,8134,1.7,0x80000,0.00311,0.21549,0.20840,0.32448,0.00322,0.00322,0.16382,0.20281,0.08676,0.00000,0.06402,0.44060
2026-09-13T14:40:51.340,1789285251.340,,1.7305,63.9,1500,8141,0.0,0x80000,0.00302,0.21549,0.21542,0.31916,0.00261,0.00242,0.16079,0.21330,0.09143,0.00000,0.06596,0.44092
2026-09-13T14:40:52.366,1789285252.367,,1.5265,63.9,1500,8141,0.5,0x80000,0.00312,0.21929,0.20948,0.31750,0.00261,0.00242,0.17361,0.01082,0.08803,0.00000,0.06544,0.43424
2026-09-13T14:40:53.393,1789285253.393,,1.5532,63.4,1500,8143,0.0,0x80000,0.00307,0.22163,0.20605,0.32448,0.00322,0.00282,0.20034,0.00000,0.08368,0.00000,0.06667,0.44124
2026-09-13T14:40:54.419,1789285254.420,,1.6190,63.4,1500,8147,0.0,0x80000,0.00306,0.21881,0.28299,0.31925,0.00282,0.00282,0.19611,0.00000,0.08585,0.00000,0.06667,0.44060
2026-09-13T14:40:55.446,1789285255.446,,1.5269,63.9,1500,8138,0.2,0x80000,0.00297,0.21891,0.20719,0.31401,0.00261,0.00242,0.17667,0.00361,0.09149,0.00000,0.06596,0.44108
2026-09-13T14:40:56.472,1789285256.473,,1.7401,63.4,1500,8134,0.2,0x80000,0.00302,0.21607,0.21822,0.32310,0.00241,0.00242,0.17717,0.18438,0.08266,0.00000,0.06971,0.46096
2026-09-13T14:40:57.499,1789285257.499,,1.7356,63.4,1500,8134,0.0,0x80000,0.00317,0.21587,0.20552,0.31432,0.00241,0.00322,0.15824,0.20989,0.11227,0.00000,0.06976,0.44092
2026-09-13T14:40:58.526,1789285258.526,,1.5613,63.4,1500,6557,0.0,0x80000,0.00312,0.21450,0.20639,0.32448,0.00302,0.00242,0.17667,0.04327,0.08721,0.00000,0.06603,0.43424
2026-09-13T14:40:59.553,1789285259.554,,1.6685,62.2,1500,6407,0.0,0x80000,0.00307,0.21519,0.27977,0.32679,0.00282,0.00242,0.19584,0.05050,0.08277,0.00000,0.06791,0.44139
2026-09-13T14:41:00.580,1789285260.580,,1.7350,62.8,1500,6392,2.4,0x80000,0.00297,0.23089,0.20701,0.32134,0.00241,0.00242,0.17677,0.20266,0.08811,0.00000,0.06599,0.43439
2026-09-13T14:41:01.707,1789285261.708,,1.7494,62.8,1500,6393,0.0,0x80000,0.00312,0.21783,0.21929,0.32151,0.00241,0.00483,0.17682,0.19874,0.09664,0.00000,0.06724,0.44092
2026-09-13T14:41:02.734,1789285262.734,,1.5717,63.4,1500,6391,0.2,0x80000,0.00316,0.21577,0.20767,0.31925,0.00322,0.00483,0.16723,0.05799,0.08523,0.00000,0.06609,0.44124
2026-09-13T14:41:03.760,1789285263.761,,1.5707,63.4,1500,6396,0.2,0x80000,0.00316,0.21539,0.20504,0.32448,0.00262,0.00323,0.17707,0.05420,0.08568,0.00000,0.06609,0.43377
2026-09-13T14:41:04.787,1789285264.787,,1.5119,62.8,1500,6400,0.0,0x80000,0.00302,0.21987,0.20625,0.32310,0.00241,0.00242,0.18320,0.00000,0.07778,0.00000,0.06665,0.42725
2026-09-13T14:41:05.814,1789285265.815,,1.5047,61.7,1500,6399,0.2,0x80000,0.00297,0.22897,0.20753,0.32457,0.00282,0.00222,0.15740,0.00000,0.07760,0.00000,0.06667,0.43393
2026-09-13T14:41:06.842,1789285266.842,,1.5039,62.2,1500,6388,0.0,0x80000,0.00311,0.21715,0.20875,0.31916,0.00261,0.00242,0.16694,0.00000,0.08440,0.00000,0.06545,0.43393
2026-09-13T14:41:07.868,1789285267.869,,1.7255,63.4,1500,6387,0.0,0x80000,0.00297,0.21539,0.21914,0.32448,0.00322,0.00322,0.17999,0.18094,0.08937,0.00000,0.06540,0.44139
2026-09-13T14:41:08.895,1789285268.896,,2.0418,63.4,1500,6387,0.0,0x80000,0.00311,0.21851,0.22989,0.32271,0.00242,0.00322,0.16070,0.18799,0.08937,0.00030,0.06651,0.75703
2026-09-13T14:41:09.922,1789285269.922,,1.8957,62.8,1500,6387,0.2,0x80000,0.00287,0.21334,0.20747,0.32387,0.00402,0.00242,0.18310,0.04327,0.08277,0.00000,0.06846,0.76408
2026-09-13T14:41:10.950,1789285270.950,,1.7785,63.4,1500,6373,2.0,0x80000,0.00297,0.21627,0.20691,0.32093,0.00322,0.00242,0.23542,0.20266,0.09020,0.00000,0.06293,0.43455
2026-09-13T14:41:11.976,1789285271.977,,1.7033,62.2,1500,6374,0.0,0x80000,0.00302,0.21939,0.20559,0.31872,0.00241,0.00322,0.15767,0.20200,0.08684,0.00000,0.06788,0.43658
2026-09-13T14:41:13.004,1789285273.004,,1.5507,62.8,1500,6366,0.0,0x80000,0.00302,0.21549,0.20612,0.32274,0.00261,0.00322,0.17356,0.04342,0.08477,0.00000,0.06786,0.42786
2026-09-13T14:41:14.031,1789285274.032,,1.5115,61.7,1500,6372,0.0,0x80000,0.00297,0.21889,0.20840,0.32274,0.00322,0.00242,0.17035,0.00000,0.08911,0.00000,0.06615,0.42725
2026-09-13T14:41:15.058,1789285275.058,,1.5556,62.2,1500,6370,0.0,0x80000,0.00297,0.21744,0.20566,0.32093,0.00282,0.00242,0.17732,0.03971,0.08591,0.00000,0.06615,0.43424
2026-09-13T14:41:16.085,1789285276.086,,1.8484,61.7,1500,6368,0.2,0x80000,0.00312,0.21705,0.20532,0.37382,0.00282,0.00282,0.28549,0.17693,0.08640,0.00000,0.06660,0.42802
2026-09-13T14:41:17.113,1789285277.113,,1.6926,62.8,1500,6369,0.0,0x80000,0.00302,0.21460,0.20809,0.32271,0.00241,0.00242,0.17677,0.18054,0.08875,0.00000,0.06545,0.42786
2026-09-13T14:41:18.139,1789285278.140,,1.7234,61.7,1500,6362,0.2,0x80000,0.00297,0.21956,0.21270,0.32310,0.00241,0.00242,0.17039,0.20560,0.08982,0.00000,0.06654,0.42786
2026-09-13T14:41:19.166,1789285279.166,,1.7035,62.8,1500,6358,0.2,0x80000,0.00306,0.23366,0.20618,0.32274,0.00282,0.00282,0.15758,0.20245,0.07897,0.00000,0.06540,0.42786
2026-09-13T14:41:20.192,1789285280.193,,1.7164,62.2,1500,6358,0.0,0x80000,0.00302,0.21939,0.35032,0.31750,0.00402,0.00222,0.17667,0.04701,0.08864,0.00000,0.06670,0.44092
2026-09-13T14:41:21.219,1789285281.219,,1.7859,62.2,1500,6357,2.2,0x80000,0.00297,0.26923,0.20889,0.32625,0.00322,0.00222,0.17732,0.20989,0.08815,0.00000,0.06978,0.42802
2026-09-13T14:41:22.246,1789285282.247,,1.8248,61.7,1500,6357,0.0,0x80000,0.00312,0.21627,0.20767,0.33157,0.00282,0.00222,0.25413,0.20989,0.09081,0.00000,0.06978,0.43658
2026-09-13T14:41:23.274,1789285283.274,,1.4975,62.8,1500,6359,0.0,0x80000,0.00312,0.21705,0.20625,0.32099,0.00262,0.00322,0.15780,0.00362,0.08946,0.00000,0.06609,0.42725
2026-09-13T14:41:24.301,1789285284.302,,1.5331,61.7,1500,6354,0.0,0x80000,0.00311,0.22153,0.20625,0.31750,0.00342,0.00322,0.19927,0.00721,0.07763,0.00000,0.06672,0.42725
2026-09-13T14:41:25.329,1789285285.329,,1.5408,62.2,1500,6355,0.2,0x80000,0.00311,0.21646,0.20691,0.31750,0.00402,0.00222,0.19899,0.00722,0.09131,0.00030,0.06549,0.42725
2026-09-13T14:41:26.355,1789285286.356,,1.5144,61.7,1500,6350,0.0,0x80000,0.00312,0.22095,0.20625,0.32279,0.00261,0.00322,0.17126,0.00723,0.07655,0.00000,0.06615,0.43424
2026-09-13T14:41:27.383,1789285287.383,,1.5820,62.2,1500,6350,0.2,0x80000,0.00316,0.22017,0.20927,0.32271,0.00261,0.00322,0.18642,0.05049,0.09563,0.00000,0.06665,0.42163
2026-09-13T14:41:28.410,1789285288.411,,1.6608,61.7,1500,6353,0.2,0x80000,0.00302,0.30407,0.20660,0.32279,0.00282,0.00222,0.17356,0.06143,0.09024,0.00000,0.06604,0.42802
2026-09-13T14:41:29.437,1789285289.437,,1.5563,62.8,1500,6349,0.0,0x80000,0.00302,0.21959,0.20747,0.31688,0.00282,0.00222,0.17049,0.05420,0.08823,0.00000,0.06355,0.42786
2026-09-13T14:41:30.463,1789285290.464,,1.5875,61.7,1500,6347,0.0,0x80000,0.00297,0.21841,0.23311,0.32038,0.00282,0.00222,0.17039,0.04689,0.08911,0.00000,0.06668,0.43455
2026-09-13T14:41:31.491,1789285291.491,,1.6935,61.7,1500,6338,2.4,0x80000,0.00306,0.21577,0.20566,0.31401,0.00261,0.00242,0.16723,0.20628,0.08272,0.00000,0.06651,0.42725
2026-09-13T14:41:32.518,1789285292.519,,1.6681,60.6,1500,6342,0.0,0x80000,0.00311,0.21627,0.20691,0.31925,0.00261,0.00242,0.15780,0.18415,0.09006,0.00000,0.06416,0.42133
2026-09-13T14:41:33.545,1789285293.546,,1.5139,61.7,1500,6341,0.0,0x80000,0.00312,0.21625,0.20660,0.31925,0.00241,0.00222,0.17772,0.00721,0.08518,0.00000,0.06611,0.42786
2026-09-13T14:41:34.572,1789285294.572,,1.5546,61.7,1500,6341,0.0,0x80000,0.00307,0.21568,0.22858,0.31750,0.00262,0.00222,0.20897,0.00000,0.08982,0.00207,0.06278,0.42133
2026-09-13T14:41:35.598,1789285295.599,,1.5572,60.6,1500,6342,0.2,0x80000,0.00306,0.21929,0.20767,0.32448,0.00241,0.00282,0.17356,0.05424,0.08404,0.00000,0.06424,0.42133
2026-09-13T14:41:36.626,1789285296.626,,1.7205,61.1,1500,6338,0.0,0x80000,0.00302,0.21421,0.20444,0.32099,0.00402,0.00242,0.18019,0.21643,0.08803,0.00000,0.06542,0.42133
2026-09-13T14:41:37.653,1789285297.654,,1.7160,61.1,1500,6331,0.2,0x80000,0.00307,0.21851,0.21055,0.32448,0.00402,0.00242,0.16373,0.20963,0.09573,0.00000,0.06294,0.42088
2026-09-13T14:41:38.681,1789285298.681,,1.5413,61.1,1500,6339,0.0,0x80000,0.00307,0.21919,0.20673,0.32448,0.00262,0.00242,0.16387,0.05063,0.07485,0.00000,0.06547,0.42802
2026-09-13T14:41:39.809,1789285299.810,,1.5482,61.1,1500,6334,0.0,0x80000,0.00311,0.21500,0.20799,0.32271,0.00403,0.00242,0.15798,0.05059,0.09125,0.00000,0.06545,0.42771
2026-09-13T14:41:40.836,1789285300.836,,1.6310,61.1,1500,6335,0.2,0x80000,0.00312,0.29536,0.20573,0.31227,0.00242,0.00222,0.18315,0.05424,0.08492,0.00000,0.06668,0.42088
2026-09-13T14:41:41.862,1789285301.863,,1.7804,61.1,1500,6323,2.2,0x80000,0.00297,0.21695,0.21076,0.31916,0.00241,0.00222,0.25119,0.20628,0.08126,0.00000,0.06601,0.42118
2026-09-13T14:41:42.972,1789285302.973,,1.7371,61.1,1500,6329,0.0,0x80000,0.00302,0.21587,0.20767,0.31968,0.00282,0.00242,0.17999,0.18456,0.08170,0.00089,0.06417,0.47432
2026-09-13T14:41:44.000,1789285304.001,,1.5418,62.8,1500,6325,0.0,0x80000,0.00297,0.21841,0.20357,0.32171,0.00282,0.00222,0.16396,0.05434,0.08678,0.00000,0.06417,0.42088
2026-09-13T14:41:45.027,1789285305.027,,1.5240,61.1,1500,6322,0.0,0x80000,0.00311,0.21879,0.20625,0.31338,0.00241,0.00322,0.15153,0.05060,0.08928,0.00000,0.06424,0.42118
2026-09-13T14:41:46.053,1789285306.054,,1.5594,60.6,1500,6334,0.0,0x80000,0.00306,0.21705,0.20552,0.31698,0.00241,0.00222,0.17989,0.05059,0.08543,0.00000,0.06789,0.42833
2026-09-13T14:41:47.079,1789285307.080,,1.5772,62.2,1500,6331,0.0,0x80000,0.00297,0.21997,0.22919,0.32271,0.00241,0.00222,0.17712,0.04689,0.08385,0.00000,0.06885,0.42103
2026-09-13T14:41:48.106,1789285308.106,,1.7252,60.6,1500,6318,0.5,0x80000,0.00311,0.21851,0.20625,0.31993,0.00281,0.00242,0.19344,0.20974,0.08368,0.00000,0.06414,0.42118
2026-09-13T14:41:49.132,1789285309.133,,1.7299,61.7,1500,6319,0.0,0x80000,0.00307,0.22044,0.20767,0.32741,0.00362,0.00222,0.19611,0.20974,0.08127,0.00000,0.06417,0.41420
2026-09-13T14:41:50.159,1789285310.159,,1.5048,61.1,1500,6318,0.0,0x80000,0.00312,0.21675,0.20518,0.31688,0.00282,0.00222,0.17380,0.00721,0.07923,0.00000,0.06978,0.42786
2026-09-13T14:41:51.186,1789285311.186,,1.5050,60.0,1500,6313,0.2,0x80000,0.00307,0.21803,0.20781,0.32271,0.00322,0.00222,0.17390,0.00000,0.08299,0.00000,0.06985,0.42118
2026-09-13T14:41:52.212,1789285312.213,,1.6991,60.6,1500,6315,2.0,0x80000,0.00307,0.22055,0.23242,0.32803,0.00282,0.00222,0.16727,0.17693,0.07892,0.00000,0.06601,0.42088
2026-09-13T14:41:53.239,1789285313.239,,1.7180,61.1,1500,6313,0.0,0x80000,0.00302,0.21861,0.20458,0.32099,0.00262,0.00242,0.18621,0.20612,0.08829,0.00000,0.06416,0.42103
2026-09-13T14:41:54.265,1789285314.266,,1.5452,61.1,1500,6317,0.0,0x80000,0.00317,0.21421,0.20781,0.32634,0.00282,0.00222,0.17025,0.05050,0.07805,0.00030,0.06795,0.42163
2026-09-13T14:41:55.292,1789285315.292,,1.5418,61.1,1500,6319,0.0,0x80000,0.00302,0.22037,0.20532,0.32117,0.00282,0.00222,0.16387,0.04697,0.09048,0.00000,0.06421,0.42133
2026-09-13T14:41:56.318,1789285316.319,,1.5440,60.0,1500,6318,0.2,0x80000,0.00292,0.21851,0.20847,0.32102,0.00282,0.00282,0.17015,0.04712,0.08727,0.00000,0.06171,0.42118
2026-09-13T14:41:57.345,1789285317.346,,1.7081,61.1,1500,6321,0.0,0x80000,0.00321,0.21859,0.20982,0.32387,0.00362,0.00282,0.16396,0.20612,0.08818,0.00000,0.06674,0.42118
2026-09-13T14:41:58.372,1789285318.372,,1.7967,61.1,1500,6306,0.5,0x80000,0.00292,0.21539,0.31368,0.32093,0.00241,0.00222,0.17346,0.18804,0.08529,0.00029,0.06417,0.42786
2026-09-13T14:41:59.398,1789285319.399,,1.6750,60.6,1500,6318,0.0,0x80000,0.00297,0.21090,0.20660,0.31925,0.00261,0.00242,0.17717,0.18035,0.09189,0.00000,0.06668,0.41420
2026-09-13T14:42:00.426,1789285320.426,,1.6888,61.1,1500,6317,0.0,0x80000,0.00307,0.21685,0.21951,0.32448,0.00242,0.00282,0.18055,0.17026,0.08382,0.00000,0.06417,0.42088
2026-09-13T14:42:01.452,1789285321.453,,1.5512,61.1,1500,6309,0.0,0x80000,0.00311,0.21695,0.20673,0.32349,0.00282,0.00242,0.16755,0.06132,0.08859,0.00000,0.06421,0.41405
2026-09-13T14:42:02.479,1789285322.479,,1.7476,60.6,1500,6305,2.2,0x80000,0.00302,0.21783,0.20875,0.32625,0.00322,0.00322,0.19578,0.20979,0.08244,0.00030,0.06971,0.42725
2026-09-13T14:42:03.505,1789285323.506,,1.6915,60.6,1500,6303,0.2,0x80000,0.00302,0.21783,0.20767,0.32093,0.00402,0.00242,0.15753,0.20266,0.08803,0.00000,0.06653,0.42088
2026-09-13T14:42:04.533,1789285324.533,,1.5669,61.1,1500,6302,0.0,0x80000,0.00312,0.22475,0.20591,0.32448,0.00322,0.00222,0.17044,0.05436,0.08481,0.00000,0.07223,0.42133
2026-09-13T14:42:05.560,1789285325.561,,1.6666,61.1,1500,6313,0.0,0x80000,0.00307,0.22193,0.28211,0.32093,0.00241,0.00222,0.20657,0.04699,0.08895,0.00000,0.06421,0.42725
2026-09-13T14:42:06.588,1789285326.588,,1.5512,60.6,1500,6306,0.2,0x80000,0.00302,0.21539,0.20875,0.32811,0.00282,0.00221,0.16737,0.04338,0.08922,0.00000,0.06978,0.42118
2026-09-13T14:42:07.615,1789285327.616,,1.4894,60.0,1500,6311,0.0,0x80000,0.00312,0.21549,0.21003,0.32625,0.00322,0.00222,0.16079,0.00000,0.08952,0.00000,0.06427,0.41449
2026-09-13T14:42:08.643,1789285328.643,,1.4765,60.6,1500,6306,0.2,0x80000,0.00297,0.21577,0.20760,0.31750,0.00322,0.00201,0.15727,0.00000,0.09030,0.00000,0.06596,0.41390
2026-09-13T14:42:09.669,1789285329.669,,1.5168,59.5,1500,6303,0.0,0x80000,0.00312,0.23412,0.21829,0.31270,0.00282,0.00242,0.16079,0.00000,0.09567,0.00000,0.06604,0.42088
2026-09-13T14:42:10.696,1789285330.697,,1.5483,60.6,1500,6302,0.0,0x80000,0.00312,0.21743,0.22704,0.32527,0.00282,0.00222,0.19927,0.00362,0.08509,0.00088,0.06732,0.41420
2026-09-13T14:42:11.724,1789285331.724,,1.5511,60.6,1500,6309,0.2,0x80000,0.00321,0.21695,0.20767,0.31698,0.00261,0.00322,0.17030,0.05424,0.08745,0.00000,0.06793,0.42058
2026-09-13T14:42:12.751,1789285332.752,,1.6847,60.0,1500,6298,2.0,0x80000,0.00306,0.21793,0.20411,0.32033,0.00282,0.00322,0.15798,0.20250,0.08506,0.00000,0.06677,0.42088
2026-09-13T14:42:13.879,1789285333.880,,1.7303,60.6,1500,6298,0.0,0x80000,0.00297,0.22787,0.20753,0.31925,0.00242,0.00222,0.17732,0.21282,0.08701,0.00000,0.06969,0.42118
2026-09-13T14:42:14.909,1789285334.910,,1.8648,61.1,1500,6301,0.2,0x80000,0.00311,0.21703,0.20639,0.32448,0.00262,0.00322,0.16732,0.05436,0.07944,0.00000,0.06590,0.74087
2026-09-13T14:42:15.936,1789285335.936,,1.8130,60.6,1500,6299,0.0,0x80000,0.00311,0.21715,0.20948,0.32625,0.00261,0.00322,0.15749,0.00000,0.08690,0.00000,0.06589,0.74087
2026-09-13T14:42:16.966,1789285336.966,,1.9374,61.1,1500,6306,0.0,0x80000,0.00302,0.21773,0.28299,0.36984,0.00302,0.00222,0.29832,0.19118,0.08495,0.00000,0.06954,0.41464
2026-09-13T14:42:17.992,1789285337.993,,1.7380,60.0,1500,6295,0.0,0x80000,0.00316,0.27067,0.20799,0.32271,0.00322,0.00322,0.17126,0.18442,0.08324,0.00000,0.06727,0.42088
2026-09-13T14:42:19.019,1789285339.019,,1.5630,60.6,1500,6291,0.2,0x80000,0.00312,0.21763,0.20767,0.32527,0.00282,0.00222,0.23476,0.00362,0.08588,0.00000,0.06611,0.41390
2026-09-13T14:42:20.045,1789285340.046,,1.4716,61.1,1500,6295,0.0,0x80000,0.00331,0.21665,0.20612,0.31925,0.00282,0.00222,0.15798,0.00000,0.07607,0.00030,0.06604,0.42088
2026-09-13T14:42:21.072,1789285341.072,,1.4803,60.0,1500,6295,0.0,0x80000,0.00302,0.22085,0.20639,0.31750,0.00242,0.00222,0.16070,0.00000,0.08285,0.00000,0.06982,0.41449
2026-09-13T14:42:22.098,1789285342.099,,1.5445,61.1,1500,6295,0.2,0x80000,0.00316,0.21314,0.20747,0.32271,0.00322,0.00322,0.16424,0.05060,0.09237,0.00000,0.06984,0.41449
2026-09-13T14:42:23.125,1789285343.125,,1.7444,60.6,1500,6291,2.2,0x80000,0.00297,0.21655,0.20673,0.33060,0.00281,0.00242,0.20886,0.20607,0.07989,0.00030,0.06608,0.42118
2026-09-13T14:42:24.151,1789285344.152,,1.7019,59.0,1500,6294,0.0,0x80000,0.00302,0.21773,0.20673,0.31942,0.00241,0.00282,0.18004,0.20921,0.08073,0.00000,0.06533,0.41449
2026-09-13T14:42:25.179,1789285345.179,,1.6695,60.0,1500,6295,0.5,0x80000,0.00302,0.21889,0.20701,0.30971,0.00282,0.00242,0.18310,0.20942,0.04213,0.00000,0.06976,0.42118
2026-09-13T14:42:26.206,1789285346.207,,1.4667,59.5,1500,6297,0.0,0x80000,0.00321,0.21383,0.22192,0.30704,0.00261,0.00483,0.17999,0.00362,0.04227,0.00000,0.06654,0.42088
2026-09-13T14:42:27.233,1789285347.234,,1.4343,60.0,1500,6293,0.0,0x80000,0.00316,0.21490,0.20625,0.30768,0.00282,0.00242,0.16737,0.00000,0.04530,0.00000,0.06978,0.41464
2026-09-13T14:42:28.260,1789285348.260,,1.4374,60.0,1500,6299,0.0,0x80000,0.00311,0.21705,0.20584,0.31207,0.00262,0.00242,0.16723,0.00362,0.04102,0.00000,0.06795,0.41449
2026-09-13T14:42:29.287,1789285349.287,,2.7921,62.2,2400,6265,33.5,0x80000,0.00312,0.22163,0.21807,0.34037,0.00241,0.00262,0.17742,0.00000,0.14879,0.00059,0.06934,1.60775
2026-09-13T14:42:30.321,1789285350.321,,6.5679,66.7,2400,6199,64.3,0x80000,0.00287,0.27548,0.22774,0.38610,0.00241,0.00282,0.17054,0.21330,0.41116,0.01947,0.06392,4.79209
2026-09-13T14:42:31.356,1789285351.357,,8.8215,68.3,2400,6166,100.0,0x80000,0.00321,0.22590,0.20625,0.38030,0.00402,0.00241,0.17049,0.18776,0.31658,0.00000,0.06442,7.26013
2026-09-13T14:42:32.388,1789285352.389,,6.1791,70.0,2400,7571,99.8,0x80000,0.00297,0.21773,0.20639,0.33264,0.00281,0.00282,0.17380,0.05071,0.08740,0.00000,0.06555,5.03624
2026-09-13T14:42:33.421,1789285353.422,,2.9636,68.3,2400,7909,92.3,0x80000,0.00302,0.25951,0.20667,0.36704,0.00362,0.00282,0.17346,0.18081,0.29951,0.00473,0.06916,1.39327
2026-09-13T14:42:34.447,1789285354.448,,3.0389,65.5,2400,8006,30.7,0x80000,0.00302,0.24470,0.21736,0.34787,0.00282,0.00282,0.17375,0.17284,0.16662,0.00118,0.06540,1.64057
2026-09-13T14:42:35.473,1789285355.473,,2.8871,65.5,2400,8008,25.3,0x80000,0.00302,0.31455,0.20584,0.34241,0.00241,0.00322,0.19312,0.00000,0.17838,0.00207,0.06564,1.57638
2026-09-13T14:42:36.500,1789285356.500,,6.7583,67.8,2400,7934,76.0,0x80000,0.00302,0.29550,0.20497,0.39147,0.00241,0.00322,0.17712,0.20942,0.45410,0.00503,0.06327,4.94877
2026-09-13T14:42:37.533,1789285357.533,,6.5538,70.5,2400,7913,96.4,0x80000,0.00306,0.27535,0.20625,0.36192,0.00241,0.00181,0.17752,0.19759,0.29044,0.00831,0.06515,4.96397
2026-09-13T14:42:38.564,1789285358.564,,5.8655,71.6,2400,7919,99.3,0x80000,0.00297,0.24837,0.20753,0.35276,0.00282,0.00282,0.23161,0.20989,0.22270,0.00356,0.06269,4.31776
2026-09-13T14:42:39.597,1789285359.597,,8.7341,72.7,2400,7923,99.5,0x80000,0.00297,0.22485,0.20337,0.38610,0.00281,0.00282,0.18330,0.19834,0.44514,0.00858,0.06545,7.01038
2026-09-13T14:42:40.631,1789285360.632,,7.9732,72.7,2400,7926,96.6,0x80000,0.00306,0.23234,0.21829,0.35307,0.00241,0.00242,0.16727,0.22230,0.19558,0.01180,0.06414,6.50053
2026-09-13T14:42:41.668,1789285361.668,,7.1160,72.7,2400,7919,97.6,0x80000,0.00292,0.24560,0.20625,0.33897,0.00302,0.00202,0.24427,0.20628,0.15924,0.00000,0.06387,5.64356
2026-09-13T14:42:42.704,1789285362.705,,7.1808,73.2,2400,7919,98.5,0x80000,0.00292,0.22471,0.20545,0.36134,0.00282,0.00201,0.17390,0.18757,0.44908,0.01066,0.06492,5.49542
2026-09-13T14:42:43.741,1789285363.741,,8.0458,72.7,2400,7928,99.0,0x80000,0.00301,0.32282,0.20350,0.37908,0.00281,0.00201,0.19633,0.18112,0.18353,0.00355,0.06744,6.50053
2026-09-13T14:42:44.772,1789285364.772,,8.8878,73.8,2400,7917,99.8,0x80000,0.00311,0.23036,0.20653,0.34664,0.00281,0.00242,0.18330,0.17719,0.19330,0.00295,0.06554,7.47363
2026-09-13T14:42:45.808,1789285365.809,,6.7155,73.8,2400,7930,100.0,0x80000,0.00306,0.32230,0.20955,0.38341,0.00281,0.00242,0.16102,0.01442,0.31412,0.01598,0.06370,5.22267
2026-09-13T14:42:46.844,1789285366.845,,7.2592,73.8,2400,7947,98.3,0x80000,0.00292,0.31854,0.21763,0.37503,0.00281,0.00161,0.17039,0.05436,0.53765,0.00618,0.06566,5.50640
2026-09-13T14:42:47.878,1789285367.879,,8.0505,74.3,2400,7940,97.6,0x80000,0.00301,0.26849,0.21104,0.36526,0.00362,0.00282,0.17697,0.00000,0.35581,0.00710,0.06441,6.59191
2026-09-13T14:42:48.908,1789285368.908,,5.5197,73.8,2400,7938,98.0,0x80000,0.00306,0.30719,0.20196,0.37235,0.00281,0.00282,0.17006,0.00000,0.41736,0.00562,0.06444,3.97201
2026-09-13T14:42:49.941,1789285369.942,,8.7430,73.8,2400,7940,96.3,0x80000,0.00301,0.35676,0.20456,0.35014,0.00281,0.00181,0.17395,0.03989,0.27669,0.00652,0.06370,7.26311
2026-09-13T14:42:50.972,1789285370.972,,5.9364,74.9,2400,7944,98.0,0x80000,0.00297,0.21743,0.20767,0.33723,0.00281,0.00282,0.17742,0.05068,0.10997,0.00178,0.06323,4.76244
2026-09-13T14:42:52.004,1789285372.005,,9.3257,75.5,2400,7942,99.5,0x80000,0.00311,0.31150,0.21642,0.36172,0.00301,0.00282,0.17682,0.05411,0.45625,0.00000,0.06534,7.67463
2026-09-13T14:42:53.039,1789285373.040,,6.1152,74.9,2400,9557,100.0,0x80000,0.00297,0.21617,0.24071,0.33593,0.00302,0.00181,0.16765,0.18475,0.09374,0.00030,0.06452,4.80370
2026-09-13T14:42:54.076,1789285374.076,,7.2090,75.5,2400,9668,98.3,0x80000,0.00302,0.34290,0.20484,0.36259,0.00281,0.00181,0.17063,0.18465,0.17239,0.00119,0.06453,5.69765
2026-09-13T14:42:55.116,1789285375.116,,6.5643,74.9,2400,9677,97.8,0x80000,0.00306,0.31631,0.27286,0.37733,0.00282,0.00241,0.23791,0.20266,0.45150,0.00000,0.06802,4.62943
2026-09-13T14:42:56.150,1789285376.151,,8.4541,76.5,2400,9668,100.0,0x80000,0.00297,0.25347,0.20337,0.36240,0.00281,0.00181,0.16438,0.21664,0.22117,0.00443,0.06228,6.95838
2026-09-13T14:42:57.188,1789285377.188,,6.1638,76.0,2400,9677,99.3,0x80000,0.00297,0.22065,0.21858,0.34574,0.00281,0.00242,0.24427,0.18112,0.10000,0.00030,0.06372,4.78124
2026-09-13T14:42:58.220,1789285378.221,,5.4477,75.5,2400,9689,99.0,0x80000,0.00302,0.21701,0.24011,0.33449,0.00301,0.00161,0.16704,0.19522,0.08736,0.00000,0.06681,4.13204
2026-09-13T14:42:59.252,1789285379.252,,8.8807,76.5,2400,9724,97.3,0x80000,0.00297,0.24047,0.20747,0.36348,0.00281,0.00282,0.17020,0.03975,0.21335,0.00565,0.06368,7.56800
2026-09-13T14:43:00.285,1789285380.285,,6.3257,76.0,2400,9752,99.8,0x80000,0.00302,0.22922,0.20781,0.33696,0.00282,0.00242,0.17092,0.01442,0.11594,0.00000,0.06254,5.17968
2026-09-13T14:43:01.317,1789285381.317,,9.3620,76.5,2400,9756,99.3,0x80000,0.00311,0.23199,0.27510,0.43902,0.00141,0.00241,0.31374,0.00000,0.47206,0.01778,0.06583,7.53952
2026-09-13T14:43:02.353,1789285382.353,,6.5994,76.5,2400,9771,99.8,0x80000,0.00301,0.22055,0.20625,0.35904,0.00302,0.00141,0.17732,0.00000,0.12680,0.00000,0.06405,5.43795
2026-09-13T14:43:03.385,1789285383.385,,6.8731,76.5,2400,9781,99.0,0x80000,0.00297,0.24003,0.21973,0.35276,0.00281,0.00242,0.17415,0.05074,0.23828,0.00561,0.06466,5.51901
2026-09-13T14:43:04.417,1789285384.417,,7.4470,76.5,2400,9775,99.3,0x80000,0.00302,0.31435,0.20458,0.38400,0.00301,0.00282,0.15815,0.25694,0.46484,0.00059,0.06353,5.59113
2026-09-13T14:43:05.451,1789285385.452,,6.2512,77.1,2400,9778,98.1,0x80000,0.00302,0.22241,0.20896,0.34688,0.00282,0.00181,0.16382,0.20220,0.24219,0.00295,0.06491,4.78921
2026-09-13T14:43:06.489,1789285386.489,,7.4534,77.1,2400,9775,98.8,0x80000,0.00307,0.30324,0.20740,0.36704,0.00363,0.00241,0.15740,0.20250,0.27709,0.00119,0.06436,5.86407
2026-09-13T14:43:07.525,1789285387.525,,7.1115,77.1,2400,9794,98.3,0x80000,0.00297,0.36699,0.20463,0.36240,0.00362,0.00241,0.18631,0.22364,0.46760,0.00443,0.06361,5.22291
2026-09-13T14:43:08.556,1789285388.557,,9.2020,77.1,2400,9797,99.3,0x80000,0.00287,0.33713,0.20788,0.35640,0.00301,0.00242,0.17351,0.18433,0.36370,0.00000,0.06524,7.50547
2026-09-13T14:43:09.592,1789285389.592,,8.9810,77.7,2400,9800,98.8,0x80000,0.00292,0.23369,0.21298,0.38935,0.00221,0.00242,0.29453,0.18442,0.08925,0.00000,0.06166,7.50761
2026-09-13T14:43:10.628,1789285390.629,,8.3141,78.2,2400,9730,99.8,0x80000,0.00311,0.29208,0.20646,0.35462,0.00302,0.00282,0.23771,0.00000,0.17165,0.00029,0.06524,6.97711
2026-09-13T14:43:11.664,1789285391.665,,6.9461,78.2,2400,9724,98.3,0x80000,0.00301,0.26329,0.20584,0.35665,0.00281,0.00161,0.17039,0.05049,0.23042,0.00739,0.06518,5.58900
2026-09-13T14:43:12.700,1789285392.701,,6.2589,77.7,2400,9721,98.3,0x80000,0.00302,0.22024,0.33731,0.32971,0.00321,0.00242,0.18631,0.05799,0.15351,0.00030,0.06442,4.90043
2026-09-13T14:43:13.737,1789285393.738,,5.4349,77.7,2400,9737,98.8,0x80000,0.00297,0.31529,0.21463,0.36172,0.00281,0.00201,0.15740,0.00000,0.34376,0.00741,0.06202,3.96485
2026-09-13T14:43:14.767,1789285394.768,,8.9991,77.1,2400,9727,98.1,0x80000,0.00306,0.33322,0.20875,0.33862,0.00301,0.00242,0.17697,0.18072,0.30794,0.00741,0.06413,7.37286
2026-09-13T14:43:15.805,1789285395.805,,6.8191,78.2,2400,9737,99.8,0x80000,0.00306,0.21909,0.21055,0.36181,0.00302,0.00242,0.18346,0.20638,0.13517,0.00059,0.06355,5.42998
2026-09-13T14:43:16.840,1789285396.841,,7.3140,78.2,2400,9743,96.6,0x80000,0.00311,0.26017,0.27331,0.40427,0.00301,0.00141,0.17732,0.01082,0.17301,0.00236,0.06490,5.94028
2026-09-13T14:43:17.880,1789285397.881,,6.6035,78.8,2400,9733,98.1,0x80000,0.00287,0.23447,0.20612,0.39601,0.00301,0.00242,0.29133,0.18804,0.09841,0.00353,0.06443,5.11285
2026-09-13T14:43:18.916,1789285398.916,,8.9923,78.8,2400,9724,100.0,0x80000,0.00302,0.24237,0.21034,0.36172,0.00301,0.00242,0.17677,0.20942,0.23896,0.00207,0.06407,7.47814
2026-09-13T14:43:19.948,1789285399.948,,9.3592,78.8,2400,9724,99.5,0x80000,0.00302,0.33620,0.27214,0.34930,0.00141,0.00282,0.21243,0.14068,0.45365,0.00000,0.06166,7.52592
2026-09-13T14:43:20.976,1789285400.977,,6.3311,78.8,2400,9733,99.8,0x80000,0.00311,0.31971,0.21270,0.39363,0.00302,0.00141,0.18942,0.22053,0.48334,0.02131,0.06460,4.41832
2026-09-13T14:43:22.011,1789285402.012,,5.5585,76.5,2400,9737,99.5,0x80000,0.00316,0.26436,0.21763,0.39814,0.00282,0.00161,0.17361,0.18452,0.47314,0.00089,0.06490,3.77376
2026-09-13T14:43:23.144,1789285403.145,,7.3729,79.3,2400,9749,98.5,0x80000,0.00301,0.27767,0.22022,0.36460,0.00362,0.00242,0.15780,0.05071,0.47128,0.01542,0.06381,5.74232
2026-09-13T14:43:24.174,1789285404.175,,6.3831,78.8,2400,9752,98.9,0x80000,0.00306,0.27769,0.20740,0.33146,0.00301,0.00201,0.17015,0.00000,0.44492,0.00979,0.06466,4.86890
2026-09-13T14:43:25.202,1789285405.202,,6.9978,78.8,2400,9749,100.0,0x80000,0.00297,0.21781,0.27223,0.34435,0.00141,0.00322,0.18418,0.19156,0.11513,0.00503,0.06413,5.59574
2026-09-13T14:43:26.236,1789285406.237,,9.4744,78.2,2400,9756,97.6,0x80000,0.00297,0.23089,0.20896,0.42647,0.00141,0.00282,0.27547,0.17345,0.44629,0.00473,0.06356,7.63742
2026-09-13T14:43:27.272,1789285407.272,,7.6522,78.2,2400,9762,97.1,0x80000,0.00302,0.31349,0.20639,0.37165,0.00281,0.00161,0.18024,0.20947,0.44840,0.01332,0.06503,5.83673
2026-09-13T14:43:28.304,1789285408.304,,6.4166,78.2,2400,9759,97.3,0x80000,0.00316,0.35865,0.20927,0.36988,0.00301,0.00242,0.16392,0.03977,0.16609,0.00118,0.06455,5.03473
2026-09-13T14:43:29.336,1789285409.336,,8.5630,78.8,2400,9768,95.4,0x80000,0.00301,0.31187,0.21929,0.38390,0.00302,0.00181,0.17682,0.00000,0.40821,0.01184,0.06141,6.98181
2026-09-13T14:43:30.372,1789285410.373,,5.3504,78.8,2400,9749,98.3,0x80000,0.00302,0.31591,0.20767,0.36704,0.00301,0.00242,0.16718,0.18054,0.32506,0.00944,0.06132,3.70784
2026-09-13T14:43:31.404,1789285411.404,,8.5354,79.8,2400,9759,99.8,0x80000,0.00297,0.28224,0.20740,0.39540,0.00301,0.00181,0.20254,0.21303,0.44993,0.00596,0.06529,6.70583
2026-09-13T14:43:32.439,1789285412.440,,7.0663,79.3,2400,9765,98.1,0x80000,0.00301,0.24548,0.22173,0.35414,0.00221,0.00242,0.18647,0.23517,0.21919,0.00295,0.06490,5.52864
2026-09-13T14:43:33.476,1789285413.477,,6.7447,79.8,2400,9759,98.3,0x80000,0.00321,0.33449,0.20646,0.36530,0.00281,0.00161,0.17092,0.26391,0.37530,0.00059,0.06260,4.95752
2026-09-13T14:43:34.512,1789285414.513,,5.3644,79.8,2400,9756,99.8,0x80000,0.00302,0.30577,0.20760,0.44660,0.00302,0.00322,0.33095,0.20220,0.49143,0.00915,0.06337,3.29806
2026-09-13T14:43:35.543,1789285415.544,,7.2003,80.4,2400,9771,97.3,0x80000,0.00301,0.22034,0.20781,0.33320,0.00301,0.00242,0.17073,0.20974,0.08148,0.00000,0.06368,5.90483
2026-09-13T14:43:36.574,1789285416.575,,9.3529,80.4,2400,9759,99.8,0x80000,0.00306,0.26467,0.23764,0.34221,0.00322,0.00181,0.24454,0.20607,0.30851,0.00886,0.06410,7.66823
2026-09-13T14:43:37.608,1789285417.608,,5.4447,79.3,2400,9768,97.3,0x80000,0.00307,0.32947,0.20504,0.40298,0.00301,0.00241,0.17015,0.04329,0.29999,0.01036,0.06377,3.91118
2026-09-13T14:43:38.644,1789285418.644,,6.5267,79.8,2400,9775,96.1,0x80000,0.00297,0.25577,0.20733,0.37413,0.00221,0.00241,0.17712,0.00000,0.20209,0.00207,0.06515,5.23546
2026-09-13T14:43:39.675,1789285419.676,,6.9328,80.4,2400,9768,98.6,0x80000,0.00301,0.22631,0.20896,0.36172,0.00301,0.00161,0.19006,0.00000,0.20208,0.00000,0.06120,5.67487
2026-09-13T14:43:40.708,1789285420.709,,9.3769,79.8,2400,9768,96.1,0x80000,0.00297,0.22636,0.21141,0.36704,0.00282,0.00241,0.17371,0.24210,0.33934,0.00443,0.06474,7.73958
2026-09-13T14:43:41.741,1789285421.741,,5.1297,81.0,2400,9768,98.8,0x80000,0.00307,0.31406,0.23479,0.38259,0.00301,0.00241,0.23831,0.24852,0.37977,0.01100,0.06202,3.25011
2026-09-13T14:43:42.785,1789285422.785,,6.1490,81.0,2400,9768,99.5,0x80000,0.00301,0.21771,0.20861,0.38205,0.00301,0.00181,0.31667,0.01085,0.08396,0.00000,0.06498,4.85631
2026-09-13T14:43:43.820,1789285423.821,,6.2070,79.8,2400,9768,98.1,0x80000,0.00301,0.22532,0.20868,0.33844,0.00281,0.00181,0.16723,0.18392,0.20370,0.00765,0.06438,4.80007
2026-09-13T14:43:44.850,1789285424.851,,6.7403,80.4,2400,9768,98.8,0x80000,0.00302,0.23959,0.20753,0.36680,0.00140,0.00242,0.16387,0.21915,0.38254,0.00355,0.06485,5.08558
2026-09-13T14:43:45.886,1789285425.886,,7.3994,81.5,2400,9765,100.0,0x80000,0.00306,0.23937,0.21599,0.38654,0.00302,0.00241,0.16424,0.20354,0.15142,0.02015,0.06315,5.94647
2026-09-13T14:43:46.920,1789285426.920,,5.2175,80.4,2400,9771,100.0,0x80000,0.00321,0.30251,0.20896,0.35414,0.00301,0.00241,0.19317,0.18438,0.44966,0.00472,0.06478,3.44657
2026-09-13T14:43:47.951,1789285427.952,,7.2120,81.0,2400,9771,97.1,0x80000,0.00306,0.25117,0.20712,0.39186,0.00301,0.00181,0.17092,0.00724,0.41143,0.01551,0.06261,5.68625
2026-09-13T14:43:48.984,1789285428.984,,6.3078,81.0,2400,9784,97.8,0x80000,0.00316,0.23870,0.21965,0.34071,0.00281,0.00161,0.18942,0.04338,0.18227,0.00238,0.06147,5.02222
2026-09-13T14:43:50.020,1789285430.020,,4.9272,80.4,2400,9787,96.4,0x80000,0.00311,0.29715,0.20552,0.42921,0.00322,0.00241,0.16129,0.05063,0.41061,0.01354,0.06344,3.28707
2026-09-13T14:43:51.060,1789285431.061,,5.0347,81.0,2400,9778,98.8,0x80000,0.00296,0.31923,0.20733,0.37158,0.00302,0.00242,0.17682,0.00000,0.46008,0.01360,0.06051,3.41716
2026-09-13T14:43:52.096,1789285432.097,,9.0489,81.5,2400,9775,98.1,0x80000,0.00301,0.28471,0.20760,0.33890,0.00281,0.00242,0.16443,0.03972,0.37202,0.00942,0.06267,7.56118
2026-09-13T14:43:53.123,1789285433.124,,2.7438,78.2,2400,9816,86.3,0x80000,0.00301,0.23992,0.20733,0.35007,0.00301,0.00181,0.19027,0.05077,0.22007,0.00563,0.06225,1.40962
2026-09-13T14:43:54.149,1789285434.150,,2.1838,76.0,2400,9881,24.8,0x80000,0.00306,0.22163,0.20788,0.33867,0.00221,0.00242,0.42187,0.00362,0.08925,0.00000,0.06523,0.82800
2026-09-13T14:43:55.175,1789285435.176,,2.1449,73.8,2400,9914,2.0,0x80000,0.00297,0.21851,0.20948,0.33439,0.00301,0.00161,0.17737,0.23132,0.08116,0.00000,0.06501,0.82004
2026-09-13T14:43:56.201,1789285436.201,,2.1047,72.7,2400,9914,0.5,0x80000,0.00307,0.21851,0.20976,0.33188,0.00221,0.00282,0.17702,0.21303,0.08791,0.00000,0.06255,0.79591
2026-09-13T14:43:57.227,1789285437.228,,2.0159,71.0,2400,9910,0.0,0x80000,0.00311,0.21627,0.27482,0.33689,0.00302,0.00141,0.16737,0.05427,0.08812,0.00000,0.06630,0.80436
2026-09-13T14:43:58.252,1789285438.253,,1.9347,70.5,2400,9914,0.0,0x80000,0.00287,0.21821,0.20889,0.32854,0.00281,0.00141,0.18990,0.05434,0.08911,0.00000,0.06570,0.77297
2026-09-13T14:43:59.278,1789285439.279,,1.5926,70.0,1500,9927,0.0,0x80000,0.00297,0.21803,0.21069,0.31766,0.00281,0.00242,0.17687,0.00722,0.08625,0.00030,0.06670,0.50068
2026-09-13T14:44:00.306,1789285440.306,,1.5901,69.4,1500,8670,0.0,0x80000,0.00287,0.21889,0.20906,0.32679,0.00281,0.00121,0.17039,0.00721,0.09257,0.00000,0.06414,0.49419
2026-09-13T14:44:01.333,1789285441.334,,1.5658,68.8,1500,8212,0.0,0x80000,0.00297,0.21549,0.20584,0.32432,0.00281,0.00282,0.17044,0.00362,0.08925,0.00000,0.06163,0.48663
2026-09-13T14:44:02.360,1789285442.360,,1.7703,68.8,1500,8192,0.0,0x80000,0.00287,0.22173,0.22237,0.31986,0.00141,0.00141,0.17692,0.18799,0.08489,0.00059,0.06276,0.48751
2026-09-13T14:44:03.386,1789285443.386,,1.7958,68.8,1500,8190,0.2,0x80000,0.00301,0.24047,0.20833,0.32333,0.00282,0.00282,0.17126,0.20581,0.08701,0.00029,0.06293,0.48768
2026-09-13T14:44:04.413,1789285444.414,,1.5810,68.3,1500,8196,0.5,0x80000,0.00331,0.22037,0.20660,0.31637,0.00282,0.00242,0.15102,0.05074,0.07537,0.00000,0.06414,0.48786
2026-09-13T14:44:05.441,1789285445.441,,1.8294,68.3,1600,8183,1.7,0x80000,0.00297,0.21861,0.20612,0.32609,0.00282,0.00282,0.16406,0.23517,0.09054,0.00029,0.06268,0.51726
2026-09-13T14:44:06.469,1789285446.470,,1.8549,67.8,1500,8181,0.0,0x80000,0.00316,0.29068,0.20788,0.31811,0.00282,0.00242,0.17097,0.22776,0.08739,0.00000,0.06304,0.48066
2026-09-13T14:44:07.497,1789285447.497,,1.6456,68.3,1500,8183,0.0,0x80000,0.00312,0.21725,0.27366,0.32117,0.00141,0.00121,0.19933,0.01082,0.07095,0.00000,0.06604,0.48066
2026-09-13T14:44:08.524,1789285448.525,,1.5915,68.3,1500,8194,0.2,0x80000,0.00302,0.21929,0.20733,0.32292,0.00282,0.00242,0.18361,0.01807,0.08540,0.00000,0.06597,0.48066
2026-09-13T14:44:09.652,1789285449.652,,1.6820,67.8,1500,8192,0.0,0x80000,0.00306,0.21967,0.20767,0.31941,0.00242,0.00322,0.15784,0.14128,0.08922,0.00000,0.06421,0.47398
2026-09-13T14:44:10.678,1789285450.678,,1.7264,67.2,1500,8183,0.0,0x80000,0.00316,0.21705,0.21922,0.31942,0.00241,0.00241,0.15771,0.17675,0.08849,0.00000,0.06597,0.47381
2026-09-13T14:44:11.704,1789285451.705,,1.7257,67.2,1500,8181,0.0,0x80000,0.00311,0.22897,0.20753,0.32124,0.00282,0.00282,0.17054,0.16663,0.08385,0.00000,0.06421,0.47398
2026-09-13T14:44:12.731,1789285452.731,,1.8269,67.2,1500,8181,0.0,0x80000,0.00287,0.21705,0.20934,0.31904,0.00281,0.00141,0.26983,0.17715,0.08910,0.00000,0.06414,0.47415
2026-09-13T14:44:13.757,1789285453.758,,1.7314,66.7,1500,8178,0.0,0x80000,0.00302,0.21627,0.20896,0.31811,0.00282,0.00242,0.17707,0.18438,0.08554,0.00000,0.06532,0.46747
2026-09-13T14:44:14.784,1789285454.784,,1.5966,67.8,1500,8183,0.0,0x80000,0.00312,0.21693,0.20767,0.31176,0.00282,0.00121,0.18019,0.05409,0.08501,0.00000,0.06599,0.46781
2026-09-13T14:44:15.810,1789285455.811,,1.8507,67.2,1600,8169,2.7,0x80000,0.00297,0.21685,0.23219,0.32503,0.00282,0.00282,0.17999,0.22003,0.10597,0.00000,0.06589,0.49612
2026-09-13T14:44:16.837,1789285456.837,,1.7861,66.7,1500,8172,0.0,0x80000,0.00287,0.22055,0.21003,0.32468,0.00282,0.00222,0.19322,0.20581,0.08922,0.00000,0.06654,0.46815
2026-09-13T14:44:17.863,1789285457.864,,1.9111,67.8,1500,8172,0.0,0x80000,0.00297,0.21889,0.33838,0.34593,0.00141,0.00141,0.17371,0.06131,0.22774,0.00000,0.06539,0.47398
2026-09-13T14:44:18.893,1789285458.894,,1.9828,67.2,1500,8167,0.2,0x80000,0.00287,0.21734,0.24558,0.32485,0.00241,0.00322,0.17732,0.05051,0.08913,0.00000,0.06573,0.80387
2026-09-13T14:44:19.920,1789285459.920,,1.9488,66.7,1500,8174,0.2,0x80000,0.00312,0.26792,0.20733,0.32448,0.00302,0.00201,0.17727,0.00722,0.08803,0.00000,0.06404,0.80436
2026-09-13T14:44:20.949,1789285460.950,,1.5583,65.5,1500,8178,0.0,0x80000,0.00311,0.21705,0.21865,0.32047,0.00261,0.00322,0.17039,0.00361,0.08498,0.00000,0.06603,0.46815
2026-09-13T14:44:21.976,1789285461.976,,1.5186,66.1,1500,8174,0.2,0x80000,0.00311,0.21615,0.20916,0.32468,0.00281,0.00121,0.17049,0.00000,0.08447,0.00000,0.06542,0.44108
2026-09-13T14:44:23.002,1789285463.003,,1.8050,66.7,1500,8172,0.0,0x80000,0.00307,0.21733,0.21736,0.31590,0.00241,0.00322,0.20874,0.21713,0.09455,0.00059,0.06394,0.46080
2026-09-13T14:44:24.029,1789285464.029,,1.7450,66.1,1500,8169,0.0,0x80000,0.00311,0.22251,0.20826,0.31941,0.00282,0.00202,0.15753,0.21303,0.08934,0.00000,0.06597,0.46096
2026-09-13T14:44:25.055,1789285465.056,,1.5789,65.5,1500,8174,0.0,0x80000,0.00317,0.21695,0.20889,0.32274,0.00241,0.00242,0.15767,0.05049,0.09006,0.00000,0.06288,0.46129
2026-09-13T14:44:26.082,1789285466.082,,1.8242,65.5,1700,8167,2.4,0x80000,0.00311,0.21392,0.20639,0.33137,0.00282,0.00242,0.17361,0.22075,0.09494,0.00000,0.06540,0.50950
2026-09-13T14:44:27.110,1789285467.110,,1.9348,66.1,1500,8163,0.0,0x80000,0.00307,0.22055,0.20788,0.37528,0.00241,0.00242,0.28804,0.22358,0.08637,0.00000,0.06389,0.46129
2026-09-13T14:44:28.136,1789285468.137,,1.7787,66.1,1500,8172,0.2,0x80000,0.00287,0.24237,0.20969,0.31925,0.00261,0.00322,0.17449,0.20245,0.09093,0.00000,0.06969,0.46113
2026-09-13T14:44:29.162,1789285469.163,,1.6361,65.5,1500,8176,0.0,0x80000,0.00287,0.21977,0.22289,0.32310,0.00241,0.00242,0.23824,0.00723,0.09225,0.00000,0.06417,0.46080
2026-09-13T14:44:30.189,1789285470.189,,1.5405,66.1,1500,8167,0.0,0x80000,0.00297,0.21529,0.20733,0.32117,0.00282,0.00282,0.17687,0.00000,0.08622,0.00000,0.06417,0.46080
2026-09-13T14:44:31.215,1789285471.216,,1.5883,65.5,1500,8165,0.0,0x80000,0.00307,0.21519,0.20996,0.32151,0.00282,0.00282,0.21862,0.00725,0.08694,0.00000,0.06599,0.45412
2026-09-13T14:44:32.243,1789285472.243,,1.6096,65.0,1500,8169,0.0,0x80000,0.00302,0.22027,0.20982,0.31619,0.00282,0.00282,0.18678,0.05049,0.09377,0.00000,0.06283,0.46080
2026-09-13T14:44:33.269,1789285473.270,,1.5894,65.5,1500,8161,0.2,0x80000,0.00302,0.22428,0.20698,0.31958,0.00282,0.00282,0.17375,0.05427,0.08291,0.00000,0.06416,0.45477
2026-09-13T14:44:34.297,1789285474.297,,1.5586,65.5,1500,8163,0.2,0x80000,0.00312,0.22007,0.20840,0.31590,0.00242,0.00242,0.15106,0.05799,0.07587,0.00059,0.06597,0.45477
2026-09-13T14:44:35.324,1789285475.325,,1.7494,65.5,1500,8165,0.0,0x80000,0.00307,0.21811,0.20646,0.32292,0.00241,0.00322,0.17327,0.21282,0.08696,0.00000,0.06539,0.45477
2026-09-13T14:44:36.352,1789285476.352,,1.7210,65.0,1500,8154,2.4,0x80000,0.00297,0.21926,0.20747,0.32503,0.00282,0.00282,0.16774,0.18429,0.08849,0.00000,0.06535,0.45477
2026-09-13T14:44:37.379,1789285477.380,,1.7300,65.0,1500,8165,0.2,0x80000,0.00297,0.21891,0.20667,0.31590,0.00282,0.00242,0.16401,0.19156,0.09563,0.00000,0.06784,0.46129
2026-09-13T14:44:38.407,1789285478.407,,1.5397,65.0,1500,8158,0.2,0x80000,0.00297,0.22428,0.20691,0.32134,0.00282,0.00242,0.17429,0.00000,0.08385,0.00000,0.06667,0.45412
2026-09-13T14:44:39.434,1789285479.434,,1.5737,64.5,1500,8161,0.0,0x80000,0.00312,0.21510,0.21814,0.32134,0.00241,0.00322,0.19600,0.00361,0.08922,0.00000,0.06724,0.45428
2026-09-13T14:44:40.460,1789285480.461,,1.5415,65.5,1500,8163,0.0,0x80000,0.00287,0.21773,0.20875,0.31942,0.00261,0.00322,0.16410,0.01082,0.09060,0.00000,0.06661,0.45477
2026-09-13T14:44:41.487,1789285481.487,,1.6254,65.5,1500,8167,0.0,0x80000,0.00307,0.21557,0.20875,0.32134,0.00282,0.00242,0.21565,0.05063,0.08722,0.00000,0.06397,0.45395
2026-09-13T14:44:42.514,1789285482.515,,1.7617,65.0,1500,8156,0.0,0x80000,0.00287,0.21851,0.21090,0.31942,0.00241,0.00322,0.17054,0.22415,0.08853,0.00000,0.06699,0.45412
2026-09-13T14:44:43.542,1789285483.542,,1.7577,64.5,1500,8158,0.0,0x80000,0.00306,0.23032,0.20861,0.32099,0.00282,0.00282,0.17356,0.21351,0.08393,0.00029,0.06969,0.44808
2026-09-13T14:44:44.568,1789285484.569,,1.5916,64.5,1500,8167,0.2,0x80000,0.00307,0.21627,0.20927,0.32117,0.00281,0.00282,0.17341,0.05789,0.08385,0.00000,0.06611,0.45493
2026-09-13T14:44:45.596,1789285485.596,,1.7174,64.5,1500,8158,0.0,0x80000,0.00302,0.22007,0.20916,0.31401,0.00302,0.00282,0.16387,0.17732,0.11016,0.00000,0.06665,0.44728
2026-09-13T14:44:46.622,1789285486.623,,1.6906,63.9,1500,8152,2.7,0x80000,0.00287,0.21889,0.20996,0.32466,0.00261,0.00322,0.15767,0.16265,0.08829,0.00000,0.06530,0.45444
2026-09-13T14:44:47.649,1789285487.649,,1.7088,65.5,1500,8149,0.0,0x80000,0.00307,0.21831,0.20840,0.31958,0.00241,0.00242,0.17687,0.18795,0.08489,0.00000,0.06412,0.44076
2026-09-13T14:44:48.675,1789285488.675,,1.5564,65.0,1500,8154,0.0,0x80000,0.00297,0.22241,0.21041,0.32448,0.00261,0.00322,0.17361,0.00361,0.09054,0.00000,0.06855,0.45395
2026-09-13T14:44:49.702,1789285489.703,,1.6721,63.9,1500,8161,0.5,0x80000,0.00311,0.21675,0.22173,0.32310,0.00241,0.00322,0.24133,0.05799,0.08925,0.00000,0.06596,0.44728
2026-09-13T14:44:50.730,1789285490.730,,1.5808,63.9,1500,8169,0.0,0x80000,0.00302,0.21617,0.22080,0.32803,0.00302,0.00242,0.16129,0.06161,0.07202,0.00000,0.06421,0.44824
2026-09-13T14:44:51.856,1789285491.857,,1.7056,65.0,1500,8154,0.0,0x80000,0.00307,0.21881,0.20875,0.31958,0.00241,0.00322,0.16120,0.18103,0.09395,0.00000,0.06616,0.44744
2026-09-13T14:44:52.884,1789285492.884,,2.0768,64.5,1500,8152,0.0,0x80000,0.00306,0.21509,0.20889,0.32448,0.00261,0.00483,0.17039,0.21362,0.08973,0.00000,0.06342,0.78070
2026-09-13T14:44:53.910,1789285493.911,,1.9252,64.5,1500,8149,0.0,0x80000,0.00311,0.21859,0.20781,0.32803,0.00261,0.00242,0.18356,0.04712,0.09371,0.00000,0.06525,0.77297
2026-09-13T14:44:54.937,1789285494.937,,1.9589,65.0,1500,8154,0.0,0x80000,0.00311,0.21763,0.20774,0.32625,0.00261,0.00242,0.17390,0.09739,0.08368,0.00000,0.06394,0.78023
2026-09-13T14:44:55.967,1789285495.967,,1.8830,64.5,1500,8149,0.0,0x80000,0.00302,0.21655,0.27789,0.31768,0.00241,0.00322,0.25698,0.20581,0.09355,0.00000,0.06530,0.44060
2026-09-13T14:44:56.993,1789285496.994,,1.7116,63.4,1500,8143,2.2,0x80000,0.00302,0.21929,0.20719,0.31576,0.00282,0.00282,0.17366,0.18752,0.08823,0.00000,0.06404,0.44728
2026-09-13T14:44:58.020,1789285498.020,,1.7142,65.0,1500,8147,0.0,0x80000,0.00316,0.21655,0.20632,0.31872,0.00241,0.00242,0.17732,0.18442,0.08916,0.00000,0.06590,0.44776
2026-09-13T14:44:59.046,1789285499.047,,1.4994,64.5,1500,8147,0.2,0x80000,0.00317,0.22095,0.20896,0.31750,0.00261,0.00242,0.16088,0.00362,0.07095,0.00000,0.06667,0.44171
2026-09-13T14:45:00.073,1789285500.073,,1.5244,63.9,1500,8156,0.2,0x80000,0.00307,0.21733,0.20781,0.32274,0.00282,0.00242,0.16479,0.00362,0.08815,0.00030,0.06409,0.44728
2026-09-13T14:45:01.099,1789285501.100,,1.5310,63.4,1500,8149,0.0,0x80000,0.00312,0.21929,0.20733,0.32634,0.00302,0.00222,0.17092,0.00000,0.09146,0.00000,0.06604,0.44124
2026-09-13T14:45:02.126,1789285502.126,,1.5882,64.5,1500,8149,0.0,0x80000,0.00306,0.21615,0.22073,0.32093,0.00242,0.00282,0.17687,0.05420,0.08443,0.00000,0.06545,0.44108
2026-09-13T14:45:03.152,1789285503.153,,1.8292,64.5,1500,8149,0.2,0x80000,0.00302,0.21725,0.20552,0.32099,0.00262,0.00222,0.15753,0.20989,0.08285,0.00000,0.06609,0.56117
2026-09-13T14:45:04.179,1789285504.179,,1.7071,63.9,1500,8145,0.0,0x80000,0.00297,0.21733,0.20719,0.31401,0.00282,0.00282,0.16102,0.20628,0.08594,0.00000,0.06530,0.44139
2026-09-13T14:45:05.205,1789285505.206,,1.6367,63.4,1500,8154,0.0,0x80000,0.00307,0.22095,0.21055,0.31607,0.00241,0.00483,0.23141,0.04343,0.09672,0.00000,0.06604,0.44124
2026-09-13T14:45:06.232,1789285506.232,,1.5833,62.8,1500,8158,0.0,0x80000,0.00311,0.21178,0.20712,0.32327,0.00282,0.00242,0.17395,0.06157,0.09006,0.00000,0.06597,0.44124
2026-09-13T14:45:07.258,1789285507.259,,1.7531,63.9,1500,8145,2.2,0x80000,0.00312,0.21889,0.23050,0.32980,0.00262,0.00222,0.18330,0.18776,0.08952,0.00000,0.06402,0.44139
2026-09-13T14:45:08.284,1789285508.285,,1.7272,63.4,1500,8143,0.0,0x80000,0.00297,0.21226,0.20625,0.32503,0.00241,0.00322,0.20634,0.18429,0.08368,0.00000,0.06599,0.43471
2026-09-13T14:45:09.311,1789285509.311,,1.5345,63.9,1500,8143,0.0,0x80000,0.00311,0.22584,0.20612,0.32271,0.00402,0.00242,0.17449,0.00362,0.08470,0.00000,0.06609,0.44139
2026-09-13T14:45:10.337,1789285510.338,,1.7761,63.9,1500,8145,0.0,0x80000,0.00311,0.22017,0.20906,0.32271,0.00262,0.00483,0.24187,0.18094,0.08529,0.00000,0.06492,0.44060
2026-09-13T14:45:11.364,1789285511.364,,1.9056,63.4,1500,8145,0.0,0x80000,0.00312,0.21577,0.20691,0.36855,0.00241,0.00483,0.29256,0.22025,0.08611,0.00000,0.06389,0.44124
2026-09-13T14:45:12.390,1789285512.391,,1.5894,63.4,1500,8141,0.5,0x80000,0.00311,0.21695,0.20996,0.32448,0.00282,0.00242,0.17667,0.05060,0.09700,0.00029,0.06414,0.44092
2026-09-13T14:45:13.418,1789285513.418,,1.5741,63.9,1500,8143,0.0,0x80000,0.00302,0.21607,0.20612,0.32448,0.00342,0.00322,0.17717,0.05049,0.08916,0.00000,0.06675,0.43424
2026-09-13T14:45:14.445,1789285514.445,,1.5450,62.2,1500,8145,0.2,0x80000,0.00302,0.22017,0.20788,0.31800,0.00282,0.00282,0.15423,0.05050,0.07783,0.00000,0.06665,0.44108
2026-09-13T14:45:15.472,1789285515.473,,1.5536,61.7,1500,8147,0.0,0x80000,0.00302,0.21577,0.20733,0.31576,0.00282,0.00242,0.15753,0.05796,0.08973,0.00000,0.06684,0.43439
2026-09-13T14:45:16.500,1789285516.500,,1.5309,63.4,1500,8143,0.2,0x80000,0.00311,0.21783,0.22115,0.32271,0.00402,0.00222,0.17054,0.00000,0.08875,0.00000,0.06603,0.43455
2026-09-13T14:45:17.527,1789285517.528,,1.7176,63.4,1500,8127,2.0,0x80000,0.00316,0.22563,0.21763,0.31576,0.00322,0.00323,0.17994,0.18072,0.08197,0.00000,0.06544,0.44092
2026-09-13T14:45:18.554,1789285518.554,,1.8285,63.4,1500,6606,0.0,0x80000,0.00312,0.21773,0.31559,0.32274,0.00322,0.00322,0.17647,0.18031,0.09167,0.00000,0.06599,0.44840
2026-09-13T14:45:19.580,1789285519.581,,1.5410,62.2,1500,6417,0.0,0x80000,0.00311,0.21617,0.20767,0.31418,0.00241,0.00242,0.21862,0.00362,0.06847,0.00000,0.06976,0.43455
2026-09-13T14:45:20.608,1789285520.608,,1.5788,62.2,1500,6404,0.0,0x80000,0.00302,0.21929,0.20875,0.32099,0.00322,0.00483,0.18075,0.04689,0.08631,0.00000,0.06412,0.44060
2026-09-13T14:45:21.635,1789285521.635,,1.5957,63.9,1500,6404,0.0,0x80000,0.00297,0.21813,0.20840,0.32980,0.00322,0.00322,0.18356,0.05777,0.08829,0.00030,0.06609,0.43393
2026-09-13T14:45:22.662,1789285522.662,,1.5595,63.4,1500,6404,0.2,0x80000,0.00307,0.21663,0.20646,0.32625,0.00261,0.00322,0.16387,0.05061,0.08501,0.00000,0.06722,0.43455
2026-09-13T14:45:23.689,1789285523.690,,1.7220,63.9,1500,6400,0.0,0x80000,0.00297,0.21773,0.20760,0.32448,0.00322,0.00323,0.17449,0.20195,0.08608,0.00030,0.06599,0.43393
2026-09-13T14:45:24.716,1789285524.717,,1.6934,63.4,1500,6404,0.0,0x80000,0.00311,0.21967,0.20854,0.32271,0.00322,0.00242,0.17672,0.16663,0.09237,0.00000,0.07046,0.42756
2026-09-13T14:45:25.743,1789285525.743,,1.5877,62.8,1500,6406,0.2,0x80000,0.00306,0.21725,0.22059,0.32625,0.00262,0.00483,0.16401,0.06134,0.08733,0.00000,0.06615,0.43424
2026-09-13T14:45:26.769,1789285526.770,,1.5066,62.8,1500,6400,0.2,0x80000,0.00302,0.21713,0.20660,0.32117,0.00261,0.00322,0.16755,0.00000,0.08676,0.00000,0.06417,0.43439
2026-09-13T14:45:27.796,1789285527.796,,1.7440,63.4,1500,6387,2.4,0x80000,0.00297,0.21636,0.20799,0.32117,0.00282,0.00282,0.21540,0.18433,0.08651,0.00000,0.06971,0.43393
2026-09-13T14:45:28.823,1789285528.824,,1.7120,62.8,1500,6393,0.0,0x80000,0.00307,0.21823,0.20788,0.31766,0.00282,0.00282,0.17667,0.20560,0.07847,0.00000,0.06475,0.43408
2026-09-13T14:45:29.851,1789285529.851,,1.5821,62.2,1500,6391,0.2,0x80000,0.00311,0.21939,0.20767,0.31925,0.00402,0.00222,0.18398,0.05424,0.08934,0.00000,0.06422,0.43471
2026-09-13T14:45:30.878,1789285530.879,,2.0119,63.4,1500,6392,0.2,0x80000,0.00311,0.21695,0.27869,0.32811,0.00282,0.00242,0.19916,0.06143,0.08274,0.00000,0.06395,0.77250
2026-09-13T14:45:31.905,1789285531.905,,1.9800,63.4,1500,6393,0.0,0x80000,0.00302,0.29434,0.20680,0.33237,0.00282,0.00222,0.16401,0.05074,0.09346,0.00000,0.06594,0.76431
2026-09-13T14:45:32.931,1789285532.932,,1.9886,62.8,1500,6388,0.0,0x80000,0.00311,0.21343,0.27795,0.32989,0.00282,0.00242,0.20249,0.04692,0.08600,0.00059,0.06597,0.75703
2026-09-13T14:45:33.961,1789285533.962,,1.6873,62.2,1500,6385,0.0,0x80000,0.00312,0.21373,0.20854,0.32310,0.00241,0.00222,0.16793,0.18804,0.07763,0.00000,0.06599,0.43455
2026-09-13T14:45:34.988,1789285534.988,,1.6878,62.2,1500,6376,0.0,0x80000,0.00302,0.22065,0.20552,0.31750,0.00262,0.00483,0.16410,0.18112,0.09020,0.00000,0.06416,0.43408
2026-09-13T14:45:36.014,1789285536.015,,1.5223,62.8,1500,6376,0.2,0x80000,0.00311,0.21841,0.20982,0.32271,0.00261,0.00322,0.17672,0.00362,0.08739,0.00000,0.06677,0.42786
2026-09-13T14:45:37.041,1789285537.041,,1.5204,62.2,1500,6374,0.0,0x80000,0.00311,0.21773,0.20673,0.32093,0.00242,0.00242,0.17667,0.00362,0.08614,0.00000,0.06608,0.43455
2026-09-13T14:45:38.067,1789285538.068,,1.7169,62.2,1500,6373,2.7,0x80000,0.00331,0.21693,0.21914,0.31863,0.00282,0.00222,0.16084,0.20607,0.08681,0.00000,0.06604,0.43408
2026-09-13T14:45:39.094,1789285539.094,,1.8900,63.4,1500,6374,0.2,0x80000,0.00306,0.21793,0.20545,0.37333,0.00241,0.00242,0.29528,0.19914,0.08704,0.00000,0.06969,0.43424
2026-09-13T14:45:40.120,1789285540.121,,1.7279,62.8,1500,6370,0.0,0x80000,0.00307,0.22444,0.20477,0.32099,0.00282,0.00282,0.19322,0.04697,0.08803,0.00000,0.06670,0.57412
2026-09-13T14:45:41.147,1789285541.147,,1.8120,62.2,1500,6373,0.0,0x80000,0.00306,0.21783,0.31583,0.31750,0.00342,0.00322,0.18075,0.19859,0.07310,0.00059,0.06414,0.43393
2026-09-13T14:45:42.173,1789285542.174,,1.7354,61.1,1500,6364,0.0,0x80000,0.00307,0.21959,0.20847,0.32099,0.00342,0.00322,0.18382,0.20916,0.09066,0.00000,0.06540,0.42756
2026-09-13T14:45:43.200,1789285543.200,,1.7084,62.8,1500,6366,0.0,0x80000,0.00297,0.22200,0.22188,0.32151,0.00282,0.00282,0.17687,0.18415,0.07884,0.00000,0.06665,0.42786
2026-09-13T14:45:44.226,1789285544.227,,1.5242,62.8,1500,6366,0.2,0x80000,0.00297,0.21733,0.20854,0.32661,0.00282,0.00282,0.17025,0.00362,0.08829,0.00000,0.06672,0.43424
2026-09-13T14:45:45.253,1789285545.253,,1.5484,61.1,1500,6362,0.0,0x80000,0.00302,0.21821,0.20781,0.31593,0.00282,0.00282,0.20956,0.00000,0.09335,0.00089,0.06672,0.42725
2026-09-13T14:45:46.280,1789285546.281,,1.4959,61.7,1500,6366,0.0,0x80000,0.00302,0.21480,0.20809,0.32099,0.00282,0.00282,0.16102,0.00721,0.07473,0.00000,0.06606,0.43439
2026-09-13T14:45:47.307,1789285547.308,,1.6367,62.8,1500,6365,0.0,0x80000,0.00312,0.29539,0.20875,0.32171,0.00282,0.00201,0.16415,0.05074,0.08648,0.00000,0.06729,0.43424
2026-09-13T14:45:48.335,1789285548.335,,1.7304,62.2,1500,6353,2.2,0x80000,0.00311,0.21959,0.20982,0.32271,0.00322,0.00322,0.17657,0.21643,0.08233,0.00000,0.06609,0.42725
2026-09-13T14:45:49.361,1789285549.362,,1.7005,61.7,1500,6355,0.2,0x80000,0.00307,0.21773,0.20660,0.32274,0.00261,0.00242,0.16396,0.20555,0.08571,0.00000,0.06289,0.42725
2026-09-13T14:45:50.389,1789285550.389,,1.5576,62.2,1500,6353,0.0,0x80000,0.00311,0.21939,0.20740,0.32448,0.00322,0.00483,0.16396,0.05071,0.08072,0.00000,0.06557,0.43424
2026-09-13T14:45:51.416,1789285551.417,,1.5263,61.7,1500,6353,0.2,0x80000,0.00306,0.21539,0.20868,0.32093,0.00282,0.00242,0.18029,0.00721,0.08447,0.00059,0.06608,0.43439
2026-09-13T14:45:52.444,1789285552.444,,1.6125,61.1,1500,6357,0.0,0x80000,0.00312,0.30705,0.20767,0.32485,0.00241,0.00484,0.17375,0.01082,0.08591,0.00000,0.06417,0.42786
2026-09-13T14:45:53.471,1789285553.472,,1.5012,62.8,1500,6354,0.0,0x80000,0.00307,0.21695,0.20625,0.32448,0.00402,0.00242,0.16075,0.00000,0.08973,0.00000,0.06547,0.42802
2026-09-13T14:45:54.498,1789285554.499,,1.6822,62.2,1500,6349,0.5,0x80000,0.00321,0.21617,0.20397,0.32099,0.00342,0.00242,0.17078,0.18396,0.08922,0.00000,0.06672,0.42133
2026-09-13T14:45:55.526,1789285555.526,,1.7133,61.7,1500,6346,0.0,0x80000,0.00312,0.22115,0.20826,0.32741,0.00282,0.00242,0.18009,0.19874,0.08429,0.00000,0.06414,0.42088
2026-09-13T14:45:56.552,1789285556.553,,1.7977,61.7,1500,6345,0.0,0x80000,0.00302,0.21861,0.21270,0.32349,0.00261,0.00483,0.25077,0.20963,0.07842,0.00000,0.06604,0.42756
2026-09-13T14:45:57.580,1789285557.580,,1.5337,61.1,1500,6347,0.0,0x80000,0.00311,0.21695,0.20767,0.31576,0.00241,0.00322,0.16401,0.05411,0.07351,0.00000,0.06544,0.42756
2026-09-13T14:45:58.607,1789285558.608,,1.7104,61.7,1500,6337,2.2,0x80000,0.00312,0.21645,0.21858,0.32117,0.00282,0.00222,0.15771,0.20921,0.08745,0.00000,0.06417,0.42756
2026-09-13T14:45:59.635,1789285559.635,,1.6996,61.7,1500,6342,0.2,0x80000,0.00302,0.21783,0.21785,0.32274,0.00261,0.00242,0.16461,0.19527,0.08288,0.00000,0.06284,0.42756
2026-09-13T14:46:00.661,1789285560.662,,1.7520,61.1,1500,6345,0.0,0x80000,0.00312,0.22356,0.20698,0.32485,0.00241,0.00483,0.17059,0.24271,0.08540,0.00000,0.06603,0.42148
2026-09-13T14:46:01.689,1789285561.689,,1.6086,60.6,1500,6343,0.0,0x80000,0.00307,0.21851,0.28005,0.32134,0.00241,0.00322,0.20271,0.00000,0.07834,0.00000,0.06424,0.43471
2026-09-13T14:46:02.716,1789285562.716,,1.5209,61.7,1500,6343,0.0,0x80000,0.00317,0.21705,0.20840,0.32485,0.00241,0.00222,0.18387,0.00000,0.08745,0.00000,0.06419,0.42725
2026-09-13T14:46:03.742,1789285563.743,,1.5455,62.8,1500,6341,0.2,0x80000,0.00316,0.21617,0.20996,0.31593,0.00241,0.00242,0.16410,0.05059,0.08716,0.00000,0.06606,0.42756
2026-09-13T14:46:04.769,1789285564.769,,1.6841,61.1,1500,6337,0.0,0x80000,0.00292,0.21723,0.20809,0.31698,0.00241,0.00242,0.16443,0.19498,0.08934,0.00000,0.06409,0.42118
2026-09-13T14:46:05.796,1789285565.797,,1.7397,62.2,1500,6335,0.0,0x80000,0.00312,0.27067,0.20760,0.31941,0.00241,0.00322,0.16751,0.20989,0.06736,0.00000,0.06729,0.42118
2026-09-13T14:46:06.824,1789285566.824,,1.5650,61.7,1500,6334,0.0,0x80000,0.00312,0.22132,0.20767,0.32349,0.00282,0.00222,0.17732,0.05420,0.08797,0.00000,0.06365,0.42118
2026-09-13T14:46:07.851,1789285567.852,,1.5555,61.1,1500,6334,0.0,0x80000,0.00311,0.22200,0.20477,0.31916,0.00302,0.00242,0.17371,0.05071,0.08390,0.00000,0.06518,0.42756
2026-09-13T14:46:08.879,1789285568.879,,2.1709,61.7,1500,6327,2.2,0x80000,0.00311,0.21763,0.34245,0.32099,0.00261,0.00242,0.18741,0.18757,0.07747,0.00000,0.06471,0.76454
2026-09-13T14:46:09.972,1789285569.973,,1.7686,61.1,1500,6331,0.0,0x80000,0.00302,0.21617,0.23258,0.31576,0.00262,0.00242,0.16708,0.18804,0.08922,0.00000,0.06417,0.48751
2026-09-13T14:46:11.001,1789285571.002,,1.6773,61.7,1500,6335,0.2,0x80000,0.00297,0.21803,0.21090,0.32448,0.00282,0.00242,0.17978,0.16672,0.08272,0.00000,0.06609,0.42042
2026-09-13T14:46:12.029,1789285572.029,,1.5665,62.8,1500,6334,0.0,0x80000,0.00311,0.21547,0.20875,0.32448,0.00402,0.00222,0.18320,0.05074,0.08756,0.00000,0.06608,0.42088
2026-09-13T14:46:13.055,1789285573.056,,1.5756,61.1,1500,6327,0.0,0x80000,0.00287,0.21803,0.21319,0.32448,0.00322,0.00322,0.17712,0.05049,0.08853,0.00000,0.06658,0.42786
2026-09-13T14:46:14.082,1789285574.082,,1.6197,61.1,1500,6326,0.5,0x80000,0.00297,0.21861,0.20896,0.32349,0.00262,0.00483,0.19043,0.09034,0.09237,0.00000,0.06421,0.42088
2026-09-13T14:46:15.108,1789285575.109,,1.5514,60.6,1500,6327,0.2,0x80000,0.00297,0.21851,0.20948,0.31679,0.00261,0.00322,0.17366,0.05049,0.08829,0.00000,0.06422,0.42118
2026-09-13T14:46:16.135,1789285576.136,,1.4758,61.7,1500,6325,0.0,0x80000,0.00316,0.21783,0.20660,0.31576,0.00402,0.00242,0.15744,0.00000,0.08475,0.00000,0.06296,0.42088
2026-09-13T14:46:17.162,1789285577.162,,1.4965,61.7,1500,6327,0.2,0x80000,0.00311,0.21703,0.20760,0.31750,0.00322,0.00322,0.17994,0.00000,0.08733,0.00000,0.06294,0.41464
2026-09-13T14:46:18.189,1789285578.190,,1.6527,62.2,1500,6326,0.0,0x80000,0.00312,0.22122,0.33282,0.31739,0.00261,0.00242,0.17989,0.00000,0.08919,0.00030,0.06978,0.43393
2026-09-13T14:46:19.217,1789285579.217,,1.7604,60.6,1500,6321,2.2,0x80000,0.00297,0.29499,0.20781,0.31942,0.00241,0.00242,0.18341,0.17693,0.08492,0.00000,0.06414,0.42103
2026-09-13T14:46:20.244,1789285580.245,,1.8089,62.8,1500,6318,0.0,0x80000,0.00297,0.21803,0.22812,0.32271,0.00241,0.00222,0.25041,0.20921,0.08180,0.00029,0.06971,0.42103
2026-09-13T14:46:21.272,1789285581.272,,1.5459,61.1,1500,6319,0.0,0x80000,0.00311,0.21733,0.21951,0.31576,0.00261,0.00242,0.16784,0.04712,0.08515,0.00000,0.06422,0.42088
2026-09-13T14:46:22.299,1789285582.300,,1.5635,61.1,1500,6323,0.2,0x80000,0.00307,0.21705,0.21893,0.32093,0.00322,0.00322,0.17366,0.05049,0.08551,0.00000,0.06606,0.42133
2026-09-13T14:46:23.327,1789285583.327,,1.7193,60.6,1500,6319,0.2,0x80000,0.00302,0.21441,0.21104,0.37158,0.00342,0.00322,0.29314,0.04343,0.08495,0.00000,0.06281,0.42833
2026-09-13T14:46:24.353,1789285584.353,,1.7251,61.1,1500,6318,0.0,0x80000,0.00311,0.21939,0.20680,0.32448,0.00262,0.00322,0.18931,0.20195,0.08864,0.00000,0.06427,0.42133
2026-09-13T14:46:25.380,1789285585.381,,1.6865,61.1,1500,6323,0.0,0x80000,0.00316,0.21773,0.20444,0.32527,0.00242,0.00322,0.18652,0.17719,0.08577,0.00000,0.06670,0.41405
2026-09-13T14:46:26.408,1789285586.408,,1.5481,61.1,1500,6319,0.2,0x80000,0.00306,0.21793,0.20605,0.32625,0.00322,0.00242,0.20558,0.00722,0.09081,0.00000,0.06426,0.42133
2026-09-13T14:46:27.435,1789285587.436,,1.4963,60.6,1500,6323,0.0,0x80000,0.00311,0.22037,0.20847,0.32210,0.00282,0.00242,0.16461,0.00000,0.09164,0.00000,0.06609,0.41464
2026-09-13T14:46:28.462,1789285588.462,,1.6186,61.1,1500,6314,0.0,0x80000,0.00311,0.21733,0.28103,0.32271,0.00301,0.00242,0.21201,0.00000,0.08340,0.00000,0.06604,0.42756
2026-09-13T14:46:29.488,1789285589.489,,1.8572,60.0,1500,6309,2.4,0x80000,0.00302,0.21695,0.20625,0.31916,0.00262,0.00483,0.17999,0.20581,0.08605,0.00000,0.06409,0.56846
2026-09-13T14:46:30.516,1789285590.516,,1.7044,60.0,1500,6315,0.0,0x80000,0.00302,0.21695,0.20673,0.32980,0.00261,0.00322,0.16392,0.20509,0.08551,0.00000,0.06670,0.42088
2026-09-13T14:46:31.542,1789285591.543,,1.6853,61.1,1500,6311,0.0,0x80000,0.00311,0.21480,0.20660,0.32271,0.00282,0.00222,0.15740,0.20200,0.08676,0.00000,0.06604,0.42088
2026-09-13T14:46:32.569,1789285592.569,,1.7110,60.6,1500,6314,0.0,0x80000,0.00312,0.21811,0.20916,0.32564,0.00262,0.00322,0.16788,0.20628,0.08832,0.00000,0.06545,0.42118
2026-09-13T14:46:33.596,1789285593.597,,1.5259,60.6,1500,6315,0.0,0x80000,0.00312,0.21803,0.21785,0.32213,0.00282,0.00242,0.16392,0.02525,0.08563,0.00000,0.06421,0.42058
2026-09-13T14:46:34.623,1789285594.624,,1.6958,61.1,1500,6309,0.2,0x80000,0.00312,0.21236,0.21700,0.32102,0.00282,0.00222,0.17126,0.18804,0.08722,0.00000,0.06978,0.42103
2026-09-13T14:46:35.651,1789285595.651,,1.7136,60.0,1500,6311,0.0,0x80000,0.00297,0.21773,0.23135,0.31958,0.00241,0.00222,0.17410,0.18790,0.09063,0.00000,0.06353,0.42118
2026-09-13T14:46:36.678,1789285596.679,,1.6764,60.6,1500,6307,0.0,0x80000,0.00312,0.21733,0.20660,0.32171,0.00262,0.00242,0.16392,0.18429,0.08716,0.00000,0.06608,0.42118
2026-09-13T14:46:37.706,1789285597.706,,1.7025,60.0,1500,6309,0.0,0x80000,0.00311,0.22044,0.20463,0.32448,0.00261,0.00222,0.16723,0.20974,0.09030,0.00000,0.06352,0.41420
2026-09-13T14:46:38.733,1789285598.734,,1.6682,61.1,1500,6311,0.5,0x80000,0.00307,0.21773,0.28192,0.32099,0.00261,0.00322,0.20576,0.05077,0.08429,0.00000,0.06984,0.42802
2026-09-13T14:46:39.761,1789285599.761,,1.7883,61.1,1500,6299,2.0,0x80000,0.00311,0.29590,0.20660,0.32457,0.00241,0.00322,0.18652,0.20276,0.07816,0.00000,0.06414,0.42088
2026-09-13T14:46:40.788,1789285600.789,,1.9374,60.6,1500,6302,0.2,0x80000,0.00321,0.21861,0.20747,0.32271,0.00322,0.00322,0.25470,0.20250,0.08913,0.00000,0.06416,0.56846
2026-09-13T14:46:41.816,1789285601.816,,1.5143,60.6,1500,6307,0.0,0x80000,0.00312,0.22027,0.20747,0.31811,0.00241,0.00322,0.18984,0.00362,0.08751,0.00000,0.06424,0.41449
2026-09-13T14:46:42.842,1789285602.843,,1.5172,60.6,1500,6310,0.2,0x80000,0.00312,0.21715,0.20573,0.32099,0.00261,0.00242,0.16746,0.01809,0.09513,0.00000,0.06984,0.41464
2026-09-13T14:46:43.873,1789285603.874,,1.9572,61.7,1500,6305,0.0,0x80000,0.00307,0.27626,0.21843,0.32448,0.00262,0.00242,0.16084,0.02526,0.08620,0.00000,0.06853,0.78914
2026-09-13T14:46:44.900,1789285604.900,,4.0047,61.1,1500,6311,0.2,0x80000,0.00312,0.21997,0.20673,0.32882,0.00282,0.00222,0.16401,0.00000,0.08739,0.00000,0.06597,2.92365
2026-09-13T14:46:45.926,1789285605.927,,1.9265,60.6,1500,6313,0.0,0x80000,0.00307,0.21607,0.20733,0.32704,0.00282,0.00222,0.22215,0.05074,0.08922,0.00000,0.06539,0.74042
2026-09-13T14:46:46.956,1789285606.957,,1.6541,61.1,1500,6311,0.2,0x80000,0.00302,0.21861,0.23027,0.32033,0.00402,0.00242,0.16401,0.09129,0.09137,0.00000,0.06729,0.46146
2026-09-13T14:46:47.983,1789285607.983,,1.7294,61.1,1500,6310,0.0,0x80000,0.00306,0.21695,0.20600,0.32102,0.00262,0.00322,0.19689,0.20602,0.08501,0.00000,0.06727,0.42133
2026-09-13T14:46:49.010,1789285609.011,,1.7314,61.1,1500,6298,0.0,0x80000,0.00312,0.22037,0.20491,0.31688,0.00241,0.00322,0.19290,0.21325,0.08577,0.00000,0.06729,0.42133
2026-09-13T14:46:50.038,1789285610.038,,1.7422,60.0,1500,6295,2.0,0x80000,0.00316,0.21655,0.22942,0.32093,0.00403,0.00242,0.20680,0.18442,0.08637,0.00030,0.06651,0.42133
2026-09-13T14:46:51.064,1789285611.065,,2.0849,60.6,1500,6303,0.2,0x80000,0.00312,0.29407,0.20411,0.37720,0.00241,0.00322,0.29231,0.18442,0.08981,0.00000,0.06660,0.56765
2026-09-13T14:46:52.092,1789285612.092,,1.4834,59.5,1500,6299,0.0,0x80000,0.00306,0.21627,0.20465,0.32093,0.00261,0.00322,0.16066,0.00361,0.08577,0.00000,0.06797,0.41464
2026-09-13T14:46:53.119,1789285613.119,,1.5091,60.6,1500,6299,0.2,0x80000,0.00311,0.21725,0.20875,0.31916,0.00403,0.00242,0.17346,0.00361,0.09024,0.00029,0.06545,0.42133
2026-09-13T14:46:54.247,1789285614.248,,1.4943,60.6,1500,6298,0.0,0x80000,0.00302,0.22610,0.20646,0.32038,0.00241,0.00322,0.16479,0.00000,0.08826,0.00000,0.06608,0.41360
2026-09-13T14:46:55.274,1789285615.275,,1.4818,60.6,1500,6301,0.2,0x80000,0.00306,0.21285,0.20625,0.31750,0.00322,0.00222,0.16396,0.00000,0.08759,0.00000,0.06424,0.42088
2026-09-13T14:46:56.301,1789285616.301,,1.6763,60.0,1500,6302,0.0,0x80000,0.00312,0.21773,0.20552,0.31916,0.00402,0.00222,0.16713,0.18776,0.08937,0.00000,0.06611,0.41420
2026-09-13T14:46:57.328,1789285617.329,,1.7113,60.6,1500,6298,0.0,0x80000,0.00331,0.21929,0.20444,0.32093,0.00181,0.00242,0.16387,0.20638,0.08835,0.00000,0.06608,0.43439
2026-09-13T14:46:58.356,1789285618.356,,1.5788,60.0,1500,6301,0.0,0x80000,0.00297,0.23209,0.20833,0.32625,0.00241,0.00222,0.18351,0.06132,0.08127,0.00000,0.06424,0.41420
2026-09-13T14:46:59.383,1789285619.383,,1.7014,60.0,1500,6297,0.2,0x80000,0.00302,0.21470,0.20733,0.36809,0.00261,0.00221,0.28812,0.05049,0.08506,0.00000,0.06539,0.41435
2026-09-13T14:47:00.410,1789285620.411,,1.6910,60.6,1500,6293,2.4,0x80000,0.00312,0.21558,0.20660,0.32811,0.00282,0.00242,0.15749,0.20628,0.08996,0.00000,0.06414,0.41449
2026-09-13T14:47:01.438,1789285621.438,,1.6727,59.5,1500,6294,0.0,0x80000,0.00292,0.21655,0.20847,0.32625,0.00241,0.00242,0.16387,0.18470,0.08551,0.00000,0.06542,0.41420
2026-09-13T14:47:02.464,1789285622.465,,1.4906,60.6,1500,6291,0.0,0x80000,0.00302,0.21343,0.20733,0.32625,0.00322,0.00483,0.15802,0.00000,0.08707,0.00000,0.06609,0.42133
2026-09-13T14:47:03.491,1789285623.491,,1.5263,60.6,1500,6301,0.0,0x80000,0.00312,0.21871,0.23096,0.32171,0.00262,0.00322,0.16401,0.01083,0.09081,0.00000,0.06563,0.41464
2026-09-13T14:47:04.517,1789285624.518,,1.5815,59.5,1500,6297,0.2,0x80000,0.00317,0.21783,0.21104,0.31576,0.00262,0.00322,0.26005,0.00000,0.08335,0.00000,0.06982,0.41464
2026-09-13T14:47:05.545,1789285625.545,,1.7171,60.0,1500,6298,0.0,0x80000,0.00307,0.21733,0.20411,0.32457,0.00282,0.00222,0.18958,0.20942,0.08340,0.00000,0.06611,0.41449
2026-09-13T14:47:06.572,1789285626.573,,1.6942,60.6,1500,6295,0.2,0x80000,0.00302,0.21773,0.20816,0.31739,0.00262,0.00242,0.21577,0.19839,0.04832,0.00000,0.06545,0.41494
2026-09-13T14:47:07.599,1789285627.600,,1.5152,60.0,1500,6295,0.0,0x80000,0.00312,0.21861,0.21305,0.31384,0.00261,0.00322,0.17687,0.04714,0.04515,0.00059,0.06969,0.42133
2026-09-13T14:47:08.627,1789285628.627,,1.4814,60.0,1500,6299,0.0,0x80000,0.00297,0.21695,0.20781,0.31384,0.00261,0.00322,0.16373,0.04703,0.04307,0.00000,0.06547,0.41464
2026-09-13T14:47:09.653,1789285629.654,,1.4718,60.0,1500,6295,0.0,0x80000,0.00312,0.21537,0.20854,0.30594,0.00282,0.00242,0.16382,0.04331,0.04540,0.00000,0.06611,0.41494
2026-09-13T14:47:10.781,1789285630.781,,1.6343,60.6,1500,6295,2.0,0x80000,0.00311,0.21529,0.20948,0.30729,0.00241,0.00242,0.16765,0.20276,0.04739,0.00000,0.06291,0.41360
2026-09-13T14:47:11.807,1789285631.808,,1.6542,60.0,1500,6289,0.0,0x80000,0.00316,0.21909,0.20518,0.31030,0.00322,0.00322,0.17682,0.20968,0.03987,0.00000,0.06980,0.41390
2026-09-13T14:47:12.834,1789285632.834,,1.6486,60.0,1500,6294,0.5,0x80000,0.00312,0.21783,0.20660,0.31638,0.00242,0.00322,0.16079,0.20612,0.05032,0.00000,0.06729,0.41449
2026-09-13T14:47:13.860,1789285633.861,,1.4416,59.0,1500,6290,0.0,0x80000,0.00302,0.22309,0.20591,0.30768,0.00241,0.00322,0.16456,0.00362,0.04109,0.00000,0.06611,0.42088
2026-09-13T14:47:14.890,1789285634.891,,1.7660,60.6,1500,6297,0.0,0x80000,0.00302,0.21967,0.20733,0.30768,0.00241,0.00322,0.17375,0.00361,0.03665,0.00029,0.06729,0.74109
2026-09-13T14:47:15.917,1789285635.917,,1.8922,60.6,1500,6295,0.0,0x80000,0.00312,0.21783,0.21485,0.31282,0.00282,0.00222,0.16741,0.01449,0.14942,0.00000,0.06699,0.74020
2026-09-13T14:47:16.945,1789285636.946,,1.7098,60.0,1500,6298,0.0,0x80000,0.00307,0.29522,0.20552,0.30794,0.00241,0.00201,0.16443,0.20296,0.04750,0.00000,0.06419,0.41449
2026-09-13T14:47:17.972,1789285637.972,,1.6283,60.0,1500,6295,0.0,0x80000,0.00302,0.22115,0.20760,0.30683,0.00362,0.00222,0.15798,0.20628,0.03953,0.00000,0.06622,0.41390
2026-09-13T14:47:18.998,1789285638.999,,1.4899,59.0,1500,6298,0.0,0x80000,0.00312,0.21421,0.21736,0.30813,0.00282,0.00221,0.18009,0.04712,0.04151,0.00000,0.06556,0.40781
2026-09-13T14:47:20.026,1789285640.026,,1.4894,60.0,1500,6299,0.2,0x80000,0.00311,0.21693,0.23042,0.30852,0.00261,0.00483,0.16401,0.03614,0.03734,0.00000,0.07108,0.41435
2026-09-13T14:47:21.052,1789285641.053,,1.6507,59.0,1500,6281,2.2,0x80000,0.00297,0.21705,0.20625,0.30852,0.00262,0.00322,0.18320,0.21351,0.03337,0.00000,0.06545,0.41449
2026-09-13T14:47:22.079,1789285642.080,,1.6258,60.0,1500,6282,0.0,0x80000,0.00312,0.22044,0.20390,0.31282,0.00282,0.00242,0.19916,0.17710,0.02377,0.00000,0.06601,0.41420
2026-09-13T14:47:23.107,1789285643.107,,1.4786,60.0,1500,6286,0.2,0x80000,0.00312,0.21733,0.20625,0.30704,0.00261,0.00242,0.21267,0.01082,0.03871,0.00000,0.06982,0.40781
2026-09-13T14:47:24.134,1789285644.135,,1.4251,60.0,1500,6295,0.0,0x80000,0.00306,0.21695,0.20799,0.30852,0.00261,0.00322,0.16387,0.00361,0.04192,0.00000,0.06615,0.40722
2026-09-13T14:47:25.161,1789285645.161,,1.4449,60.0,1500,6291,0.0,0x80000,0.00312,0.22115,0.20584,0.31030,0.00282,0.00222,0.16746,0.00724,0.04300,0.00000,0.06739,0.41435
2026-09-13T14:47:26.187,1789285646.188,,1.6612,59.5,1500,6286,0.0,0x80000,0.00297,0.21675,0.20411,0.30529,0.00402,0.00242,0.20570,0.20581,0.04324,0.00000,0.06294,0.40796
2026-09-13T14:47:27.214,1789285647.215,,1.6208,60.0,1500,6281,0.2,0x80000,0.00302,0.21314,0.21535,0.31038,0.00282,0.00242,0.16382,0.20602,0.03243,0.00000,0.06362,0.40781
2026-09-13T14:47:28.242,1789285648.242,,1.5635,59.5,1500,6289,0.2,0x80000,0.00312,0.29733,0.21807,0.30683,0.00262,0.00322,0.16075,0.04339,0.04730,0.00000,0.06609,0.41479
2026-09-13T14:47:29.268,1789285649.269,,1.4838,60.0,1500,6293,0.0,0x80000,0.00311,0.21899,0.20875,0.30704,0.00262,0.00181,0.17672,0.05424,0.03660,0.00000,0.06615,0.40781
2026-09-13T14:47:30.295,1789285650.295,,1.4832,59.5,1500,6290,0.0,0x80000,0.00297,0.21841,0.20767,0.31638,0.00282,0.00222,0.17687,0.04709,0.02802,0.00000,0.06611,0.41464
2026-09-13T14:47:31.321,1789285651.322,,1.6173,60.0,1500,6285,2.2,0x80000,0.00312,0.21470,0.20799,0.30942,0.00282,0.00222,0.17410,0.18081,0.04088,0.00000,0.06674,0.41449
2026-09-13T14:47:32.449,1789285652.450,,1.6474,60.0,1500,6289,0.0,0x80000,0.00297,0.21803,0.23050,0.30988,0.00282,0.00222,0.16708,0.19904,0.03953,0.00000,0.06736,0.40796
2026-09-13T14:47:33.476,1789285653.476,,1.5007,59.5,1500,6286,0.2,0x80000,0.00321,0.21725,0.20660,0.30813,0.00241,0.00201,0.20306,0.04337,0.03652,0.00000,0.06365,0.41449
2026-09-13T14:47:34.502,1789285654.502,,3.2983,61.1,2400,6281,14.4,0x80000,0.00297,0.23291,0.20719,0.35314,0.00242,0.00222,0.16415,0.00000,0.02934,0.00000,0.06538,2.23854
2026-09-13T14:47:35.529,1789285655.529,,2.8032,61.7,2400,6253,26.5,0x80000,0.00297,0.22709,0.20612,0.32159,0.00281,0.00242,0.17999,0.00000,0.07984,0.00118,0.06750,1.71173
2026-09-13T14:47:36.560,1789285656.561,,6.5703,67.2,2400,6180,85.8,0x80000,0.00297,0.22579,0.20444,0.35539,0.00281,0.00282,0.15722,0.00363,0.35389,0.01572,0.06281,5.18280
2026-09-13T14:47:37.592,1789285657.592,,8.6964,67.2,2400,6169,100.0,0x80000,0.00302,0.26936,0.20532,0.36680,0.00281,0.00282,0.15510,0.07236,0.25161,0.00948,0.06415,7.29359
2026-09-13T14:47:38.620,1789285658.621,,6.2295,70.0,2400,7627,98.3,0x80000,0.00306,0.23825,0.20552,0.36663,0.00281,0.00282,0.17375,0.02892,0.32178,0.01416,0.06377,4.80804
2026-09-13T14:47:39.652,1789285659.653,,3.1837,66.7,2400,7970,71.3,0x80000,0.00302,0.24315,0.20788,0.33666,0.00282,0.00242,0.17390,0.21998,0.09798,0.00059,0.06363,1.83171
2026-09-13T14:47:40.679,1789285660.679,,3.0081,63.9,2400,8008,25.1,0x80000,0.00297,0.24159,0.20632,0.35627,0.00241,0.00483,0.19022,0.18402,0.13998,0.00265,0.06621,1.61065
2026-09-13T14:47:41.717,1789285661.717,,6.3733,65.0,2400,7997,33.1,0x80000,0.00297,0.21811,0.33053,0.32989,0.00281,0.00282,0.21225,0.18804,0.09408,0.00000,0.06417,4.92764
2026-09-13T14:47:42.749,1789285662.749,,6.2950,68.3,2400,7909,98.0,0x80000,0.00297,0.22004,0.20605,0.34223,0.00242,0.00322,0.15802,0.18795,0.15541,0.01814,0.06394,4.93467
2026-09-13T14:47:43.780,1789285663.780,,8.8527,70.5,2400,7915,98.5,0x80000,0.00268,0.31762,0.20632,0.35356,0.00241,0.00242,0.17752,0.22793,0.27982,0.00207,0.06358,7.21675
2026-09-13T14:47:44.820,1789285664.821,,5.1112,71.6,2400,7921,100.0,0x80000,0.00311,0.30691,0.20485,0.37579,0.00242,0.00242,0.16084,0.18429,0.45122,0.00561,0.06778,3.34594
2026-09-13T14:47:45.951,1789285665.952,,6.7055,71.0,2400,7915,99.8,0x80000,0.00306,0.30535,0.20868,0.36310,0.00281,0.00242,0.17390,0.24192,0.31305,0.00592,0.06193,5.02333
2026-09-13T14:47:46.989,1789285666.989,,6.2172,72.2,2400,7921,98.2,0x80000,0.00311,0.30449,0.20605,0.33264,0.00282,0.00141,0.25147,0.18804,0.09125,0.00000,0.06261,4.77327
2026-09-13T14:47:48.020,1789285668.020,,4.8819,72.7,2400,7921,98.1,0x80000,0.00301,0.30571,0.20317,0.36173,0.00241,0.00181,0.15807,0.18776,0.28000,0.00564,0.06459,3.30802
2026-09-13T14:47:49.052,1789285669.052,,5.1356,72.7,2400,7919,97.6,0x80000,0.00301,0.30797,0.20552,0.33170,0.00241,0.00181,0.19678,0.20159,0.08701,0.00000,0.06386,3.73396
2026-09-13T14:47:50.092,1789285670.093,,7.6301,71.6,2400,7923,99.5,0x80000,0.00302,0.29238,0.21685,0.40072,0.00261,0.00181,0.15740,0.19498,0.49969,0.02666,0.06464,5.76936
2026-09-13T14:47:51.127,1789285671.127,,9.1057,72.7,2400,7930,98.6,0x80000,0.00297,0.22221,0.20566,0.35451,0.00282,0.00282,0.17707,0.19185,0.34964,0.01061,0.06537,7.52022
2026-09-13T14:47:52.164,1789285672.165,,6.3795,72.7,2400,7934,99.3,0x80000,0.00297,0.23436,0.20740,0.34071,0.00282,0.00282,0.17078,0.21010,0.22842,0.00797,0.06389,4.90726
2026-09-13T14:47:53.196,1789285673.196,,8.5340,73.2,2400,7934,97.6,0x80000,0.00302,0.22501,0.20712,0.39916,0.00282,0.00241,0.17742,0.23085,0.31524,0.01510,0.06353,6.89226
2026-09-13T14:47:54.236,1789285674.237,,5.8300,74.3,2400,7930,97.6,0x80000,0.00297,0.23646,0.20411,0.35288,0.00282,0.00181,0.16406,0.22003,0.24183,0.00413,0.06391,4.33499
2026-09-13T14:47:55.272,1789285675.273,,6.0775,73.8,2400,7938,98.8,0x80000,0.00307,0.22714,0.33572,0.33188,0.00281,0.00141,0.18315,0.00000,0.09146,0.00089,0.06436,4.83557
2026-09-13T14:47:56.304,1789285676.304,,8.6272,73.8,2400,7944,99.5,0x80000,0.00311,0.25795,0.24019,0.38166,0.00282,0.00181,0.24092,0.02531,0.25155,0.00268,0.06545,7.15377
2026-09-13T14:47:57.340,1789285677.341,,6.8072,73.8,2400,7940,99.8,0x80000,0.00311,0.32108,0.20889,0.40760,0.00282,0.00141,0.18024,0.07956,0.35125,0.01353,0.06293,5.17482
2026-09-13T14:47:58.380,1789285678.380,,6.2857,74.3,2400,7951,98.3,0x80000,0.00316,0.24270,0.21965,0.34066,0.00281,0.00141,0.16803,0.03969,0.38135,0.00178,0.06848,4.81601
2026-09-13T14:47:59.411,1789285679.411,,5.3981,74.9,2400,7944,99.3,0x80000,0.00297,0.26179,0.20552,0.35287,0.00282,0.00161,0.16723,0.01449,0.31389,0.00714,0.06202,4.00577
2026-09-13T14:48:00.545,1789285680.545,,8.8176,75.5,2400,7944,97.8,0x80000,0.00302,0.25717,0.21513,0.41287,0.00241,0.00242,0.20300,0.17366,0.48217,0.01099,0.06553,6.98927
2026-09-13T14:48:01.576,1789285681.577,,5.8388,74.9,2400,7957,98.4,0x80000,0.00287,0.28017,0.21807,0.36368,0.00241,0.00242,0.17097,0.18040,0.17203,0.00147,0.06281,4.38149
2026-09-13T14:48:02.616,1789285682.616,,9.3848,75.5,2400,7953,98.6,0x80000,0.00292,0.23657,0.20290,0.40201,0.00302,0.00181,0.18657,0.27462,0.31091,0.00235,0.06543,7.69574
2026-09-13T14:48:03.647,1789285683.648,,6.3588,75.5,2400,7949,98.8,0x80000,0.00297,0.31796,0.20477,0.33688,0.00281,0.00242,0.17020,0.20581,0.18615,0.00000,0.06438,4.86450
2026-09-13T14:48:04.680,1789285684.680,,9.1241,75.5,2400,8613,100.0,0x80000,0.00311,0.31655,0.20927,0.36240,0.00282,0.00241,0.20254,0.18433,0.24211,0.01503,0.06217,7.52139
2026-09-13T14:48:05.716,1789285685.717,,5.6973,75.5,2400,9640,99.5,0x80000,0.00297,0.22075,0.20819,0.32860,0.00282,0.00282,0.17025,0.00000,0.08648,0.00030,0.06445,4.60973
2026-09-13T14:48:06.751,1789285686.752,,5.9977,74.9,2400,9686,98.3,0x80000,0.00302,0.22678,0.20660,0.33626,0.00282,0.00181,0.17025,0.05786,0.09201,0.00000,0.06471,4.83557
2026-09-13T14:48:07.788,1789285687.789,,6.6659,74.3,2400,9686,96.8,0x80000,0.00297,0.22153,0.20819,0.38610,0.00282,0.00181,0.17994,0.06146,0.39396,0.00679,0.06166,5.13870
2026-09-13T14:48:08.823,1789285688.824,,6.0630,76.5,2400,9680,97.6,0x80000,0.00302,0.23936,0.21944,0.34126,0.00281,0.00181,0.17092,0.19859,0.08774,0.00000,0.06407,4.73400
2026-09-13T14:48:09.956,1789285689.957,,6.4248,77.7,2400,9680,98.1,0x80000,0.00302,0.22933,0.27358,0.33439,0.00282,0.00181,0.17366,0.18813,0.11261,0.00267,0.06465,5.03814
2026-09-13T14:48:10.992,1789285690.993,,6.7060,75.5,2400,9711,99.6,0x80000,0.00302,0.33853,0.20673,0.37465,0.00282,0.00161,0.16443,0.00000,0.23709,0.00446,0.06385,5.30878
2026-09-13T14:48:12.028,1789285692.029,,6.4185,76.5,2400,9752,99.3,0x80000,0.00301,0.23700,0.20996,0.35108,0.00302,0.00242,0.17385,0.16996,0.20678,0.00325,0.06224,4.99594
2026-09-13T14:48:13.060,1789285693.061,,7.9421,76.5,2400,9784,94.9,0x80000,0.00306,0.23836,0.20733,0.35108,0.00302,0.00161,0.22897,0.19527,0.13697,0.00623,0.06394,6.50625
2026-09-13T14:48:14.096,1789285694.096,,9.0499,76.5,2400,9794,97.3,0x80000,0.00306,0.27680,0.20896,0.39391,0.00221,0.00282,0.29231,0.19166,0.21995,0.01567,0.06484,7.37774
2026-09-13T14:48:15.132,1789285695.132,,7.0786,76.5,2400,9794,97.8,0x80000,0.00311,0.30435,0.21929,0.36280,0.00282,0.00141,0.16433,0.19166,0.43005,0.01455,0.06267,5.32151
2026-09-13T14:48:16.164,1789285696.164,,9.0587,78.2,2400,9794,99.5,0x80000,0.00301,0.22699,0.20632,0.40163,0.00302,0.00242,0.17410,0.20837,0.51709,0.00944,0.06630,7.23997
2026-09-13T14:48:17.196,1789285697.196,,8.9345,77.7,2400,9756,99.8,0x80000,0.00301,0.22055,0.22137,0.41136,0.00302,0.00242,0.17415,0.22776,0.11609,0.00207,0.06559,7.48715
2026-09-13T14:48:18.228,1789285698.228,,6.3908,78.2,2400,9708,99.8,0x80000,0.00307,0.28704,0.20753,0.33320,0.00302,0.00282,0.19628,0.21325,0.08928,0.00000,0.06496,4.99038
2026-09-13T14:48:19.268,1789285699.268,,6.5654,78.2,2400,9715,97.6,0x80000,0.00302,0.32590,0.20819,0.38831,0.00282,0.00161,0.17025,0.18804,0.37598,0.01716,0.06445,4.81963
2026-09-13T14:48:20.308,1789285700.308,,5.9407,76.5,2400,9724,96.6,0x80000,0.00306,0.26726,0.20545,0.34763,0.00141,0.00282,0.18341,0.06509,0.19571,0.00267,0.06442,4.60177
2026-09-13T14:48:21.340,1789285701.340,,6.5140,76.5,2400,9721,99.0,0x80000,0.00302,0.25371,0.20875,0.35588,0.00301,0.00161,0.17712,0.04336,0.23481,0.00267,0.06791,5.16219
2026-09-13T14:48:22.376,1789285702.376,,6.5220,76.5,2400,9724,98.5,0x80000,0.00287,0.32794,0.21104,0.39663,0.00141,0.00282,0.27939,0.18452,0.23876,0.00443,0.06563,4.80659
2026-09-13T14:48:23.407,1789285703.408,,7.1567,76.0,2400,9715,98.1,0x80000,0.00297,0.25904,0.20996,0.32971,0.00141,0.00242,0.17712,0.17388,0.08506,0.00000,0.06256,5.85257
2026-09-13T14:48:24.441,1789285704.441,,8.3649,77.7,2400,9727,98.8,0x80000,0.00301,0.23379,0.21055,0.35285,0.00282,0.00181,0.17015,0.00000,0.17557,0.00148,0.06126,7.15162
2026-09-13T14:48:25.473,1789285705.473,,8.5926,78.2,2400,9737,97.3,0x80000,0.00302,0.23011,0.20767,0.38831,0.00301,0.00242,0.17366,0.05424,0.21861,0.00207,0.06225,7.24718
2026-09-13T14:48:26.516,1789285706.517,,8.4068,77.7,2400,9727,99.5,0x80000,0.00311,0.26431,0.21900,0.37413,0.00141,0.00241,0.16723,0.21277,0.24186,0.00952,0.06439,6.84662
2026-09-13T14:48:27.543,1789285707.544,,9.4616,78.2,2400,9733,100.0,0x80000,0.00302,0.32578,0.21270,0.40201,0.00281,0.00242,0.17025,0.22782,0.41458,0.01215,0.06417,7.62389
2026-09-13T14:48:28.576,1789285708.576,,8.7226,77.7,2400,9733,99.8,0x80000,0.00331,0.27575,0.20552,0.38205,0.00302,0.00202,0.19938,0.19166,0.44733,0.01033,0.06393,6.93828
2026-09-13T14:48:29.609,1789285709.609,,7.0347,78.8,2400,9733,99.8,0x80000,0.00292,0.28873,0.20673,0.40261,0.00302,0.00241,0.18356,0.21692,0.30672,0.00446,0.06320,5.35338
2026-09-13T14:48:30.645,1789285710.645,,7.5336,78.8,2400,9740,99.5,0x80000,0.00301,0.29238,0.20465,0.34576,0.00302,0.00181,0.16392,0.03978,0.39975,0.02254,0.06632,5.99069
2026-09-13T14:48:31.677,1789285711.677,,6.1115,79.3,2400,9743,99.3,0x80000,0.00297,0.22210,0.20673,0.34659,0.00281,0.00161,0.17702,0.18090,0.13003,0.00089,0.06367,4.77615
2026-09-13T14:48:32.709,1789285712.709,,7.0172,78.8,2400,9756,96.6,0x80000,0.00302,0.29857,0.20747,0.36704,0.00281,0.00241,0.15480,0.23184,0.44840,0.00533,0.06490,5.23064
2026-09-13T14:48:33.745,1789285713.745,,5.9350,78.8,2400,9740,98.1,0x80000,0.00311,0.30173,0.20767,0.32680,0.00221,0.00282,0.16392,0.18747,0.09335,0.00829,0.06498,4.57268
2026-09-13T14:48:34.780,1789285714.781,,6.9661,78.8,2400,9752,98.8,0x80000,0.00311,0.31542,0.21076,0.36704,0.00302,0.00141,0.17712,0.18442,0.27446,0.01426,0.06162,5.35352
2026-09-13T14:48:35.820,1789285715.820,,6.1750,78.8,2400,9749,99.3,0x80000,0.00311,0.23635,0.21003,0.35817,0.00241,0.00241,0.17361,0.00724,0.12410,0.01011,0.06350,4.98392
2026-09-13T14:48:36.848,1789285716.848,,6.3920,79.3,2400,9752,99.5,0x80000,0.00331,0.21451,0.20605,0.33689,0.00302,0.00141,0.17697,0.04347,0.09358,0.00000,0.06299,5.24982
2026-09-13T14:48:37.880,1789285717.880,,9.2224,78.8,2400,9756,96.1,0x80000,0.00306,0.33121,0.22292,0.39186,0.00301,0.00242,0.16364,0.24914,0.37952,0.00413,0.06408,7.40741
2026-09-13T14:48:38.913,1789285718.914,,7.3776,79.3,2400,9762,99.3,0x80000,0.00316,0.22241,0.20788,0.35015,0.00141,0.00282,0.19273,0.20968,0.13959,0.00000,0.06504,5.98272
2026-09-13T14:48:39.953,1789285719.953,,7.4630,79.3,2400,9756,100.0,0x80000,0.00306,0.29807,0.20605,0.36984,0.00302,0.00181,0.17390,0.21282,0.25756,0.02133,0.06384,5.85173
2026-09-13T14:48:40.992,1789285720.992,,8.5866,79.8,2400,9759,100.0,0x80000,0.00311,0.25472,0.34467,0.34940,0.00301,0.00242,0.19284,0.15903,0.29229,0.00591,0.06180,6.91736
2026-09-13T14:48:42.026,1789285722.027,,6.5454,79.3,2400,9759,98.1,0x80000,0.00306,0.24315,0.20639,0.34398,0.00281,0.00161,0.17682,0.19522,0.17928,0.00088,0.06344,5.12878
2026-09-13T14:48:43.056,1789285723.057,,5.6724,78.8,2400,9759,96.8,0x80000,0.00316,0.29278,0.21951,0.40822,0.00301,0.00161,0.16382,0.20942,0.51889,0.01152,0.06212,3.77831
2026-09-13T14:48:44.088,1789285724.089,,6.3528,79.3,2400,9762,99.0,0x80000,0.00302,0.21929,0.20840,0.36112,0.00221,0.00242,0.18979,0.21664,0.24107,0.00946,0.06379,4.83557
2026-09-13T14:48:45.124,1789285725.124,,8.0728,80.4,2400,9762,98.1,0x80000,0.00301,0.26245,0.20740,0.34018,0.00302,0.00201,0.17712,0.04339,0.14254,0.01848,0.06355,6.80961
2026-09-13T14:48:46.150,1789285726.151,,6.5526,80.4,2400,9765,99.0,0x80000,0.00311,0.21997,0.20788,0.38417,0.00302,0.00141,0.16737,0.18804,0.08832,0.00000,0.06340,5.22592
2026-09-13T14:48:47.180,1789285727.180,,8.3006,79.3,2400,9768,97.3,0x80000,0.00302,0.32171,0.20712,0.35364,0.00221,0.00181,0.22140,0.15907,0.30856,0.00948,0.06260,6.64995
2026-09-13T14:48:48.213,1789285728.214,,6.8803,79.8,2400,9771,97.1,0x80000,0.00301,0.23948,0.22827,0.37702,0.00301,0.00181,0.18631,0.21179,0.09146,0.00000,0.06602,5.47214
2026-09-13T14:48:49.244,1789285729.244,,8.4685,79.8,2400,9768,98.1,0x80000,0.00301,0.23947,0.22374,0.36460,0.00302,0.00181,0.15802,0.23097,0.27214,0.00118,0.06202,6.90853
2026-09-13T14:48:50.280,1789285730.281,,9.1586,80.4,2400,9768,99.0,0x80000,0.00311,0.23149,0.20625,0.34223,0.00141,0.00242,0.18024,0.19513,0.16680,0.00502,0.06436,7.76016
2026-09-13T14:48:51.313,1789285731.313,,7.5909,79.3,2400,9768,97.3,0x80000,0.00307,0.31426,0.20653,0.34890,0.00302,0.00242,0.19273,0.20932,0.48715,0.00326,0.06407,5.75619
2026-09-13T14:48:52.348,1789285732.348,,7.4161,80.4,2400,9768,98.3,0x80000,0.00311,0.31591,0.21076,0.34221,0.00301,0.00242,0.17429,0.22776,0.21415,0.00475,0.06244,5.85526
2026-09-13T14:48:53.384,1789285733.385,,7.1191,80.4,2400,9768,98.1,0x80000,0.00331,0.22122,0.20625,0.33689,0.00382,0.00242,0.17742,0.21303,0.16739,0.00000,0.06126,5.72607
2026-09-13T14:48:54.416,1789285734.417,,8.7795,80.4,2400,9771,98.3,0x80000,0.00301,0.26059,0.23673,0.39949,0.00281,0.00181,0.17025,0.21330,0.38389,0.01800,0.06143,7.02822
2026-09-13T14:48:55.448,1789285735.449,,7.7614,81.0,2400,9771,98.5,0x80000,0.00301,0.32456,0.20948,0.39077,0.00301,0.00161,0.17006,0.02169,0.23948,0.01149,0.06256,6.32370
2026-09-13T14:48:56.478,1789285736.478,,3.2705,76.0,2400,9865,60.4,0x80000,0.00301,0.25284,0.20934,0.37342,0.00282,0.00161,0.17449,0.17679,0.27534,0.00444,0.06665,1.72974
2026-09-13T14:48:57.504,1789285737.504,,2.0906,73.8,2400,9900,16.3,0x80000,0.00302,0.22014,0.20982,0.33512,0.00301,0.00242,0.16364,0.16953,0.09033,0.00000,0.06556,0.82800
2026-09-13T14:48:58.530,1789285738.531,,2.3684,72.2,2400,9914,0.0,0x80000,0.00306,0.21705,0.34325,0.32797,0.00302,0.00161,0.22820,0.27080,0.08967,0.00000,0.06368,0.82004
2026-09-13T14:48:59.557,1789285739.557,,2.0981,70.5,2400,9907,0.2,0x80000,0.00312,0.22055,0.20660,0.33314,0.00281,0.00282,0.17405,0.20989,0.09129,0.00000,0.06563,0.78819
2026-09-13T14:49:00.583,1789285740.584,,2.0790,70.5,2400,9914,0.0,0x80000,0.00302,0.21939,0.20982,0.33345,0.00141,0.00141,0.17380,0.21681,0.08089,0.00000,0.06716,0.77180
2026-09-13T14:49:01.609,1789285741.609,,1.9167,69.4,2400,9907,0.0,0x80000,0.00311,0.22163,0.20767,0.32507,0.00281,0.00282,0.16694,0.06147,0.08611,0.00118,0.06559,0.77227
2026-09-13T14:49:02.635,1789285742.635,,1.9247,70.0,2400,9920,0.0,0x80000,0.00297,0.21859,0.22073,0.33557,0.00281,0.00242,0.17449,0.05439,0.08296,0.00000,0.06570,0.76408
2026-09-13T14:49:03.661,1789285743.662,,2.0735,69.4,2400,9907,2.2,0x80000,0.00302,0.21956,0.22274,0.33696,0.00281,0.00242,0.17722,0.19118,0.08498,0.00000,0.06805,0.76454
2026-09-13T14:49:04.687,1789285744.688,,1.7448,68.3,1500,8410,0.0,0x80000,0.00306,0.21725,0.20760,0.32117,0.00281,0.00242,0.16723,0.18031,0.08853,0.00118,0.06587,0.48733
2026-09-13T14:49:05.715,1789285745.715,,1.5617,68.8,1500,8201,0.2,0x80000,0.00297,0.21783,0.20660,0.32432,0.00281,0.00141,0.17054,0.00000,0.09125,0.00000,0.06284,0.48118
2026-09-13T14:49:06.742,1789285746.743,,1.5619,68.8,1500,8198,0.0,0x80000,0.00287,0.22204,0.20781,0.31811,0.00141,0.00121,0.17366,0.00000,0.08946,0.00000,0.06402,0.48135
2026-09-13T14:49:07.770,1789285747.770,,1.6275,67.8,1500,8190,0.2,0x80000,0.00297,0.21861,0.20854,0.32661,0.00281,0.00121,0.17375,0.04714,0.09321,0.00000,0.06535,0.48733
2026-09-13T14:49:08.797,1789285748.798,,1.7536,68.3,1500,8183,0.0,0x80000,0.00301,0.30242,0.20982,0.32117,0.00282,0.00242,0.17737,0.10143,0.08643,0.00000,0.06608,0.48066
2026-09-13T14:49:09.825,1789285749.825,,1.6118,67.2,1500,8183,0.0,0x80000,0.00306,0.21705,0.20899,0.32080,0.00241,0.00322,0.18024,0.05074,0.08551,0.00000,0.06615,0.47364
2026-09-13T14:49:10.852,1789285750.853,,1.7775,67.2,1500,8194,0.0,0x80000,0.00321,0.21753,0.20767,0.32661,0.00241,0.00322,0.17737,0.20989,0.09006,0.00119,0.06414,0.47415
2026-09-13T14:49:11.879,1789285751.880,,2.0940,68.3,1500,8183,0.0,0x80000,0.00311,0.24091,0.20712,0.32448,0.00281,0.00242,0.17054,0.19542,0.07209,0.00000,0.06275,0.81232
2026-09-13T14:49:12.906,1789285752.906,,2.0029,66.7,1500,8185,0.5,0x80000,0.00307,0.21939,0.27681,0.32134,0.00241,0.00242,0.18014,0.00362,0.09158,0.00030,0.06583,0.83596
2026-09-13T14:49:13.936,1789285753.936,,1.7351,68.3,1500,8176,2.7,0x80000,0.00302,0.21811,0.20660,0.31976,0.00282,0.00282,0.17341,0.18022,0.08875,0.00000,0.06551,0.47415
2026-09-13T14:49:14.962,1789285754.963,,1.9294,67.2,1500,8181,0.0,0x80000,0.00287,0.22017,0.22322,0.37446,0.00241,0.00322,0.29503,0.18623,0.08486,0.00000,0.06945,0.46747
2026-09-13T14:49:15.989,1789285755.989,,1.7043,67.2,1500,8178,0.0,0x80000,0.00297,0.30215,0.20719,0.32310,0.00241,0.00242,0.17717,0.05436,0.09254,0.00000,0.06601,0.47398
2026-09-13T14:49:17.016,1789285757.017,,1.5874,67.2,1500,8187,0.0,0x80000,0.00306,0.21861,0.20875,0.32151,0.00282,0.00282,0.19694,0.01450,0.08515,0.00000,0.06592,0.46731
2026-09-13T14:49:18.044,1789285758.044,,1.6219,66.7,1500,8185,0.2,0x80000,0.00302,0.21607,0.20781,0.31958,0.00241,0.00242,0.17073,0.05409,0.11227,0.00000,0.06604,0.46747
2026-09-13T14:49:19.070,1789285759.071,,1.6319,66.7,1500,8174,0.2,0x80000,0.00307,0.21675,0.21090,0.32134,0.00241,0.00322,0.18631,0.06501,0.08907,0.00000,0.06597,0.46781
2026-09-13T14:49:20.097,1789285760.097,,1.6009,66.1,1500,8178,0.0,0x80000,0.00307,0.21617,0.20809,0.32256,0.00282,0.00282,0.18310,0.03970,0.09113,0.00000,0.06417,0.46731
2026-09-13T14:49:21.124,1789285761.125,,1.5512,67.2,1500,8181,0.0,0x80000,0.00311,0.22007,0.20767,0.32099,0.00302,0.00201,0.17366,0.00721,0.08973,0.00000,0.06291,0.46080
2026-09-13T14:49:22.151,1789285762.151,,1.5260,66.7,1500,8178,0.0,0x80000,0.00302,0.21421,0.21069,0.31925,0.00261,0.00322,0.15753,0.00362,0.08756,0.00000,0.06348,0.46080
2026-09-13T14:49:23.177,1789285763.178,,1.5341,66.7,1500,8176,0.2,0x80000,0.00297,0.21823,0.20740,0.31576,0.00282,0.00282,0.15767,0.00722,0.09251,0.00000,0.06597,0.46080
2026-09-13T14:49:24.205,1789285764.205,,1.7314,67.2,1500,8163,2.0,0x80000,0.00306,0.21939,0.20646,0.32274,0.00282,0.00282,0.17068,0.18818,0.09042,0.00000,0.06402,0.46080
2026-09-13T14:49:25.232,1789285765.233,,1.7467,66.1,1500,8172,0.0,0x80000,0.00307,0.21615,0.20605,0.32310,0.00282,0.00282,0.17642,0.20571,0.08571,0.00000,0.06406,0.46080
2026-09-13T14:49:26.259,1789285766.259,,1.5990,65.5,1500,8167,0.2,0x80000,0.00302,0.21627,0.21090,0.31783,0.00241,0.00242,0.16737,0.05424,0.09583,0.00000,0.06791,0.46080
2026-09-13T14:49:27.285,1789285767.286,,1.7614,66.1,1500,8165,0.0,0x80000,0.00306,0.22173,0.20691,0.31925,0.00282,0.00282,0.17978,0.20560,0.09315,0.00000,0.06533,0.46096
2026-09-13T14:49:28.312,1789285768.312,,1.8692,66.7,1500,8165,0.0,0x80000,0.00302,0.21889,0.27869,0.32327,0.00262,0.00322,0.20006,0.21692,0.08815,0.00000,0.06653,0.46781
2026-09-13T14:49:29.338,1789285769.339,,1.6061,65.5,1500,8169,0.2,0x80000,0.00306,0.21783,0.20840,0.32625,0.00322,0.00322,0.17712,0.05796,0.08324,0.00000,0.06532,0.46046
2026-09-13T14:49:30.365,1789285770.365,,1.5363,65.0,1500,8163,0.0,0x80000,0.00316,0.21499,0.20477,0.32151,0.00241,0.00322,0.17356,0.00361,0.09075,0.00000,0.06406,0.45428
2026-09-13T14:49:31.391,1789285771.392,,1.5304,65.5,1500,8172,0.0,0x80000,0.00321,0.21783,0.21858,0.32134,0.00241,0.00242,0.15771,0.00000,0.08620,0.00000,0.06625,0.45444
2026-09-13T14:49:32.419,1789285772.419,,1.6032,65.5,1500,8183,0.2,0x80000,0.00311,0.21705,0.22159,0.32274,0.00261,0.00322,0.17682,0.04709,0.08815,0.00030,0.06660,0.45395
2026-09-13T14:49:33.446,1789285773.447,,1.7156,65.5,1500,8176,0.0,0x80000,0.00311,0.21665,0.22574,0.31750,0.00261,0.00242,0.17044,0.18081,0.07238,0.00000,0.06982,0.45412
2026-09-13T14:49:34.474,1789285774.474,,1.7895,65.5,1500,8165,2.0,0x80000,0.00287,0.22085,0.23073,0.32661,0.00241,0.00322,0.17410,0.20200,0.09567,0.00000,0.06971,0.46129
2026-09-13T14:49:35.501,1789285775.502,,1.9043,65.0,1500,8161,0.0,0x80000,0.00297,0.21549,0.34683,0.32292,0.00241,0.00322,0.18095,0.21692,0.08478,0.00000,0.06667,0.46113
2026-09-13T14:49:36.529,1789285776.529,,1.7454,64.5,1500,8163,0.0,0x80000,0.00312,0.21773,0.20712,0.31624,0.00241,0.00322,0.16727,0.21330,0.09253,0.00000,0.06784,0.45461
2026-09-13T14:49:37.555,1789285777.556,,1.7812,64.5,1500,8158,0.5,0x80000,0.00317,0.21695,0.20747,0.32503,0.00302,0.00242,0.20034,0.21335,0.09225,0.00000,0.06281,0.45444
2026-09-13T14:49:38.583,1789285778.583,,1.5663,65.5,1500,8161,0.0,0x80000,0.00287,0.21733,0.20875,0.32134,0.00241,0.00242,0.20927,0.00000,0.08470,0.00000,0.06978,0.44744
2026-09-13T14:49:39.609,1789285779.609,,1.5392,65.0,1500,8169,0.0,0x80000,0.00307,0.21695,0.20996,0.32221,0.00282,0.00282,0.17039,0.00362,0.08928,0.00000,0.06409,0.45395
2026-09-13T14:49:40.636,1789285780.637,,1.5492,65.5,1500,8165,0.0,0x80000,0.00307,0.21607,0.20788,0.32151,0.00241,0.00242,0.18024,0.01087,0.08399,0.00030,0.06601,0.45444
2026-09-13T14:49:41.664,1789285781.664,,1.5513,64.5,1500,8158,0.2,0x80000,0.00297,0.23146,0.20941,0.32274,0.00302,0.00221,0.17682,0.00000,0.08955,0.00000,0.06540,0.44776
2026-09-13T14:49:42.691,1789285782.692,,1.7670,65.0,1500,8165,0.0,0x80000,0.00297,0.21959,0.20660,0.37382,0.00282,0.00282,0.29248,0.05799,0.08478,0.00000,0.06947,0.45363
2026-09-13T14:49:43.719,1789285783.719,,1.5884,64.5,1500,8169,0.2,0x80000,0.00312,0.21823,0.20740,0.31739,0.00402,0.00221,0.16382,0.05789,0.08875,0.00000,0.06409,0.46146
2026-09-13T14:49:44.746,1789285784.747,,1.7492,65.5,1600,8161,2.2,0x80000,0.00306,0.21773,0.20673,0.32291,0.00281,0.00282,0.17039,0.20266,0.07114,0.00000,0.06646,0.48248
2026-09-13T14:49:45.775,1789285785.776,,1.7484,64.5,1500,8154,0.0,0x80000,0.00302,0.21705,0.20840,0.31976,0.00282,0.00282,0.17346,0.20555,0.09563,0.00000,0.06597,0.45395
2026-09-13T14:49:46.803,1789285786.803,,1.5271,64.5,1500,8156,0.0,0x80000,0.00306,0.21861,0.20767,0.31750,0.00282,0.00282,0.15753,0.00360,0.09513,0.00000,0.06436,0.45395
2026-09-13T14:49:47.830,1789285787.831,,1.5363,64.5,1500,8167,0.2,0x80000,0.00302,0.21803,0.21104,0.31576,0.00261,0.00483,0.17390,0.00000,0.09237,0.00000,0.06668,0.44808
2026-09-13T14:49:48.857,1789285788.857,,1.5600,63.9,1500,8158,0.0,0x80000,0.00316,0.21705,0.20982,0.32310,0.00241,0.00322,0.18668,0.00724,0.09343,0.00000,0.06597,0.44792
2026-09-13T14:49:49.887,1789285789.887,,1.8765,65.0,1500,8158,0.0,0x80000,0.00297,0.21793,0.20982,0.32271,0.00282,0.00282,0.17667,0.00000,0.08631,0.00000,0.06583,0.78867
2026-09-13T14:49:50.914,1789285790.914,,2.0686,65.0,1500,8154,0.2,0x80000,0.00302,0.21705,0.20740,0.32292,0.00281,0.00242,0.16741,0.21282,0.08696,0.00000,0.06514,0.78070
2026-09-13T14:49:51.940,1789285791.941,,2.0700,65.0,1500,8156,0.2,0x80000,0.00311,0.21861,0.20680,0.32563,0.00242,0.00322,0.17366,0.20921,0.08916,0.00000,0.06587,0.77227
2026-09-13T14:49:52.970,1789285792.970,,1.6374,64.5,1500,8154,0.0,0x80000,0.00302,0.21793,0.24533,0.31576,0.00261,0.00222,0.18019,0.05786,0.09105,0.00030,0.06653,0.45461
2026-09-13T14:49:53.996,1789285793.997,,1.5613,63.4,1500,8163,0.0,0x80000,0.00317,0.21889,0.20760,0.31976,0.00241,0.00483,0.17380,0.05436,0.07064,0.00000,0.06537,0.44044
2026-09-13T14:49:55.023,1789285795.023,,1.7837,64.5,1700,8152,2.9,0x80000,0.00312,0.21539,0.20868,0.33157,0.00402,0.00242,0.18060,0.19166,0.08707,0.00000,0.06387,0.49535
2026-09-13T14:49:56.049,1789285796.050,,1.7146,63.4,1500,8152,0.0,0x80000,0.00316,0.21617,0.20955,0.32099,0.00261,0.00201,0.17757,0.18392,0.08730,0.00000,0.06409,0.44728
2026-09-13T14:49:57.076,1789285797.076,,1.5396,64.5,1500,8143,0.0,0x80000,0.00297,0.21811,0.21973,0.31750,0.00322,0.00322,0.17677,0.00000,0.08526,0.00000,0.06533,0.44744
2026-09-13T14:49:58.102,1789285798.103,,1.5288,63.9,1500,8154,0.2,0x80000,0.00307,0.21979,0.20889,0.31942,0.00241,0.00242,0.17107,0.00361,0.08464,0.00030,0.06590,0.44728
2026-09-13T14:49:59.129,1789285799.129,,1.5682,63.9,1500,8149,0.2,0x80000,0.00311,0.22377,0.20698,0.32625,0.00302,0.00242,0.18952,0.01085,0.08970,0.00000,0.06533,0.44728
2026-09-13T14:50:00.155,1789285800.156,,1.7348,63.4,1500,8158,0.0,0x80000,0.00307,0.21851,0.34341,0.31958,0.00241,0.00322,0.18075,0.04701,0.08937,0.00000,0.06597,0.46146
2026-09-13T14:50:01.183,1789285801.183,,1.5755,64.5,1500,8161,0.2,0x80000,0.00312,0.21861,0.20719,0.32271,0.00322,0.00222,0.17687,0.03978,0.09664,0.00000,0.06409,0.44108
2026-09-13T14:50:02.210,1789285802.211,,1.5667,63.9,1500,8161,0.0,0x80000,0.00311,0.21909,0.20767,0.32279,0.00302,0.00322,0.17097,0.04327,0.08841,0.00000,0.06404,0.44108
2026-09-13T14:50:03.238,1789285803.238,,1.7291,64.5,1500,8161,0.0,0x80000,0.00302,0.21811,0.20753,0.32099,0.00261,0.00242,0.17375,0.20220,0.08820,0.00000,0.06963,0.44060
2026-09-13T14:50:04.264,1789285804.265,,1.7044,63.4,1500,8149,0.0,0x80000,0.00302,0.21139,0.21219,0.32274,0.00281,0.00242,0.16713,0.18757,0.08916,0.00000,0.06533,0.44060
2026-09-13T14:50:05.291,1789285805.291,,1.7053,63.4,1500,8143,1.7,0x80000,0.00302,0.21841,0.20767,0.31783,0.00241,0.00242,0.17049,0.18456,0.08387,0.00000,0.06716,0.44744
2026-09-13T14:50:06.318,1789285806.319,,1.7107,63.9,1500,8147,0.2,0x80000,0.00302,0.21773,0.20552,0.31925,0.00261,0.00483,0.17984,0.17670,0.09608,0.00000,0.06416,0.44092
2026-09-13T14:50:07.346,1789285807.346,,1.7061,63.9,1500,8149,0.0,0x80000,0.00307,0.21783,0.20889,0.32448,0.00261,0.00242,0.18305,0.18776,0.06919,0.00000,0.06592,0.44092
2026-09-13T14:50:08.372,1789285808.373,,1.5620,63.4,1500,8154,0.0,0x80000,0.00321,0.21959,0.20584,0.32151,0.00241,0.00322,0.20968,0.00724,0.08274,0.00059,0.06475,0.44124
2026-09-13T14:50:09.400,1789285809.400,,1.7342,63.9,1500,8152,0.0,0x80000,0.00297,0.21734,0.34110,0.31593,0.00282,0.00282,0.19922,0.05409,0.08324,0.00059,0.06604,0.44808
2026-09-13T14:50:10.427,1789285810.428,,1.5670,63.9,1500,8149,0.2,0x80000,0.00302,0.21577,0.20781,0.32503,0.00241,0.00322,0.17030,0.05424,0.08443,0.00000,0.06653,0.43424
2026-09-13T14:50:11.454,1789285811.454,,1.5203,63.4,1500,8156,0.0,0x80000,0.00311,0.22017,0.20767,0.32117,0.00282,0.00282,0.16708,0.00000,0.08820,0.00000,0.06599,0.44124
2026-09-13T14:50:12.481,1789285812.481,,1.5016,63.4,1500,8149,0.0,0x80000,0.00307,0.21265,0.21111,0.31401,0.00322,0.00322,0.15780,0.00362,0.08277,0.00000,0.06901,0.44108
2026-09-13T14:50:13.508,1789285813.509,,1.5346,63.9,1500,8149,0.0,0x80000,0.00307,0.23199,0.20941,0.31576,0.00322,0.00242,0.17351,0.00362,0.09129,0.00000,0.06606,0.43424
2026-09-13T14:50:14.536,1789285814.536,,1.6212,62.8,1500,8156,0.2,0x80000,0.00312,0.21979,0.20982,0.32151,0.00241,0.00483,0.25084,0.00361,0.09772,0.00000,0.06597,0.44155
2026-09-13T14:50:15.563,1789285815.564,,1.6857,63.9,1500,8147,2.2,0x80000,0.00297,0.21939,0.20781,0.32292,0.00241,0.00242,0.16406,0.18035,0.08432,0.00000,0.06404,0.43502
2026-09-13T14:50:16.591,1789285816.591,,1.7579,63.4,1500,8154,0.0,0x80000,0.00297,0.21939,0.20625,0.32274,0.00322,0.00242,0.17677,0.23097,0.09327,0.00000,0.06596,0.43393
2026-09-13T14:50:17.618,1789285817.619,,1.5669,63.9,1500,8145,0.2,0x80000,0.00297,0.21685,0.20781,0.31942,0.00241,0.00242,0.17732,0.05435,0.08346,0.00000,0.06596,0.43393
2026-09-13T14:50:18.645,1789285818.645,,1.7451,63.4,1500,8154,0.0,0x80000,0.00297,0.21731,0.20639,0.36984,0.00302,0.00282,0.29264,0.05802,0.08745,0.00000,0.06407,0.44060
2026-09-13T14:50:19.671,1789285819.672,,1.5744,62.2,1500,8149,0.2,0x80000,0.00317,0.21773,0.22059,0.31976,0.00282,0.00242,0.18009,0.04342,0.08407,0.00000,0.06625,0.43408
2026-09-13T14:50:20.699,1789285820.699,,1.5911,63.4,1500,8147,0.2,0x80000,0.00311,0.21861,0.23396,0.32093,0.00261,0.00242,0.16392,0.05412,0.08410,0.00000,0.06606,0.44124
2026-09-13T14:50:21.726,1789285821.727,,1.5054,62.8,1500,8143,0.0,0x80000,0.00331,0.21665,0.20646,0.32625,0.00262,0.00222,0.15758,0.00361,0.08640,0.00000,0.06604,0.43424
2026-09-13T14:50:22.854,1789285822.854,,1.5786,62.8,1500,6535,0.2,0x80000,0.00287,0.21675,0.22704,0.31750,0.00261,0.00322,0.17375,0.05050,0.08346,0.00000,0.06618,0.43471
2026-09-13T14:50:23.884,1789285823.884,,1.8504,63.4,1500,6417,0.0,0x80000,0.00297,0.21929,0.20889,0.32980,0.00262,0.00242,0.16373,0.00000,0.08895,0.00000,0.06539,0.76638
2026-09-13T14:50:24.910,1789285824.911,,1.8579,62.8,1500,6411,0.2,0x80000,0.00306,0.21519,0.20854,0.32271,0.00322,0.00322,0.16070,0.00000,0.11072,0.00000,0.06596,0.76454
2026-09-13T14:50:25.937,1789285825.937,,2.0329,62.8,1500,6403,2.2,0x80000,0.00311,0.21871,0.20948,0.32882,0.00281,0.00222,0.16443,0.18795,0.08722,0.00000,0.06411,0.76408
2026-09-13T14:50:26.968,1789285826.968,,1.8884,62.8,1500,6404,0.0,0x80000,0.00321,0.21783,0.21055,0.38404,0.00322,0.00483,0.28894,0.18818,0.08643,0.00000,0.06706,0.43408
2026-09-13T14:50:27.994,1789285827.995,,1.7618,62.8,1500,6400,0.0,0x80000,0.00312,0.26923,0.20760,0.32448,0.00241,0.00483,0.16373,0.19904,0.09554,0.00000,0.06422,0.42756
2026-09-13T14:50:29.021,1789285829.021,,1.5956,62.8,1500,6403,0.0,0x80000,0.00302,0.21539,0.22007,0.32527,0.00261,0.00322,0.19306,0.05059,0.08382,0.00000,0.06419,0.43439
2026-09-13T14:50:30.047,1789285830.048,,1.5733,61.7,1500,6403,0.0,0x80000,0.00311,0.21489,0.20996,0.31750,0.00262,0.00242,0.17346,0.06143,0.08387,0.00000,0.06984,0.43424
2026-09-13T14:50:31.073,1789285831.074,,1.5800,62.2,1500,6400,0.5,0x80000,0.00311,0.21744,0.20948,0.32625,0.00262,0.00242,0.17973,0.04705,0.08751,0.00000,0.06989,0.43455
2026-09-13T14:50:32.100,1789285832.100,,1.5507,62.2,1500,6395,0.0,0x80000,0.00312,0.21881,0.20896,0.32349,0.00282,0.00222,0.16406,0.05061,0.08299,0.00000,0.06611,0.42756
2026-09-13T14:50:33.126,1789285833.127,,1.5088,62.2,1500,6399,0.2,0x80000,0.00311,0.22163,0.20646,0.31750,0.00261,0.00242,0.16406,0.00362,0.08614,0.00000,0.06672,0.43455
2026-09-13T14:50:34.153,1789285834.153,,1.5426,62.8,1500,6399,0.0,0x80000,0.00297,0.21685,0.20861,0.31350,0.00281,0.00242,0.20271,0.00000,0.09177,0.00000,0.06672,0.43424
2026-09-13T14:50:35.179,1789285835.180,,1.4917,62.2,1500,6395,0.0,0x80000,0.00312,0.21891,0.20660,0.31925,0.00262,0.00322,0.16723,0.00000,0.07029,0.00000,0.06620,0.43424
2026-09-13T14:50:36.206,1789285836.206,,1.7325,62.2,1500,6380,2.2,0x80000,0.00306,0.21861,0.23135,0.32047,0.00241,0.00222,0.18367,0.18757,0.08291,0.00000,0.06604,0.43424
2026-09-13T14:50:37.232,1789285837.233,,1.8917,62.8,1500,6385,0.0,0x80000,0.00312,0.21597,0.20948,0.34018,0.00342,0.00322,0.20570,0.20266,0.20529,0.00533,0.06976,0.42756
2026-09-13T14:50:38.359,1789285838.360,,1.7309,62.2,1500,6384,0.0,0x80000,0.00307,0.21705,0.21219,0.32448,0.00241,0.00222,0.19022,0.18795,0.08949,0.00000,0.06775,0.43408
2026-09-13T14:50:39.386,1789285839.386,,1.6946,62.2,1500,6382,0.2,0x80000,0.00311,0.21929,0.20781,0.32291,0.00241,0.00242,0.17682,0.18045,0.08518,0.00000,0.06665,0.42756
2026-09-13T14:50:40.412,1789285840.413,,1.6063,62.8,1500,6374,0.2,0x80000,0.00307,0.21743,0.20976,0.31418,0.00262,0.00483,0.16718,0.07583,0.11135,0.00000,0.06540,0.43471
2026-09-13T14:50:41.438,1789285841.439,,1.7168,63.4,1500,6382,0.0,0x80000,0.00302,0.21685,0.20767,0.32448,0.00261,0.00484,0.16401,0.20597,0.08895,0.00000,0.06416,0.43424
2026-09-13T14:50:42.465,1789285842.465,,1.7069,62.8,1500,6380,0.0,0x80000,0.00297,0.21547,0.20889,0.32980,0.00242,0.00222,0.17361,0.20195,0.08291,0.00000,0.06552,0.42118
2026-09-13T14:50:43.491,1789285843.492,,1.7310,61.7,1500,6374,0.0,0x80000,0.00292,0.21956,0.22166,0.32803,0.00402,0.00242,0.16479,0.20220,0.07642,0.00000,0.07459,0.43439
2026-09-13T14:50:44.518,1789285844.518,,1.6972,62.2,1500,6376,0.2,0x80000,0.00297,0.21879,0.20875,0.31768,0.00241,0.00222,0.15771,0.20250,0.09027,0.00000,0.06603,0.42786
2026-09-13T14:50:45.545,1789285845.546,,1.5062,62.2,1500,6378,0.0,0x80000,0.00316,0.22027,0.20673,0.31750,0.00261,0.00322,0.17697,0.00361,0.07740,0.00000,0.06731,0.42740
2026-09-13T14:50:46.572,1789285846.572,,1.6874,62.2,1500,6368,2.0,0x80000,0.00302,0.21705,0.20660,0.31768,0.00261,0.00222,0.18075,0.18031,0.08529,0.00030,0.06421,0.42740
2026-09-13T14:50:47.598,1789285847.599,,1.6811,61.7,1500,6362,0.2,0x80000,0.00316,0.21547,0.20518,0.31750,0.00322,0.00322,0.18009,0.17732,0.08815,0.00029,0.06665,0.42088
2026-09-13T14:50:48.626,1789285848.626,,1.5430,61.1,1500,6372,0.0,0x80000,0.00311,0.21655,0.22919,0.32625,0.00322,0.00483,0.17727,0.00362,0.08628,0.00000,0.06526,0.42740
2026-09-13T14:50:49.652,1789285849.653,,1.5451,62.2,1500,6372,0.2,0x80000,0.00312,0.21617,0.20424,0.32980,0.00261,0.00322,0.16461,0.04703,0.08751,0.00000,0.06608,0.42073
2026-09-13T14:50:50.678,1789285850.679,,1.5618,62.2,1500,6373,0.0,0x80000,0.00297,0.21725,0.22942,0.32448,0.00402,0.00242,0.16066,0.04701,0.08274,0.00000,0.06355,0.42725
2026-09-13T14:50:51.706,1789285851.706,,1.5690,62.8,1500,6366,0.0,0x80000,0.00302,0.22007,0.20896,0.32271,0.00242,0.00242,0.16429,0.05424,0.08676,0.00030,0.06989,0.43393
2026-09-13T14:50:52.733,1789285852.734,,1.5499,61.7,1500,6370,0.0,0x80000,0.00297,0.21811,0.20691,0.32448,0.00403,0.00242,0.15736,0.04330,0.09621,0.00000,0.06608,0.42802
2026-09-13T14:50:53.760,1789285853.760,,1.8585,62.2,1500,6366,0.0,0x80000,0.00312,0.21803,0.21177,0.32563,0.00241,0.00322,0.28316,0.23074,0.08862,0.00000,0.06411,0.42771
2026-09-13T14:50:54.787,1789285854.788,,1.6614,61.7,1500,6355,0.2,0x80000,0.00311,0.21539,0.20680,0.32274,0.00402,0.00242,0.16396,0.18094,0.07852,0.00000,0.06289,0.42058
2026-09-13T14:50:55.815,1789285855.815,,1.6666,62.8,1500,6353,0.0,0x80000,0.00297,0.21588,0.21003,0.31227,0.00241,0.00242,0.15753,0.18054,0.09558,0.00000,0.06608,0.42088
2026-09-13T14:50:56.842,1789285856.843,,1.6959,61.7,1500,6355,2.4,0x80000,0.00307,0.22007,0.20809,0.31916,0.00241,0.00222,0.18034,0.18035,0.08492,0.00000,0.06791,0.42740
2026-09-13T14:50:57.873,1789285857.874,,2.1560,62.8,1500,6357,0.2,0x80000,0.00297,0.27704,0.21951,0.32803,0.00262,0.00222,0.18055,0.19527,0.09167,0.00000,0.06775,0.78843
2026-09-13T14:50:58.900,1789285858.900,,1.8663,62.8,1500,6357,0.0,0x80000,0.00292,0.21811,0.20934,0.31985,0.00282,0.00242,0.17346,0.04703,0.08390,0.00000,0.06601,0.74042
2026-09-13T14:50:59.926,1789285859.927,,1.9287,62.8,1500,6351,0.0,0x80000,0.00311,0.21919,0.20646,0.32913,0.00282,0.00201,0.20582,0.05063,0.08648,0.00000,0.06597,0.75703
2026-09-13T14:51:00.956,1789285860.957,,1.6386,62.2,1500,6355,0.2,0x80000,0.00307,0.21627,0.21750,0.32661,0.00241,0.00242,0.18029,0.10110,0.09485,0.00000,0.06609,0.42802
2026-09-13T14:51:01.983,1789285861.983,,1.4931,61.7,1500,6351,0.0,0x80000,0.00311,0.21889,0.20733,0.32099,0.00261,0.00242,0.15758,0.00361,0.08148,0.00000,0.06797,0.42710
2026-09-13T14:51:03.009,1789285863.010,,1.5166,61.7,1500,6350,0.2,0x80000,0.00302,0.22017,0.20996,0.31872,0.00282,0.00221,0.18984,0.00000,0.07825,0.00000,0.06422,0.42740
2026-09-13T14:51:04.036,1789285864.036,,1.5005,61.7,1500,6345,0.0,0x80000,0.00311,0.21967,0.20806,0.31576,0.00322,0.00322,0.16079,0.00361,0.09087,0.00000,0.06419,0.42802
2026-09-13T14:51:05.062,1789285865.063,,1.6715,61.7,1500,6346,0.0,0x80000,0.00287,0.21851,0.33895,0.31593,0.00261,0.00322,0.20593,0.00361,0.08399,0.00000,0.06798,0.42786
2026-09-13T14:51:06.089,1789285866.089,,1.5012,61.1,1500,6349,0.0,0x80000,0.00321,0.21929,0.20719,0.32625,0.00261,0.00322,0.16718,0.00000,0.08486,0.00000,0.06603,0.42133
2026-09-13T14:51:07.115,1789285867.116,,1.7072,63.4,1500,6337,1.7,0x80000,0.00312,0.21402,0.20660,0.32803,0.00322,0.00483,0.16138,0.20921,0.08978,0.00029,0.06609,0.42058
2026-09-13T14:51:08.142,1789285868.142,,1.7228,61.7,1500,6341,0.5,0x80000,0.00307,0.22163,0.21865,0.32271,0.00241,0.00221,0.16803,0.20266,0.08710,0.00000,0.06667,0.42771
2026-09-13T14:51:09.168,1789285869.169,,1.5690,61.1,1500,6347,0.0,0x80000,0.00321,0.21725,0.20566,0.31958,0.00241,0.00242,0.18351,0.05786,0.09075,0.00030,0.06547,0.42058
2026-09-13T14:51:10.195,1789285870.195,,1.5587,62.2,1500,6342,0.0,0x80000,0.00311,0.21695,0.20504,0.31856,0.00282,0.00242,0.18367,0.04699,0.08859,0.00000,0.06985,0.42073
2026-09-13T14:51:11.222,1789285871.223,,1.6702,62.2,1500,6342,0.0,0x80000,0.00302,0.21625,0.20767,0.32117,0.00241,0.00484,0.15744,0.18054,0.08477,0.00000,0.06412,0.42802
2026-09-13T14:51:12.249,1789285872.249,,1.7064,61.1,1500,6334,0.0,0x80000,0.00306,0.21811,0.23135,0.31863,0.00282,0.00222,0.16419,0.18035,0.09189,0.00000,0.06590,0.42786
2026-09-13T14:51:13.275,1789285873.276,,1.7028,61.7,1500,6338,0.2,0x80000,0.00307,0.21861,0.20875,0.31227,0.00322,0.00483,0.18034,0.18804,0.09072,0.00000,0.06542,0.42756
2026-09-13T14:51:14.302,1789285874.302,,1.5970,61.1,1500,6335,0.0,0x80000,0.00297,0.21753,0.28056,0.32625,0.00242,0.00222,0.17999,0.00724,0.08413,0.00000,0.06587,0.42786
2026-09-13T14:51:15.329,1789285875.330,,1.5434,61.7,1500,6335,0.0,0x80000,0.00302,0.21567,0.20840,0.31576,0.00282,0.00282,0.18418,0.04329,0.07442,0.00000,0.06552,0.42756
2026-09-13T14:51:16.356,1789285876.356,,1.6158,60.6,1500,6334,0.0,0x80000,0.00302,0.21861,0.20518,0.32093,0.00261,0.00483,0.18652,0.09047,0.08949,0.00000,0.06609,0.42802
2026-09-13T14:51:17.383,1789285877.384,,1.7507,60.6,1500,6331,2.2,0x80000,0.00316,0.21411,0.20573,0.31925,0.00322,0.00483,0.22227,0.20245,0.08844,0.00000,0.06603,0.42118
2026-09-13T14:51:18.411,1789285878.411,,1.7024,61.7,1500,6333,0.2,0x80000,0.00297,0.22085,0.20691,0.31576,0.00262,0.00322,0.16120,0.22003,0.07984,0.00000,0.06782,0.42118
2026-09-13T14:51:19.438,1789285879.439,,1.7292,61.7,1500,6334,0.0,0x80000,0.00312,0.21813,0.34218,0.32387,0.00282,0.00242,0.19938,0.05055,0.08756,0.00000,0.06421,0.43502
2026-09-13T14:51:20.464,1789285880.465,,1.5112,60.6,1500,6335,0.0,0x80000,0.00302,0.21421,0.20518,0.32803,0.00261,0.00242,0.18034,0.00000,0.08984,0.00059,0.06441,0.42058
2026-09-13T14:51:21.492,1789285881.492,,1.4998,60.6,1500,6327,0.0,0x80000,0.00307,0.21783,0.20781,0.31942,0.00241,0.00242,0.16396,0.00722,0.09057,0.00000,0.06422,0.42088
2026-09-13T14:51:22.518,1789285882.519,,1.5056,61.7,1500,6330,0.0,0x80000,0.00311,0.21529,0.20799,0.32625,0.00322,0.00322,0.16723,0.00000,0.08911,0.00000,0.06976,0.42042
2026-09-13T14:51:23.546,1789285883.546,,1.4950,61.1,1500,6329,0.0,0x80000,0.00302,0.22007,0.20840,0.32271,0.00242,0.00222,0.16070,0.00362,0.08402,0.00000,0.06677,0.42103
2026-09-13T14:51:24.573,1789285884.574,,1.5433,61.1,1500,6337,0.0,0x80000,0.00297,0.21705,0.20605,0.32625,0.00261,0.00322,0.16401,0.05077,0.07658,0.00000,0.06608,0.42771
2026-09-13T14:51:25.601,1789285885.601,,1.5528,62.2,1500,6334,0.0,0x80000,0.00311,0.21803,0.20733,0.32271,0.00322,0.00322,0.17346,0.04714,0.08886,0.00000,0.06422,0.42148
2026-09-13T14:51:26.628,1789285886.629,,1.5389,61.1,1500,6325,0.0,0x80000,0.00316,0.21841,0.20518,0.32093,0.00261,0.00322,0.16406,0.04703,0.08540,0.00000,0.06797,0.42088
2026-09-13T14:51:27.656,1789285887.656,,1.7077,60.6,1500,6322,2.2,0x80000,0.00311,0.22115,0.20625,0.31747,0.00282,0.00222,0.17097,0.19874,0.08981,0.00000,0.06732,0.42786
2026-09-13T14:51:28.683,1789285888.684,,1.6825,61.7,1500,6325,0.0,0x80000,0.00297,0.21939,0.20660,0.32485,0.00241,0.00242,0.16392,0.19113,0.08151,0.00000,0.06599,0.42133
2026-09-13T14:51:29.711,1789285889.711,,1.5753,60.6,1500,6330,0.2,0x80000,0.00302,0.21539,0.28112,0.31750,0.00261,0.00222,0.18044,0.00000,0.08585,0.00000,0.06596,0.42118
2026-09-13T14:51:30.738,1789285890.738,,1.5019,61.1,1500,6322,0.0,0x80000,0.00321,0.21773,0.21807,0.31401,0.00322,0.00322,0.16713,0.00000,0.08967,0.00000,0.06540,0.42027
2026-09-13T14:51:31.764,1789285891.765,,1.4881,61.1,1500,6322,0.0,0x80000,0.00311,0.21499,0.20733,0.31593,0.00241,0.00483,0.16392,0.00362,0.08506,0.00000,0.06606,0.42088
2026-09-13T14:51:32.791,1789285892.791,,1.5909,62.2,1500,6327,0.2,0x80000,0.00316,0.21587,0.20819,0.32210,0.00261,0.00322,0.21540,0.05063,0.08035,0.00030,0.06788,0.42118
2026-09-13T14:51:33.818,1789285893.819,,1.5462,60.6,1500,6322,0.0,0x80000,0.00312,0.21655,0.20673,0.32271,0.00402,0.00242,0.17035,0.05423,0.08614,0.00000,0.06608,0.41390
2026-09-13T14:51:34.846,1789285894.846,,1.5443,61.1,1500,6319,0.0,0x80000,0.00322,0.21763,0.20566,0.31576,0.00262,0.00484,0.18055,0.04339,0.08302,0.00000,0.06672,0.42088
2026-09-13T14:51:35.876,1789285895.877,,2.0281,61.1,1500,6319,0.0,0x80000,0.00302,0.21537,0.21836,0.31925,0.00403,0.00242,0.16713,0.20974,0.08435,0.00000,0.06402,0.74042
2026-09-13T14:51:36.903,1789285896.903,,2.0162,61.1,1500,6319,0.0,0x80000,0.00297,0.21617,0.20982,0.32038,0.00282,0.00242,0.16732,0.18081,0.09742,0.00000,0.06772,0.74838
2026-09-13T14:51:37.930,1789285897.930,,2.0463,61.7,1500,6311,2.2,0x80000,0.00311,0.21926,0.20673,0.32099,0.00262,0.00242,0.21856,0.18757,0.07066,0.00000,0.06582,0.74861
2026-09-13T14:51:38.959,1789285898.960,,1.8851,61.1,1500,6317,0.0,0x80000,0.00311,0.21861,0.23050,0.38036,0.00241,0.00322,0.27610,0.18804,0.09374,0.00000,0.06782,0.42118
2026-09-13T14:51:39.986,1789285899.986,,1.5199,62.2,1500,6317,0.0,0x80000,0.00311,0.21490,0.20660,0.32349,0.00282,0.00222,0.18647,0.00000,0.08922,0.00000,0.06985,0.42118
2026-09-13T14:51:41.012,1789285901.013,,1.5371,61.1,1500,6315,0.2,0x80000,0.00311,0.21617,0.20593,0.32274,0.00261,0.00242,0.16401,0.04709,0.08625,0.00000,0.06547,0.42133
2026-09-13T14:51:42.039,1789285902.039,,1.5189,61.1,1500,6314,0.0,0x80000,0.00311,0.21705,0.20477,0.31401,0.00261,0.00322,0.15758,0.04337,0.08654,0.00000,0.06606,0.42058
2026-09-13T14:51:43.065,1789285903.066,,1.6236,60.6,1500,6315,0.0,0x80000,0.00302,0.21539,0.28010,0.32099,0.00322,0.00322,0.17390,0.05063,0.08585,0.00000,0.06667,0.42058
2026-09-13T14:51:44.092,1789285904.092,,1.7248,60.6,1500,6311,0.0,0x80000,0.00302,0.22787,0.23096,0.31750,0.00261,0.00242,0.16066,0.20581,0.08889,0.00000,0.06421,0.42088
2026-09-13T14:51:45.119,1789285905.120,,1.7096,61.1,1500,6313,0.2,0x80000,0.00311,0.21783,0.20337,0.32625,0.00262,0.00322,0.16382,0.21277,0.08919,0.00000,0.06608,0.42133
2026-09-13T14:51:46.146,1789285906.146,,1.5413,61.7,1500,6318,0.2,0x80000,0.00307,0.21733,0.20708,0.31401,0.00322,0.00242,0.20933,0.00724,0.08620,0.00059,0.06978,0.42103
2026-09-13T14:51:47.172,1789285907.172,,1.5016,60.6,1500,6309,0.0,0x80000,0.00302,0.21703,0.20625,0.32271,0.00261,0.00322,0.16812,0.00362,0.08617,0.00000,0.06797,0.42088
2026-09-13T14:51:48.200,1789285908.200,,1.6597,61.1,1500,6307,2.4,0x80000,0.00312,0.21753,0.20875,0.32271,0.00322,0.00322,0.16052,0.17719,0.08340,0.00030,0.06537,0.41435
2026-09-13T14:51:49.227,1789285909.228,,1.6771,60.6,1500,6311,0.2,0x80000,0.00307,0.21615,0.20889,0.32271,0.00261,0.00242,0.16704,0.18094,0.08637,0.00000,0.06601,0.42088
2026-09-13T14:51:50.254,1789285910.254,,1.6933,60.6,1500,6307,0.0,0x80000,0.00321,0.21529,0.20788,0.32448,0.00322,0.00222,0.16382,0.20235,0.08958,0.00000,0.06674,0.41449
2026-09-13T14:51:51.280,1789285911.281,,1.7003,60.6,1500,6313,0.0,0x80000,0.00302,0.22044,0.20819,0.32448,0.00241,0.00221,0.16373,0.20555,0.08622,0.00000,0.06985,0.41420
2026-09-13T14:51:52.308,1789285912.308,,1.6469,60.6,1500,6306,0.2,0x80000,0.00312,0.21539,0.28192,0.31916,0.00262,0.00242,0.20657,0.04712,0.08108,0.00088,0.06608,0.42058
2026-09-13T14:51:53.335,1789285913.335,,1.5384,61.7,1500,6305,0.0,0x80000,0.00312,0.21821,0.20896,0.31679,0.00241,0.00242,0.16061,0.05427,0.08841,0.00000,0.06859,0.41464
2026-09-13T14:51:54.361,1789285914.362,,1.5477,60.0,1500,6309,0.2,0x80000,0.00307,0.21461,0.21413,0.33157,0.00261,0.00322,0.15740,0.05050,0.08501,0.00000,0.06421,0.42133
2026-09-13T14:51:55.389,1789285915.389,,1.5223,60.0,1500,6309,0.2,0x80000,0.00302,0.21881,0.21951,0.32457,0.00282,0.00322,0.16456,0.00722,0.08625,0.00000,0.07114,0.42118
2026-09-13T14:51:56.416,1789285916.417,,1.5166,61.1,1500,6310,0.0,0x80000,0.00312,0.21655,0.21951,0.32625,0.00261,0.00242,0.16723,0.01085,0.08815,0.00000,0.06544,0.41449
2026-09-13T14:51:57.444,1789285917.444,,2.8946,60.6,1500,6310,0.2,0x80000,0.00297,0.21655,0.22719,0.31750,0.00241,0.00222,0.16387,0.18442,0.08566,0.00000,0.06846,1.62338
2026-09-13T14:51:58.471,1789285918.472,,1.7121,61.1,1500,6302,2.2,0x80000,0.00311,0.23376,0.21076,0.32980,0.00261,0.00322,0.16396,0.19889,0.08506,0.00000,0.06667,0.41420
2026-09-13T14:51:59.499,1789285919.499,,1.7810,60.0,1500,6306,0.0,0x80000,0.00307,0.21949,0.28145,0.31925,0.00402,0.00242,0.16718,0.20974,0.08252,0.00089,0.06978,0.42118
2026-09-13T14:52:00.526,1789285920.527,,1.5460,60.6,1500,6303,0.0,0x80000,0.00297,0.21577,0.20518,0.31750,0.00322,0.00322,0.16708,0.05065,0.08922,0.00000,0.06984,0.42133
2026-09-13T14:52:01.553,1789285921.553,,1.5852,60.6,1500,6303,0.0,0x80000,0.00302,0.21949,0.20982,0.32279,0.00282,0.00221,0.21213,0.05074,0.07894,0.00059,0.06798,0.41464
2026-09-13T14:52:02.579,1789285922.580,,1.5220,60.6,1500,6305,0.0,0x80000,0.00307,0.21987,0.20882,0.31750,0.00241,0.00222,0.16452,0.05782,0.07164,0.00000,0.06674,0.40737
2026-09-13T14:52:03.606,1789285923.606,,1.4896,60.6,1500,6301,0.5,0x80000,0.00321,0.21587,0.20337,0.31811,0.00282,0.00222,0.17366,0.00000,0.08481,0.00000,0.06424,0.42133
2026-09-13T14:52:04.633,1789285924.634,,1.5074,60.0,1500,6303,0.0,0x80000,0.00316,0.21715,0.21270,0.32271,0.00322,0.00201,0.17687,0.00361,0.08172,0.00000,0.07039,0.41390
2026-09-13T14:52:05.660,1789285925.660,,1.5115,60.6,1500,6301,0.0,0x80000,0.00311,0.22027,0.21871,0.32271,0.00322,0.00322,0.16803,0.00000,0.08529,0.00000,0.06545,0.42148
2026-09-13T14:52:06.686,1789285926.687,,1.6752,60.0,1500,6299,0.2,0x80000,0.00311,0.21851,0.20733,0.32102,0.00322,0.00322,0.16392,0.19166,0.08299,0.00000,0.06601,0.41420
2026-09-13T14:52:07.712,1789285927.713,,1.7112,60.6,1500,6299,0.0,0x80000,0.00311,0.21967,0.20788,0.31925,0.00261,0.00483,0.18392,0.20266,0.08161,0.00000,0.06416,0.42148
2026-09-13T14:52:08.739,1789285928.740,,1.7142,60.0,1500,6299,2.0,0x80000,0.00307,0.21705,0.20819,0.32448,0.00322,0.00242,0.18699,0.20638,0.08183,0.00000,0.06608,0.41449
2026-09-13T14:52:09.766,1789285929.766,,1.6988,60.0,1500,6294,0.5,0x80000,0.00307,0.21851,0.20552,0.31925,0.00261,0.00322,0.16788,0.20932,0.08829,0.00000,0.06720,0.41390
2026-09-13T14:52:10.793,1789285930.794,,1.5361,60.0,1500,6301,0.2,0x80000,0.00302,0.21823,0.20680,0.32117,0.00261,0.00222,0.16713,0.05061,0.08548,0.00000,0.06429,0.41449
2026-09-13T14:52:11.821,1789285931.821,,1.4886,60.0,1500,6305,0.0,0x80000,0.00321,0.22017,0.20840,0.31561,0.00261,0.00322,0.16129,0.04694,0.04831,0.00000,0.06419,0.41464
2026-09-13T14:52:12.848,1789285932.848,,1.4254,60.0,1500,6301,0.2,0x80000,0.00312,0.21461,0.20680,0.30942,0.00282,0.00222,0.15807,0.00000,0.04650,0.00000,0.06739,0.41449
2026-09-13T14:52:13.878,1789285933.878,,1.7370,60.0,1500,6301,0.2,0x80000,0.00312,0.21470,0.20733,0.31460,0.00282,0.00222,0.15767,0.00000,0.03239,0.00000,0.06974,0.73246
2026-09-13T14:52:14.904,1789285934.905,,2.1163,60.6,1500,6297,0.0,0x80000,0.00312,0.21891,0.20819,0.37148,0.00282,0.00222,0.29215,0.18415,0.03404,0.00000,0.06697,0.73224
2026-09-13T14:52:15.935,1789285935.935,,1.6888,60.0,1500,6299,0.0,0x80000,0.00311,0.21939,0.20477,0.30529,0.00402,0.00242,0.21534,0.20638,0.04199,0.00000,0.06547,0.42058
2026-09-13T14:52:16.973,1789285936.974,,1.5481,59.0,1500,6299,0.2,0x80000,0.00297,0.22122,0.20577,0.30852,0.00322,0.00222,0.16746,0.05477,0.04832,0.00000,0.06615,0.46747
2026-09-13T14:52:18.002,1789285938.003,,1.6760,60.6,1500,6299,0.0,0x80000,0.00302,0.27001,0.20660,0.30180,0.00261,0.00242,0.17697,0.19498,0.03655,0.00000,0.06670,0.41435
2026-09-13T14:52:19.029,1789285939.030,,1.9881,61.1,2400,6284,7.1,0x80000,0.00312,0.21781,0.20854,0.31985,0.00282,0.00242,0.27947,0.17358,0.04648,0.00000,0.06523,0.66877
2026-09-13T14:52:20.055,1789285940.055,,1.9411,59.5,2400,6289,1.0,0x80000,0.00302,0.21861,0.21814,0.31768,0.00282,0.00282,0.16410,0.23855,0.04832,0.00000,0.06587,0.66121
2026-09-13T14:52:21.081,1789285941.082,,1.9110,60.0,2400,6284,0.0,0x80000,0.00311,0.24538,0.20767,0.32485,0.00241,0.00242,0.17732,0.18072,0.04192,0.00000,0.06400,0.66121
2026-09-13T14:52:22.108,1789285942.108,,1.9118,60.6,2400,6285,0.0,0x80000,0.00312,0.22007,0.20733,0.31637,0.00281,0.00282,0.21546,0.17314,0.04301,0.00000,0.06702,0.66061
2026-09-13T14:52:23.133,1789285943.134,,1.7493,60.6,2400,6278,0.5,0x80000,0.00312,0.21821,0.20740,0.31916,0.00261,0.00242,0.16419,0.05077,0.04534,0.00000,0.06711,0.66897
2026-09-13T14:52:24.159,1789285944.159,,1.5636,60.6,1500,6293,0.0,0x80000,0.00311,0.21763,0.22919,0.30971,0.00282,0.00242,0.23154,0.05049,0.03663,0.00000,0.06615,0.41390
2026-09-13T14:52:25.186,1789285945.187,,1.4758,59.5,1500,6297,0.2,0x80000,0.00302,0.21705,0.20989,0.30529,0.00241,0.00222,0.16075,0.05065,0.04314,0.00000,0.06720,0.41420
2026-09-13T14:52:26.214,1789285946.214,,1.4816,61.1,1500,6299,0.0,0x80000,0.00312,0.21811,0.20593,0.30479,0.00261,0.00242,0.16713,0.05066,0.04311,0.00000,0.06984,0.41390
2026-09-13T14:52:27.241,1789285947.242,,1.5131,59.0,1500,6294,0.0,0x80000,0.00311,0.21733,0.21822,0.30683,0.00282,0.00322,0.18004,0.05412,0.04216,0.00000,0.07106,0.41420
2026-09-13T14:52:28.268,1789285948.268,,1.4670,60.0,1500,6302,0.0,0x80000,0.00331,0.22122,0.20612,0.30675,0.00261,0.00242,0.18652,0.00000,0.04736,0.00059,0.06857,0.42148
2026-09-13T14:52:29.294,1789285949.295,,1.6283,59.5,1500,6295,2.2,0x80000,0.00302,0.21665,0.20788,0.30704,0.00261,0.00242,0.18647,0.18442,0.03435,0.00000,0.06982,0.41360
2026-09-13T14:52:30.322,1789285950.322,,1.6066,60.0,1500,6293,0.0,0x80000,0.00311,0.21695,0.20518,0.31030,0.00241,0.00222,0.16382,0.18112,0.03883,0.00000,0.06798,0.41464
2026-09-13T14:52:31.349,1789285951.350,,1.4317,60.0,1500,6289,0.0,0x80000,0.00312,0.21929,0.20701,0.31215,0.00262,0.00322,0.16694,0.01085,0.03306,0.00000,0.06549,0.40796
2026-09-13T14:52:32.377,1789285952.377,,1.4780,60.0,1500,6295,0.2,0x80000,0.00302,0.21675,0.20552,0.30720,0.00241,0.00222,0.16410,0.05059,0.04628,0.00000,0.06552,0.41435
2026-09-13T14:52:33.403,1789285953.404,,1.6259,59.0,1500,6289,0.2,0x80000,0.00312,0.22183,0.20477,0.30988,0.00241,0.00322,0.17707,0.20276,0.02700,0.00000,0.06608,0.40781
2026-09-13T14:52:34.430,1789285954.431,,1.6997,59.5,1500,6285,0.0,0x80000,0.00307,0.21733,0.21270,0.30729,0.00241,0.00222,0.23476,0.20560,0.03547,0.00000,0.06417,0.41464
2026-09-13T14:52:35.458,1789285955.458,,1.4545,60.0,1500,6287,0.0,0x80000,0.00287,0.21412,0.20712,0.31097,0.00241,0.00322,0.15762,0.04697,0.03440,0.00000,0.06681,0.40796
2026-09-13T14:52:36.485,1789285956.486,,1.4394,59.0,1500,6295,0.0,0x80000,0.00312,0.22004,0.20660,0.30852,0.00322,0.00322,0.16401,0.00722,0.04000,0.00030,0.06864,0.41449
2026-09-13T14:52:37.513,1789285957.513,,1.5065,59.5,1500,6299,0.2,0x80000,0.00306,0.21705,0.28262,0.31052,0.00241,0.00242,0.17772,0.00000,0.01943,0.00000,0.07042,0.42088
2026-09-13T14:52:38.540,1789285958.541,,1.4200,60.0,1500,6297,0.0,0x80000,0.00312,0.21773,0.20733,0.31038,0.00281,0.00222,0.16129,0.00000,0.03460,0.00000,0.06618,0.41435
2026-09-13T14:52:39.568,1789285959.568,,1.6313,59.5,1500,6287,2.4,0x80000,0.00297,0.21705,0.20504,0.30704,0.00241,0.00242,0.18621,0.18818,0.03734,0.00000,0.06797,0.41464
2026-09-13T14:52:40.595,1789285960.596,,1.6382,60.6,1500,6293,0.0,0x80000,0.00312,0.21889,0.21442,0.31384,0.00262,0.00322,0.16447,0.20989,0.02666,0.00000,0.06670,0.41435
2026-09-13T14:52:41.622,1789285961.623,,1.4785,60.0,1500,6285,0.0,0x80000,0.00307,0.21314,0.21944,0.31030,0.00282,0.00222,0.16088,0.05436,0.03552,0.00059,0.06861,0.40752
2026-09-13T14:52:42.649,1789285962.649,,1.8906,60.0,1500,6289,0.0,0x80000,0.00297,0.21655,0.21377,0.36881,0.00261,0.00322,0.35666,0.21223,0.03902,0.00000,0.06681,0.40796
2026-09-13T14:52:43.676,1789285963.677,,1.6692,60.0,1500,6289,0.0,0x80000,0.00312,0.21773,0.20552,0.30462,0.00282,0.00222,0.19628,0.20968,0.04673,0.00000,0.06604,0.41449
2026-09-13T14:52:44.704,1789285964.704,,1.4843,59.5,1500,6284,0.0,0x80000,0.00297,0.22007,0.20767,0.32457,0.00262,0.00322,0.19355,0.00361,0.04479,0.00000,0.06679,0.41449
2026-09-13T14:52:45.731,1789285965.732,,1.4880,59.0,1500,6295,0.2,0x80000,0.00297,0.21470,0.20788,0.31038,0.00282,0.00222,0.21868,0.00000,0.04633,0.00000,0.06739,0.41464
2026-09-13T14:52:46.758,1789285966.758,,1.4907,59.5,1500,6289,0.2,0x80000,0.00302,0.29472,0.20660,0.30479,0.00241,0.00242,0.16410,0.00362,0.02902,0.00000,0.06609,0.41390
2026-09-13T14:52:47.785,1789285967.785,,1.4148,60.0,1500,6291,0.2,0x80000,0.00321,0.21617,0.20518,0.30112,0.00282,0.00222,0.16784,0.00724,0.03441,0.00000,0.06736,0.40722
2026-09-13T14:52:48.812,1789285968.813,,1.4543,58.4,1500,6293,0.0,0x80000,0.00311,0.21685,0.20660,0.30462,0.00282,0.00242,0.16401,0.05432,0.02687,0.00000,0.06486,0.40781
2026-09-13T14:52:49.839,1789285969.839,,1.6176,59.5,1500,6289,2.4,0x80000,0.00307,0.21801,0.20573,0.30704,0.00262,0.00222,0.17366,0.19473,0.02950,0.00000,0.06667,0.41435
2026-09-13T14:52:50.865,1789285970.866,,2.1958,59.5,1500,6289,0.5,0x80000,0.00307,0.21646,0.34886,0.30794,0.00282,0.00222,0.21225,0.20638,0.04089,0.00000,0.06601,0.78888
2026-09-13T14:52:51.893,1789285971.893,,1.7988,60.0,1500,6291,0.0,0x80000,0.00302,0.21977,0.20660,0.31207,0.00262,0.00242,0.17415,0.03977,0.03734,0.00000,0.06791,0.73312
2026-09-13T14:52:52.919,1789285972.920,,1.8783,60.0,1500,6294,0.0,0x80000,0.00297,0.21939,0.20566,0.31163,0.00302,0.00242,0.19064,0.10867,0.03478,0.00000,0.06603,0.73312
2026-09-13T14:52:53.949,1789285973.949,,1.6129,59.5,1500,6285,0.2,0x80000,0.00312,0.22329,0.21829,0.30421,0.00282,0.00242,0.17044,0.16663,0.04722,0.00118,0.06552,0.40781
2026-09-13T14:52:54.975,1789285974.976,,1.5877,59.0,1500,6290,0.0,0x80000,0.00306,0.21353,0.34433,0.30180,0.00322,0.00181,0.19027,0.00362,0.03880,0.00000,0.06611,0.42118
2026-09-13T14:52:56.002,1789285976.002,,1.4164,60.0,1500,6289,0.2,0x80000,0.00311,0.21685,0.20733,0.31030,0.00282,0.00242,0.15713,0.00000,0.03995,0.00059,0.06795,0.40796
2026-09-13T14:52:57.028,1789285977.029,,1.5870,59.5,1500,6286,0.0,0x80000,0.00307,0.21685,0.20889,0.31384,0.00241,0.00222,0.16401,0.00363,0.03695,0.00000,0.06667,0.56846
2026-09-13T14:52:58.055,1789285978.055,,1.5417,59.5,1500,6290,0.0,0x80000,0.00297,0.21773,0.20962,0.30852,0.00282,0.00222,0.24234,0.04701,0.03322,0.00000,0.06739,0.40781
2026-09-13T14:52:59.081,1789285979.081,,1.6241,59.5,1500,6293,0.0,0x80000,0.00297,0.21539,0.20673,0.31282,0.00282,0.00222,0.17687,0.19879,0.03012,0.00030,0.06729,0.40781
2026-09-13T14:53:00.107,1789285980.108,,1.6399,59.5,1500,6285,2.2,0x80000,0.00312,0.22085,0.21707,0.31282,0.00282,0.00222,0.16373,0.20942,0.03459,0.00000,0.06549,0.40781
2026-09-13T14:53:01.135,1789285981.135,,1.6397,59.5,1500,6280,0.0,0x80000,0.00312,0.21801,0.22022,0.31105,0.00262,0.00322,0.18049,0.19839,0.02731,0.00000,0.06732,0.40796
2026-09-13T14:53:02.162,1789285982.163,,1.6579,59.5,1500,6289,0.2,0x80000,0.00311,0.27157,0.21871,0.31030,0.00282,0.00222,0.17092,0.17728,0.03569,0.00000,0.06417,0.40112
2026-09-13T14:53:03.190,1789285983.190,,1.6297,59.5,1500,6286,0.0,0x80000,0.00311,0.21723,0.22597,0.31384,0.00403,0.00242,0.16075,0.18429,0.03549,0.00000,0.06797,0.41464
2026-09-13T14:53:04.217,1789285984.218,,1.4182,59.5,1500,6285,0.0,0x80000,0.00297,0.21959,0.20532,0.31038,0.00282,0.00222,0.16704,0.00000,0.03440,0.00000,0.06615,0.40737
2026-09-13T14:53:05.243,1789285985.244,,1.4405,59.5,1500,6289,0.0,0x80000,0.00311,0.22183,0.20370,0.30942,0.00282,0.00222,0.18009,0.00000,0.04419,0.00000,0.06549,0.40766
2026-09-13T14:53:06.270,1789285986.270,,1.4298,59.0,1500,6289,0.5,0x80000,0.00302,0.21695,0.20882,0.31207,0.00282,0.00222,0.16704,0.00721,0.03742,0.00000,0.06427,0.40796
2026-09-13T14:53:07.297,1789285987.298,,1.4725,59.5,1500,6286,0.0,0x80000,0.00297,0.21627,0.20719,0.30852,0.00261,0.00322,0.16456,0.05436,0.03902,0.00000,0.06609,0.40766
2026-09-13T14:53:08.325,1789285988.325,,1.4851,58.4,1500,6285,0.0,0x80000,0.00297,0.22075,0.20484,0.31207,0.00242,0.00222,0.17039,0.05436,0.03771,0.00000,0.06989,0.40752
2026-09-13T14:53:09.351,1789285989.351,,1.4789,58.4,1500,6286,0.0,0x80000,0.00302,0.21695,0.20625,0.30852,0.00241,0.00222,0.17044,0.05427,0.03655,0.00000,0.06989,0.40839
2026-09-13T14:53:10.377,1789285990.378,,1.6619,58.4,1500,6282,2.2,0x80000,0.00311,0.21851,0.22666,0.30594,0.00242,0.00322,0.18009,0.20628,0.03785,0.00000,0.06989,0.40796
2026-09-13T14:53:11.404,1789285991.404,,1.6638,59.0,1500,6282,0.0,0x80000,0.00312,0.21470,0.20767,0.31030,0.00262,0.00242,0.20564,0.20250,0.04000,0.00000,0.06670,0.40810
2026-09-13T14:53:12.431,1789285992.432,,1.5177,59.0,1500,6285,0.0,0x80000,0.00312,0.21421,0.20840,0.31207,0.00262,0.00242,0.26041,0.00000,0.04000,0.00000,0.06679,0.40766
2026-09-13T14:53:13.459,1789285993.459,,1.4476,59.0,1500,6285,0.2,0x80000,0.00302,0.21763,0.20767,0.30878,0.00262,0.00222,0.20576,0.00000,0.02800,0.00000,0.06427,0.40766
2026-09-13T14:53:14.486,1789285994.487,,1.4178,59.5,1500,6285,0.0,0x80000,0.00297,0.21615,0.20660,0.31215,0.00241,0.00322,0.15776,0.00362,0.03762,0.00000,0.06734,0.40796
2026-09-13T14:53:15.513,1789285995.514,,1.6490,59.0,1500,6274,0.0,0x80000,0.00297,0.21743,0.24972,0.29848,0.00241,0.00222,0.16396,0.20266,0.02703,0.00000,0.06775,0.41435
2026-09-13T14:53:16.541,1789285996.541,,1.6428,59.5,1500,6280,0.0,0x80000,0.00302,0.21705,0.20673,0.31030,0.00261,0.00322,0.17429,0.20560,0.03514,0.00000,0.07044,0.41435
2026-09-13T14:53:17.567,1789285997.568,,1.4647,59.0,1500,6289,0.0,0x80000,0.00321,0.21939,0.20625,0.30927,0.00262,0.00322,0.16396,0.05074,0.03455,0.00000,0.06427,0.40722
2026-09-13T14:53:18.594,1789285998.594,,1.6613,59.0,1500,6280,0.5,0x80000,0.00331,0.21588,0.21363,0.36881,0.00262,0.00322,0.28565,0.04701,0.03441,0.00000,0.07210,0.41464
2026-09-13T14:53:19.620,1789285999.620,,1.4239,59.0,1500,6282,0.0,0x80000,0.00302,0.21733,0.20660,0.31282,0.00261,0.00322,0.16803,0.00362,0.03449,0.00000,0.06424,0.40796
2026-09-13T14:53:20.647,1789286000.648,,1.6062,59.0,1500,6277,2.9,0x80000,0.00312,0.21226,0.20896,0.31215,0.00262,0.00322,0.17752,0.18456,0.03459,0.00000,0.06606,0.40112
2026-09-13T14:53:21.675,1789286001.675,,1.6011,58.4,1500,6277,0.0,0x80000,0.00307,0.21685,0.21757,0.30927,0.00282,0.00222,0.16690,0.18456,0.03125,0.00000,0.06549,0.40112
2026-09-13T14:53:22.702,1789286002.703,,1.4434,59.0,1500,6287,0.0,0x80000,0.00311,0.21695,0.21736,0.31105,0.00262,0.00322,0.16419,0.00000,0.05066,0.00030,0.06609,0.40781
2026-09-13T14:53:23.730,1789286003.730,,1.6349,60.0,1500,6284,0.0,0x80000,0.00312,0.21617,0.23473,0.31460,0.00241,0.00322,0.17707,0.18094,0.02378,0.00000,0.07101,0.40781
2026-09-13T14:53:24.756,1789286004.757,,1.6652,59.0,1500,6277,0.0,0x80000,0.00297,0.21627,0.20566,0.30861,0.00282,0.00222,0.19916,0.20942,0.04407,0.00000,0.06603,0.40796
2026-09-13T14:53:25.784,1789286005.784,,1.6401,59.5,1500,6276,0.5,0x80000,0.00297,0.22163,0.20625,0.30927,0.00282,0.00222,0.19043,0.19859,0.03277,0.00000,0.06539,0.40781
2026-09-13T14:53:26.811,1789286006.812,,1.5032,58.4,1500,6280,0.0,0x80000,0.00312,0.21607,0.20625,0.30421,0.00302,0.00242,0.21225,0.04709,0.04324,0.00000,0.06427,0.40127
2026-09-13T14:53:27.837,1789286007.838,,1.7104,58.4,1500,6285,0.2,0x80000,0.00297,0.30293,0.20680,0.31739,0.00402,0.00242,0.16803,0.20149,0.03043,0.00000,0.06611,0.40781
2026-09-13T14:53:28.864,1789286008.864,,1.6337,58.4,1500,6284,0.0,0x80000,0.00311,0.21811,0.20781,0.30421,0.00242,0.00322,0.17054,0.20648,0.03567,0.00475,0.06985,0.40752
2026-09-13T14:53:29.894,1789286009.894,,1.7465,59.5,1500,6276,0.2,0x80000,0.00297,0.21879,0.20584,0.31105,0.00282,0.00222,0.17063,0.00000,0.04000,0.00000,0.06729,0.72494
2026-09-13T14:53:30.920,1789286010.921,,1.9302,59.0,1500,6274,2.2,0x80000,0.00312,0.21695,0.20573,0.31030,0.00302,0.00242,0.17732,0.18094,0.03983,0.00000,0.06587,0.72472
2026-09-13T14:53:31.950,1789286011.951,,1.6307,59.0,1500,6274,0.0,0x80000,0.00312,0.21725,0.21442,0.30387,0.00241,0.00242,0.18990,0.18081,0.03980,0.00030,0.06844,0.40796
2026-09-13T14:53:32.977,1789286012.977,,1.5205,59.0,1500,6278,0.0,0x80000,0.00311,0.27030,0.20612,0.31030,0.00402,0.00242,0.16690,0.05771,0.03455,0.00000,0.06424,0.40084
2026-09-13T14:53:34.003,1789286014.004,,1.4703,59.5,1500,6282,0.0,0x80000,0.00302,0.21421,0.20605,0.31163,0.00282,0.00221,0.16784,0.05409,0.03650,0.00000,0.06424,0.40766
2026-09-13T14:53:35.029,1789286015.030,,1.4433,59.0,1500,6273,0.2,0x80000,0.00312,0.21773,0.20660,0.31148,0.00282,0.00242,0.16120,0.04714,0.02370,0.00000,0.06615,0.40098
2026-09-13T14:53:36.056,1789286016.056,,1.6423,59.0,1500,6280,0.0,0x80000,0.00311,0.21743,0.20612,0.31384,0.00322,0.00322,0.17020,0.23161,0.02793,0.00000,0.06421,0.40141
2026-09-13T14:53:37.082,1789286017.083,,1.7263,58.4,1500,6268,0.2,0x80000,0.00312,0.21685,0.24873,0.31215,0.00322,0.00222,0.20980,0.20586,0.04973,0.00059,0.06597,0.40810
2026-09-13T14:53:38.110,1789286018.110,,1.4717,59.5,1500,6273,0.0,0x80000,0.00312,0.21549,0.20660,0.30638,0.00241,0.00242,0.20897,0.01087,0.03762,0.00000,0.06985,0.40796
2026-09-13T14:53:39.137,1789286019.138,,1.4175,59.0,1500,6278,0.0,0x80000,0.00302,0.21811,0.20660,0.30594,0.00282,0.00222,0.16718,0.00722,0.03561,0.00000,0.06793,0.40084
2026-09-13T14:53:40.164,1789286020.164,,1.4081,58.4,1500,6272,0.2,0x80000,0.00297,0.22075,0.20660,0.30638,0.00282,0.00222,0.15776,0.00000,0.03658,0.00000,0.06424,0.40781
2026-09-13T14:53:41.190,1789286021.191,,1.6363,59.0,1500,6268,2.2,0x80000,0.00312,0.24795,0.20625,0.31112,0.00241,0.00222,0.16723,0.18438,0.03977,0.00000,0.06431,0.40752
2026-09-13T14:53:42.218,1789286022.218,,1.6476,58.4,1500,6274,0.0,0x80000,0.00312,0.21871,0.20573,0.30247,0.00241,0.00242,0.20582,0.20245,0.03953,0.00000,0.06411,0.40084
2026-09-13T14:53:43.244,1789286023.244,,1.4589,59.0,1500,6280,0.0,0x80000,0.00312,0.21949,0.20691,0.30561,0.00241,0.00322,0.17054,0.04714,0.02855,0.00000,0.06424,0.40766
2026-09-13T14:53:44.270,1789286024.271,,1.4575,59.0,1500,6270,0.2,0x80000,0.00312,0.21382,0.21743,0.31638,0.00282,0.00242,0.17772,0.00725,0.04079,0.00000,0.06798,0.40781
2026-09-13T14:53:45.298,1789286025.298,,1.6297,59.0,1500,6277,0.0,0x80000,0.00311,0.21567,0.34200,0.30421,0.00262,0.00201,0.18330,0.06161,0.03448,0.00000,0.06615,0.41449
2026-09-13T14:53:46.325,1789286026.326,,1.6085,59.5,1500,6274,0.0,0x80000,0.00312,0.21617,0.22989,0.35809,0.00241,0.00201,0.28621,0.00000,0.03675,0.00000,0.06608,0.40781
2026-09-13T14:53:47.351,1789286027.352,,1.4385,59.5,1500,6274,0.0,0x80000,0.00312,0.21771,0.20680,0.30594,0.00282,0.00222,0.18408,0.00000,0.04096,0.00000,0.06701,0.40781
